split,n_pairs,cold_start_ratio
validation,142,0.39436619718309857
test,143,0.2937062937062937
