journal_weight,conference_weight,validation_auc
1.0,1.0,0.6163955564372148
1.5,1.0,0.5977732592739535
2.0,1.0,0.6008976393572704
3.0,1.0,0.5979716326125769
5.0,1.0,0.5991866693116445
