_source,doi_missing,keywords_missing
google_scholar,0.9465462074157727,0.0
scopus,0.06847697756788666,0.21605667060212513
