field,missing_count,missing_ratio
DOI,5087,0.8258116883116883
Keywords,183,0.029707792207792207
