model,auc,average_precision,hits_at_10,mean_reciprocal_rank
common neighbors jaccard,0.6367059513912661,0.45787233591103355,0.07692307692307693,0.037831055855069615
adamic adar,0.629700718861558,0.4477310258710654,0.055944055944055944,0.04376427675557873
variational graph autoencoder graphsage,0.6480512494498508,0.47833950393764224,0.09090909090909091,0.04132699138403725
relational graph convolutional network,0.6517678126069735,0.4570946209401437,0.07692307692307693,0.030732859453877066
rotate knowledge graph embedding,0.6770746735781701,0.5044182906964648,0.11188811188811189,0.038101013399413235
complex knowledge graph embedding,0.5769964301432833,0.41718854749658196,0.09090909090909091,0.03830734879771348
