author_a,author_b,predicted_probability,predicted_intensity,is_existing,author_a_name,author_b_name
6MXDzBQAAAAJ,yObeL8gAAAAJ,0.9803839325904846,0.3480076491832733,True,Lilik Anifah,I Gusti Putu Asto Buditjahjanto
LsydBAMAAAAJ,yObeL8gAAAAJ,0.9799061417579651,0.36976149678230286,True,Puput Wanarti Rusimamto,I Gusti Putu Asto Buditjahjanto
j8HRV1wAAAAJ,yObeL8gAAAAJ,0.9798938035964966,0.36035504937171936,True,Bambang Suprianto,I Gusti Putu Asto Buditjahjanto
LsydBAMAAAAJ,z7RWDi0AAAAJ,0.9797297716140747,0.2856833338737488,True,Puput Wanarti Rusimamto,Tri Rijanto
6MXDzBQAAAAJ,Tp_X_bYAAAAJ,0.9797182083129883,0.4296416938304901,True,Lilik Anifah,Farid Baskoro
6MXDzBQAAAAJ,p1pK7E4AAAAJ,0.979651153087616,0.36207956075668335,True,Lilik Anifah,Subuh Isnur Haryudo
6MXDzBQAAAAJ,RES4QIQAAAAJ,0.9795204401016235,0.30969274044036865,True,Lilik Anifah,Arif Widodo
j8HRV1wAAAAJ,p1pK7E4AAAAJ,0.9794886112213135,0.409963995218277,True,Bambang Suprianto,Subuh Isnur Haryudo
6MXDzBQAAAAJ,j8HRV1wAAAAJ,0.9794183969497681,0.4446660876274109,True,Lilik Anifah,Bambang Suprianto
yObeL8gAAAAJ,z7RWDi0AAAAJ,0.9794058203697205,0.3141443431377411,True,I Gusti Putu Asto Buditjahjanto,Tri Rijanto
LsydBAMAAAAJ,p1pK7E4AAAAJ,0.9793491363525391,0.38651907444000244,True,Puput Wanarti Rusimamto,Subuh Isnur Haryudo
6MXDzBQAAAAJ,LsydBAMAAAAJ,0.9792810678482056,0.3912968337535858,True,Lilik Anifah,Puput Wanarti Rusimamto
p1pK7E4AAAAJ,yObeL8gAAAAJ,0.9792585968971252,0.31843361258506775,True,Subuh Isnur Haryudo,I Gusti Putu Asto Buditjahjanto
RES4QIQAAAAJ,j8HRV1wAAAAJ,0.9792208671569824,0.28161242604255676,True,Arif Widodo,Bambang Suprianto
Tp_X_bYAAAAJ,p1pK7E4AAAAJ,0.9792152643203735,0.40509486198425293,True,Farid Baskoro,Subuh Isnur Haryudo
8wFXNjYAAAAJ,CxdwNaYAAAAJ,0.9791880249977112,0.37621158361434937,True,Naim Rochmawati,Wiyli Yustanti
CxdwNaYAAAAJ,N6RJilIAAAAJ,0.9790729284286499,0.3561113178730011,True,Wiyli Yustanti,Anita Qoiriah
Tp_X_bYAAAAJ,j8HRV1wAAAAJ,0.9790021181106567,0.45244336128234863,True,Farid Baskoro,Bambang Suprianto
WdhKN0sAAAAJ,hn5jrnAAAAAJ,0.9789249897003174,0.3930935561656952,True,Aditya Prapanca,Yuni Yamasari
RES4QIQAAAAJ,Tp_X_bYAAAAJ,0.9788813591003418,0.30796369910240173,True,Arif Widodo,Farid Baskoro
LsydBAMAAAAJ,j8HRV1wAAAAJ,0.9788353443145752,0.3807224929332733,True,Puput Wanarti Rusimamto,Bambang Suprianto
hjllQ9gAAAAJ,p1pK7E4AAAAJ,0.9788075685501099,0.3365972638130188,True,Nur Kholis,Subuh Isnur Haryudo
CxdwNaYAAAAJ,hn5jrnAAAAAJ,0.9788041710853577,0.3994044363498688,True,Wiyli Yustanti,Yuni Yamasari
TB0QfMoAAAAJ,p1pK7E4AAAAJ,0.9787053465843201,0.3343329131603241,True,Miftahur Rohman,Subuh Isnur Haryudo
RES4QIQAAAAJ,p1pK7E4AAAAJ,0.978602409362793,0.27694571018218994,True,Arif Widodo,Subuh Isnur Haryudo
6MXDzBQAAAAJ,z7RWDi0AAAAJ,0.9785741567611694,0.2397581785917282,True,Lilik Anifah,Tri Rijanto
Tp_X_bYAAAAJ,yObeL8gAAAAJ,0.9785269498825073,0.3051471412181854,True,Farid Baskoro,I Gusti Putu Asto Buditjahjanto
AYI1rosAAAAJ,RES4QIQAAAAJ,0.9783328175544739,0.2826590836048126,False,Nurhayati,Arif Widodo
S6IJ51cAAAAJ,Tp_X_bYAAAAJ,0.9783087372779846,0.4347570836544037,True,Unit Three Kartini,Farid Baskoro
RES4QIQAAAAJ,yObeL8gAAAAJ,0.9782976508140564,0.27401047945022583,False,Arif Widodo,I Gusti Putu Asto Buditjahjanto
6MXDzBQAAAAJ,AYI1rosAAAAJ,0.9782823920249939,0.30244097113609314,True,Lilik Anifah,Nurhayati
8wFXNjYAAAAJ,N6RJilIAAAAJ,0.9782428741455078,0.34948837757110596,True,Naim Rochmawati,Anita Qoiriah
Tp_X_bYAAAAJ,hjllQ9gAAAAJ,0.9782074093818665,0.379986971616745,True,Farid Baskoro,Nur Kholis
8wFXNjYAAAAJ,hn5jrnAAAAAJ,0.9781514406204224,0.4124898314476013,True,Naim Rochmawati,Yuni Yamasari
S6IJ51cAAAAJ,p1pK7E4AAAAJ,0.978114902973175,0.33409157395362854,True,Unit Three Kartini,Subuh Isnur Haryudo
6MXDzBQAAAAJ,S6IJ51cAAAAJ,0.9780430793762207,0.33362385630607605,True,Lilik Anifah,Unit Three Kartini
hjllQ9gAAAAJ,j8HRV1wAAAAJ,0.9780094623565674,0.34012284874916077,True,Nur Kholis,Bambang Suprianto
TB0QfMoAAAAJ,j8HRV1wAAAAJ,0.9779825210571289,0.32973334193229675,True,Miftahur Rohman,Bambang Suprianto
1hm7MM8AAAAJ,lmlBHlsAAAAJ,0.9779672622680664,0.3903425633907318,True,Reza Rahmadian,Widi Aribowo
S6IJ51cAAAAJ,j8HRV1wAAAAJ,0.9779521822929382,0.36241021752357483,True,Unit Three Kartini,Bambang Suprianto
TB0QfMoAAAAJ,Tp_X_bYAAAAJ,0.9778948426246643,0.3767554759979248,True,Miftahur Rohman,Farid Baskoro
p1pK7E4AAAAJ,z7RWDi0AAAAJ,0.9778838157653809,0.24725085496902466,True,Subuh Isnur Haryudo,Tri Rijanto
6MXDzBQAAAAJ,hjllQ9gAAAAJ,0.977780282497406,0.32144665718078613,True,Lilik Anifah,Nur Kholis
cPj-iOIAAAAJ,hn5jrnAAAAAJ,0.9777315258979797,0.33754289150238037,True,Ricky Eka Putra,Yuni Yamasari
4Yhmpg0AAAAJ,bTjH6IgAAAAJ,0.9776394367218018,0.2841595709323883,True,Hujjatullah Fazlurrahman,Achmad Kautsar
j8HRV1wAAAAJ,z7RWDi0AAAAJ,0.977445125579834,0.24657109379768372,True,Bambang Suprianto,Tri Rijanto
LsydBAMAAAAJ,Tp_X_bYAAAAJ,0.9773836135864258,0.3712567389011383,True,Puput Wanarti Rusimamto,Farid Baskoro
6MXDzBQAAAAJ,TB0QfMoAAAAJ,0.9773057103157043,0.31744080781936646,True,Lilik Anifah,Miftahur Rohman
AYI1rosAAAAJ,yObeL8gAAAAJ,0.9772862792015076,0.26739463210105896,True,Nurhayati,I Gusti Putu Asto Buditjahjanto
CxdwNaYAAAAJ,cPj-iOIAAAAJ,0.9772853255271912,0.34372860193252563,True,Wiyli Yustanti,Ricky Eka Putra
Iq3gzh4AAAAJ,MZCJPuIAAAAJ,0.9771776795387268,0.47546839714050293,True,Andi Mariono,Fajar Arianto
4Yhmpg0AAAAJ,i0pkJZoAAAAJ,0.9771741032600403,0.16577374935150146,True,Hujjatullah Fazlurrahman,Yuni Rosita Dewi
S6IJ51cAAAAJ,nbtuM4IAAAAJ,0.9771469235420227,0.3226065933704376,True,Unit Three Kartini,Parama Diptya Widayaka
bTjH6IgAAAAJ,i0pkJZoAAAAJ,0.9770781993865967,0.20469094812870026,True,Achmad Kautsar,Yuni Rosita Dewi
RES4QIQAAAAJ,hjllQ9gAAAAJ,0.9770342707633972,0.25234973430633545,True,Arif Widodo,Nur Kholis
N6RJilIAAAAJ,cPj-iOIAAAAJ,0.9768726825714111,0.3294627368450165,True,Anita Qoiriah,Ricky Eka Putra
MZCJPuIAAAAJ,ZhJ08JkAAAAJ,0.9768003225326538,0.3853192925453186,True,Fajar Arianto,Bachtiar Syaiful Bachri
S6IJ51cAAAAJ,lmlBHlsAAAAJ,0.9767241477966309,0.3880573809146881,True,Unit Three Kartini,Widi Aribowo
AYI1rosAAAAJ,LsydBAMAAAAJ,0.9766987562179565,0.28114545345306396,True,Nurhayati,Puput Wanarti Rusimamto
4Yhmpg0AAAAJ,dfwr-2YAAAAJ,0.9765989780426025,0.24825167655944824,True,Hujjatullah Fazlurrahman,Muhammad Fajar Wahyudi Rahman
S6IJ51cAAAAJ,hjllQ9gAAAAJ,0.9765743613243103,0.3572007417678833,True,Unit Three Kartini,Nur Kholis
4Yhmpg0AAAAJ,6ifThF0AAAAJ,0.9765042662620544,0.24908673763275146,True,Hujjatullah Fazlurrahman,Ika Diyah Candra Arifah
AYI1rosAAAAJ,Tp_X_bYAAAAJ,0.9763697981834412,0.2937938868999481,True,Nurhayati,Farid Baskoro
TB0QfMoAAAAJ,yObeL8gAAAAJ,0.9762998223304749,0.27361199259757996,True,Miftahur Rohman,I Gusti Putu Asto Buditjahjanto
N6RJilIAAAAJ,hn5jrnAAAAAJ,0.9762917160987854,0.4827338755130768,True,Anita Qoiriah,Yuni Yamasari
4Yhmpg0AAAAJ,W7ncZRgAAAAJ,0.9761850237846375,0.3223192095756531,True,Hujjatullah Fazlurrahman,Hafid Kholidi Hadi
Iq3gzh4AAAAJ,ZhJ08JkAAAAJ,0.9761142730712891,0.4060577154159546,True,Andi Mariono,Bachtiar Syaiful Bachri
6ifThF0AAAAJ,i0pkJZoAAAAJ,0.9760964512825012,0.1963513195514679,True,Ika Diyah Candra Arifah,Yuni Rosita Dewi
AYI1rosAAAAJ,j8HRV1wAAAAJ,0.976083517074585,0.2740422487258911,True,Nurhayati,Bambang Suprianto
6ifThF0AAAAJ,bTjH6IgAAAAJ,0.9760671257972717,0.3360893428325653,True,Ika Diyah Candra Arifah,Achmad Kautsar
W7ncZRgAAAAJ,i0pkJZoAAAAJ,0.9759529232978821,0.19412444531917572,True,Hafid Kholidi Hadi,Yuni Rosita Dewi
W7ncZRgAAAAJ,bTjH6IgAAAAJ,0.975925862789154,0.3296356201171875,True,Hafid Kholidi Hadi,Achmad Kautsar
b81qaDkAAAAJ,bTjH6IgAAAAJ,0.9758507013320923,0.2820757329463959,True,Anita Safitri,Achmad Kautsar
4Yhmpg0AAAAJ,b81qaDkAAAAJ,0.9757365584373474,0.20437663793563843,True,Hujjatullah Fazlurrahman,Anita Safitri
bTjH6IgAAAAJ,dfwr-2YAAAAJ,0.975728452205658,0.21085353195667267,True,Achmad Kautsar,Muhammad Fajar Wahyudi Rahman
DrE0Lf8AAAAJ,bTjH6IgAAAAJ,0.9756665229797363,0.2625883221626282,True,Fresha Kharisma,Achmad Kautsar
LsydBAMAAAAJ,TB0QfMoAAAAJ,0.9755496382713318,0.32616275548934937,False,Puput Wanarti Rusimamto,Miftahur Rohman
4Yhmpg0AAAAJ,DrE0Lf8AAAAJ,0.9755326509475708,0.1991424262523651,True,Hujjatullah Fazlurrahman,Fresha Kharisma
L6O1lvkAAAAJ,p1pK7E4AAAAJ,0.9755200147628784,0.26242294907569885,True,Tri Wrahatnolo,Subuh Isnur Haryudo
4VXQFKYAAAAJ,bTjH6IgAAAAJ,0.9755024313926697,0.25098559260368347,True,Renny Sari Dewi,Achmad Kautsar
RES4QIQAAAAJ,S6IJ51cAAAAJ,0.9753916263580322,0.24746295809745789,False,Arif Widodo,Unit Three Kartini
j8HRV1wAAAAJ,lmlBHlsAAAAJ,0.9753756523132324,0.3619675040245056,True,Bambang Suprianto,Widi Aribowo
LsydBAMAAAAJ,RES4QIQAAAAJ,0.9753525257110596,0.2950823903083801,True,Puput Wanarti Rusimamto,Arif Widodo
DrE0Lf8AAAAJ,i0pkJZoAAAAJ,0.9750142097473145,0.18082360923290253,True,Fresha Kharisma,Yuni Rosita Dewi
W7ncZRgAAAAJ,dfwr-2YAAAAJ,0.9750010967254639,0.27161967754364014,True,Hafid Kholidi Hadi,Muhammad Fajar Wahyudi Rahman
LsydBAMAAAAJ,hjllQ9gAAAAJ,0.9747198820114136,0.3076031804084778,True,Puput Wanarti Rusimamto,Nur Kholis
WdhKN0sAAAAJ,cPj-iOIAAAAJ,0.9746986031532288,0.3478887677192688,True,Aditya Prapanca,Ricky Eka Putra
RES4QIQAAAAJ,z7RWDi0AAAAJ,0.974651038646698,0.19632865488529205,True,Arif Widodo,Tri Rijanto
lmlBHlsAAAAJ,p1pK7E4AAAAJ,0.9746368527412415,0.33385491371154785,True,Widi Aribowo,Subuh Isnur Haryudo
Tp_X_bYAAAAJ,lmlBHlsAAAAJ,0.9745703935623169,0.36285677552223206,True,Farid Baskoro,Widi Aribowo
nbtuM4IAAAAJ,p1pK7E4AAAAJ,0.9745646119117737,0.2722424268722534,True,Parama Diptya Widayaka,Subuh Isnur Haryudo
W7ncZRgAAAAJ,b81qaDkAAAAJ,0.974432647228241,0.22738288342952728,True,Hafid Kholidi Hadi,Anita Safitri
6ifThF0AAAAJ,W7ncZRgAAAAJ,0.9744083285331726,0.2974884510040283,True,Ika Diyah Candra Arifah,Hafid Kholidi Hadi
L6O1lvkAAAAJ,yObeL8gAAAAJ,0.9742271304130554,0.2771070897579193,True,Tri Wrahatnolo,I Gusti Putu Asto Buditjahjanto
hjllQ9gAAAAJ,yObeL8gAAAAJ,0.9742220640182495,0.2394259124994278,True,Nur Kholis,I Gusti Putu Asto Buditjahjanto
6ifThF0AAAAJ,DrE0Lf8AAAAJ,0.9742171764373779,0.2412925362586975,True,Ika Diyah Candra Arifah,Fresha Kharisma
6MXDzBQAAAAJ,nbtuM4IAAAAJ,0.9741611480712891,0.2783679664134979,True,Lilik Anifah,Parama Diptya Widayaka
6ifThF0AAAAJ,dfwr-2YAAAAJ,0.9741451144218445,0.20656105875968933,True,Ika Diyah Candra Arifah,Muhammad Fajar Wahyudi Rahman
RES4QIQAAAAJ,nbtuM4IAAAAJ,0.9740949869155884,0.246857687830925,True,Arif Widodo,Parama Diptya Widayaka
4VXQFKYAAAAJ,6ifThF0AAAAJ,0.9740570783615112,0.24887986481189728,True,Renny Sari Dewi,Ika Diyah Candra Arifah
AaC4eAwAAAAJ,DiBTIz4AAAAJ,0.9740368723869324,0.257995069026947,True,Fadhilah Qalbi Annisa,Riskyana Dewi Intan P
-BuJoD0AAAAJ,bTjH6IgAAAAJ,0.9739790558815002,0.24353675544261932,True,Ratih Amelia,Achmad Kautsar
CxdwNaYAAAAJ,WdhKN0sAAAAJ,0.9739325046539307,0.3115510046482086,True,Wiyli Yustanti,Aditya Prapanca
4VXQFKYAAAAJ,i0pkJZoAAAAJ,0.973907470703125,0.22399045526981354,True,Renny Sari Dewi,Yuni Rosita Dewi
RES4QIQAAAAJ,TB0QfMoAAAAJ,0.9739009141921997,0.28675222396850586,False,Arif Widodo,Miftahur Rohman
-BuJoD0AAAAJ,4Yhmpg0AAAAJ,0.9738377332687378,0.1838357001543045,True,Ratih Amelia,Hujjatullah Fazlurrahman
6ifThF0AAAAJ,b81qaDkAAAAJ,0.9737510085105896,0.19394391775131226,True,Ika Diyah Candra Arifah,Anita Safitri
DrE0Lf8AAAAJ,W7ncZRgAAAAJ,0.9737200736999512,0.26571887731552124,True,Fresha Kharisma,Hafid Kholidi Hadi
Tp_X_bYAAAAJ,nbtuM4IAAAAJ,0.9736397862434387,0.30569756031036377,True,Farid Baskoro,Parama Diptya Widayaka
AYI1rosAAAAJ,p1pK7E4AAAAJ,0.9735597968101501,0.2443302720785141,True,Nurhayati,Subuh Isnur Haryudo
AaC4eAwAAAAJ,tzjThtIAAAAJ,0.9735259413719177,0.25249600410461426,True,Fadhilah Qalbi Annisa,Elly Matul Imah
4VXQFKYAAAAJ,4Yhmpg0AAAAJ,0.9735106825828552,0.16137269139289856,False,Renny Sari Dewi,Hujjatullah Fazlurrahman
6f4j4TYAAAAJ,p1pK7E4AAAAJ,0.9734492897987366,0.3342605233192444,False,Mahendra Widyartono,Subuh Isnur Haryudo
i0pkJZoAAAAJ,n7ykK-IAAAAJ,0.973393976688385,0.14225803315639496,False,Yuni Rosita Dewi,Dhiyan Septa Wihara
DiBTIz4AAAAJ,tzjThtIAAAAJ,0.9732259511947632,0.28920233249664307,True,Riskyana Dewi Intan P,Elly Matul Imah
S6IJ51cAAAAJ,TB0QfMoAAAAJ,0.9731932878494263,0.300409734249115,True,Unit Three Kartini,Miftahur Rohman
DrE0Lf8AAAAJ,dfwr-2YAAAAJ,0.9731438755989075,0.2091469019651413,True,Fresha Kharisma,Muhammad Fajar Wahyudi Rahman
L6O1lvkAAAAJ,LsydBAMAAAAJ,0.9730756878852844,0.2683701813220978,True,Tri Wrahatnolo,Puput Wanarti Rusimamto
dfwr-2YAAAAJ,i0pkJZoAAAAJ,0.9728642702102661,0.13990084826946259,False,Muhammad Fajar Wahyudi Rahman,Yuni Rosita Dewi
AjvtBWIAAAAJ,MZCJPuIAAAAJ,0.9728204011917114,0.3606067895889282,True,Siti Masitoh,Fajar Arianto
L6O1lvkAAAAJ,j8HRV1wAAAAJ,0.9727681875228882,0.26612618565559387,True,Tri Wrahatnolo,Bambang Suprianto
TB0QfMoAAAAJ,hjllQ9gAAAAJ,0.9726917147636414,0.2754632830619812,True,Miftahur Rohman,Nur Kholis
AjvtBWIAAAAJ,ZhJ08JkAAAAJ,0.9726359844207764,0.38334810733795166,True,Siti Masitoh,Bachtiar Syaiful Bachri
L6O1lvkAAAAJ,z7RWDi0AAAAJ,0.9725808501243591,0.2174891084432602,True,Tri Wrahatnolo,Tri Rijanto
AYI1rosAAAAJ,z7RWDi0AAAAJ,0.9721300005912781,0.1867610514163971,True,Nurhayati,Tri Rijanto
4VXQFKYAAAAJ,W7ncZRgAAAAJ,0.9720261693000793,0.19210156798362732,True,Renny Sari Dewi,Hafid Kholidi Hadi
-BuJoD0AAAAJ,W7ncZRgAAAAJ,0.9719371795654297,0.20738066732883453,True,Ratih Amelia,Hafid Kholidi Hadi
ZhJ08JkAAAAJ,p4gdgRgAAAAJ,0.9717439413070679,0.30726391077041626,True,Bachtiar Syaiful Bachri,Rusijono
cY1QGVEAAAAJ,fkxhjZ4AAAAJ,0.9717096090316772,0.1893748939037323,False,Muhammad Sonhaji Akbar,Ronggo Alit
-BuJoD0AAAAJ,i0pkJZoAAAAJ,0.9716962575912476,0.17590849101543427,False,Ratih Amelia,Yuni Rosita Dewi
hjllQ9gAAAAJ,nbtuM4IAAAAJ,0.9716302752494812,0.26141268014907837,True,Nur Kholis,Parama Diptya Widayaka
34CwHgkAAAAJ,FZ00CQ8AAAAJ,0.9715194702148438,0.18377505242824554,True,Riza Akhsani Setyo Prayoga,Rizky Basatha
N6RJilIAAAAJ,WdhKN0sAAAAJ,0.9713213443756104,0.2690466344356537,True,Anita Qoiriah,Aditya Prapanca
6MXDzBQAAAAJ,L6O1lvkAAAAJ,0.971112847328186,0.23238098621368408,True,Lilik Anifah,Tri Wrahatnolo
nWPONc8AAAAJ,nyyfjCgAAAAJ,0.9710693955421448,0.1918281465768814,False,Lusia Rakhmawati,Rifqi Abdillah
hjllQ9gAAAAJ,lmlBHlsAAAAJ,0.9706209301948547,0.3095936179161072,False,Nur Kholis,Widi Aribowo
-BuJoD0AAAAJ,6ifThF0AAAAJ,0.9706118702888489,0.1948741227388382,True,Ratih Amelia,Ika Diyah Candra Arifah
Tp_X_bYAAAAJ,z7RWDi0AAAAJ,0.970604658126831,0.20311789214611053,True,Farid Baskoro,Tri Rijanto
Iq3gzh4AAAAJ,p4gdgRgAAAAJ,0.9705933332443237,0.27134183049201965,True,Andi Mariono,Rusijono
Iq3gzh4AAAAJ,zDgqPOsAAAAJ,0.970425546169281,0.3725684583187103,True,Andi Mariono,Mustaji
MZCJPuIAAAAJ,p4gdgRgAAAAJ,0.9703757166862488,0.2486034631729126,True,Fajar Arianto,Rusijono
6RBIukkAAAAJ,ZhJ08JkAAAAJ,0.9703154563903809,0.24344275891780853,True,Yatim Riyanto,Bachtiar Syaiful Bachri
AYI1rosAAAAJ,TB0QfMoAAAAJ,0.9702697992324829,0.2773088216781616,True,Nurhayati,Miftahur Rohman
6f4j4TYAAAAJ,j8HRV1wAAAAJ,0.9700987935066223,0.3297796845436096,False,Mahendra Widyartono,Bambang Suprianto
4Yhmpg0AAAAJ,itwnm-AAAAAJ,0.970081627368927,0.10473940521478653,True,Hujjatullah Fazlurrahman,Achmad Fitro
AjvtBWIAAAAJ,Iq3gzh4AAAAJ,0.9700665473937988,0.3858403265476227,True,Siti Masitoh,Andi Mariono
4VXQFKYAAAAJ,DrE0Lf8AAAAJ,0.9700585007667542,0.18146978318691254,True,Renny Sari Dewi,Fresha Kharisma
9BWyE0UAAAAJ,Tp_X_bYAAAAJ,0.9699669480323792,0.29680487513542175,True,Endryansyah,Farid Baskoro
-BuJoD0AAAAJ,DrE0Lf8AAAAJ,0.9698561429977417,0.18854138255119324,True,Ratih Amelia,Fresha Kharisma
9BWyE0UAAAAJ,p1pK7E4AAAAJ,0.9696969985961914,0.25670039653778076,True,Endryansyah,Subuh Isnur Haryudo
AYI1rosAAAAJ,hjllQ9gAAAAJ,0.9696270227432251,0.22643397748470306,True,Nurhayati,Nur Kholis
8wFXNjYAAAAJ,cPj-iOIAAAAJ,0.9693715572357178,0.22911407053470612,True,Naim Rochmawati,Ricky Eka Putra
6RBIukkAAAAJ,MZCJPuIAAAAJ,0.9693007469177246,0.22108587622642517,False,Yatim Riyanto,Fajar Arianto
8wFXNjYAAAAJ,WdhKN0sAAAAJ,0.9690102338790894,0.2714594304561615,True,Naim Rochmawati,Aditya Prapanca
9BWyE0UAAAAJ,j8HRV1wAAAAJ,0.968553364276886,0.28340891003608704,True,Endryansyah,Bambang Suprianto
ZhJ08JkAAAAJ,zDgqPOsAAAAJ,0.9685475826263428,0.33301132917404175,True,Bachtiar Syaiful Bachri,Mustaji
6MXDzBQAAAAJ,lmlBHlsAAAAJ,0.9684366583824158,0.27505725622177124,True,Lilik Anifah,Widi Aribowo
j8HRV1wAAAAJ,nbtuM4IAAAAJ,0.9684297442436218,0.29176974296569824,True,Bambang Suprianto,Parama Diptya Widayaka
MZCJPuIAAAAJ,zDgqPOsAAAAJ,0.9683927297592163,0.3040110170841217,True,Fajar Arianto,Mustaji
4d_6xxEAAAAJ,q24bD6AAAAAJ,0.9683920741081238,0.16106131672859192,True,Ghea Sekar Palupi,Martini Dwi Endah Susanti
-BuJoD0AAAAJ,dfwr-2YAAAAJ,0.9683735966682434,0.16762125492095947,True,Ratih Amelia,Muhammad Fajar Wahyudi Rahman
LsydBAMAAAAJ,S6IJ51cAAAAJ,0.9683531522750854,0.2666257321834564,False,Puput Wanarti Rusimamto,Unit Three Kartini
hjllQ9gAAAAJ,z7RWDi0AAAAJ,0.9681956768035889,0.18812644481658936,True,Nur Kholis,Tri Rijanto
6RBIukkAAAAJ,AjvtBWIAAAAJ,0.9678702354431152,0.2561393082141876,True,Yatim Riyanto,Siti Masitoh
4d_6xxEAAAAJ,eEtHoOAAAAAJ,0.9678098559379578,0.1832394152879715,True,Ghea Sekar Palupi,Rahadian Bisma
LsydBAMAAAAJ,YADiqesAAAAJ,0.9677993655204773,0.17444749176502228,False,Puput Wanarti Rusimamto,Ekohariadi
AYI1rosAAAAJ,nbtuM4IAAAAJ,0.9677360653877258,0.23651018738746643,False,Nurhayati,Parama Diptya Widayaka
6ifThF0AAAAJ,n7ykK-IAAAAJ,0.9676757454872131,0.10431232303380966,False,Ika Diyah Candra Arifah,Dhiyan Septa Wihara
AjvtBWIAAAAJ,p4gdgRgAAAAJ,0.9675686359405518,0.30577147006988525,True,Siti Masitoh,Rusijono
XdEn69YAAAAJ,fkxhjZ4AAAAJ,0.9675373435020447,0.15060831606388092,False,Cendra Devayana Putra,Ronggo Alit
W7ncZRgAAAAJ,n7ykK-IAAAAJ,0.9675315618515015,0.10364106297492981,True,Hafid Kholidi Hadi,Dhiyan Septa Wihara
4Yhmpg0AAAAJ,n7ykK-IAAAAJ,0.9675140380859375,0.0779816135764122,True,Hujjatullah Fazlurrahman,Dhiyan Septa Wihara
b81qaDkAAAAJ,dfwr-2YAAAAJ,0.9670494794845581,0.1622447818517685,True,Anita Safitri,Muhammad Fajar Wahyudi Rahman
6MXDzBQAAAAJ,6f4j4TYAAAAJ,0.9669792652130127,0.23926149308681488,False,Lilik Anifah,Mahendra Widyartono
TB0QfMoAAAAJ,z7RWDi0AAAAJ,0.9668863415718079,0.1803816258907318,False,Miftahur Rohman,Tri Rijanto
FZ00CQ8AAAAJ,cY1QGVEAAAAJ,0.9668011665344238,0.2077386975288391,True,Rizky Basatha,Muhammad Sonhaji Akbar
ZBAnb64AAAAJ,eEtHoOAAAAAJ,0.9667169451713562,0.20661121606826782,True,Ardhini Warih Utami,Rahadian Bisma
TB0QfMoAAAAJ,lmlBHlsAAAAJ,0.9666484594345093,0.2724122107028961,True,Miftahur Rohman,Widi Aribowo
1hm7MM8AAAAJ,aW1lSOYAAAAJ,0.9664795994758606,0.23743823170661926,True,Reza Rahmadian,Aditya Chandra Hermawan
YADiqesAAAAJ,z7RWDi0AAAAJ,0.9663496613502502,0.18497952818870544,True,Ekohariadi,Tri Rijanto
TB0QfMoAAAAJ,nbtuM4IAAAAJ,0.9663304090499878,0.27836641669273376,False,Miftahur Rohman,Parama Diptya Widayaka
AYI1rosAAAAJ,S6IJ51cAAAAJ,0.966123640537262,0.2284485548734665,False,Nurhayati,Unit Three Kartini
34CwHgkAAAAJ,fkxhjZ4AAAAJ,0.9661210775375366,0.14045628905296326,False,Riza Akhsani Setyo Prayoga,Ronggo Alit
DrE0Lf8AAAAJ,b81qaDkAAAAJ,0.9661021828651428,0.1825776845216751,True,Fresha Kharisma,Anita Safitri
S6IJ51cAAAAJ,yObeL8gAAAAJ,0.9660940170288086,0.21761523187160492,True,Unit Three Kartini,I Gusti Putu Asto Buditjahjanto
XdEn69YAAAAJ,cY1QGVEAAAAJ,0.9658037424087524,0.12695692479610443,True,Cendra Devayana Putra,Muhammad Sonhaji Akbar
TAAC1-AAAAAJ,Thp8jg0AAAAJ,0.9654333591461182,0.19533933699131012,True,I Gde Agung Sri Sidhimantra,Dodik Arwin Dermawan
-BuJoD0AAAAJ,n7ykK-IAAAAJ,0.9653635621070862,0.11254444718360901,True,Ratih Amelia,Dhiyan Septa Wihara
1hm7MM8AAAAJ,p1pK7E4AAAAJ,0.9653092622756958,0.23876425623893738,True,Reza Rahmadian,Subuh Isnur Haryudo
9BWyE0UAAAAJ,RES4QIQAAAAJ,0.965080738067627,0.2493947148323059,False,Endryansyah,Arif Widodo
bTjH6IgAAAAJ,n7ykK-IAAAAJ,0.9646356701850891,0.09325501322746277,True,Achmad Kautsar,Dhiyan Septa Wihara
1hm7MM8AAAAJ,S6IJ51cAAAAJ,0.9645593762397766,0.2713867723941803,True,Reza Rahmadian,Unit Three Kartini
6ifThF0AAAAJ,Smb2eg8AAAAJ,0.9643062353134155,0.1555749475955963,True,Ika Diyah Candra Arifah,Nanang Hoesen. H. A.
DsVi_OAAAAAJ,n7ykK-IAAAAJ,0.9641543030738831,0.1008380800485611,True,Nadia Nur Thahirrah,Dhiyan Septa Wihara
7EQjv9wAAAAJ,N6RJilIAAAAJ,0.9641444087028503,0.15565694868564606,False,Asmunin,Anita Qoiriah
9BWyE0UAAAAJ,LsydBAMAAAAJ,0.9638774394989014,0.2562348246574402,True,Endryansyah,Puput Wanarti Rusimamto
1hm7MM8AAAAJ,j8HRV1wAAAAJ,0.9638386964797974,0.2501402199268341,True,Reza Rahmadian,Bambang Suprianto
A9L19RMAAAAJ,nyyfjCgAAAAJ,0.9637816548347473,0.12302561849355698,True,Pradini Puspitaningayu,Rifqi Abdillah
-BuJoD0AAAAJ,b81qaDkAAAAJ,0.9637694954872131,0.2025132030248642,True,Ratih Amelia,Anita Safitri
Smb2eg8AAAAJ,b81qaDkAAAAJ,0.963664710521698,0.1497429609298706,True,Nanang Hoesen. H. A.,Anita Safitri
6RBIukkAAAAJ,Iq3gzh4AAAAJ,0.9628094434738159,0.22201211750507355,True,Yatim Riyanto,Andi Mariono
dfwr-2YAAAAJ,n7ykK-IAAAAJ,0.9626576900482178,0.07368020713329315,True,Muhammad Fajar Wahyudi Rahman,Dhiyan Septa Wihara
DrE0Lf8AAAAJ,n7ykK-IAAAAJ,0.96220463514328,0.09852380305528641,True,Fresha Kharisma,Dhiyan Septa Wihara
-_VNTSIAAAAJ,8wFXNjYAAAAJ,0.9621277451515198,0.2141449749469757,True,Agus Prihanto,Naim Rochmawati
FZ00CQ8AAAAJ,fkxhjZ4AAAAJ,0.9618199467658997,0.1462855190038681,False,Rizky Basatha,Ronggo Alit
dfwr-2YAAAAJ,itwnm-AAAAAJ,0.961636483669281,0.10425827652215958,False,Muhammad Fajar Wahyudi Rahman,Achmad Fitro
34CwHgkAAAAJ,cY1QGVEAAAAJ,0.9616201519966125,0.1389390379190445,True,Riza Akhsani Setyo Prayoga,Muhammad Sonhaji Akbar
b81qaDkAAAAJ,i0pkJZoAAAAJ,0.9611399173736572,0.13548849523067474,True,Anita Safitri,Yuni Rosita Dewi
Smb2eg8AAAAJ,bTjH6IgAAAAJ,0.961086630821228,0.16290803253650665,True,Nanang Hoesen. H. A.,Achmad Kautsar
L6O1lvkAAAAJ,Tp_X_bYAAAAJ,0.9609772562980652,0.23995546996593475,False,Tri Wrahatnolo,Farid Baskoro
6f4j4TYAAAAJ,Tp_X_bYAAAAJ,0.9607970714569092,0.3169863224029541,False,Mahendra Widyartono,Farid Baskoro
34CwHgkAAAAJ,XdEn69YAAAAJ,0.9607287645339966,0.09418363124132156,True,Riza Akhsani Setyo Prayoga,Cendra Devayana Putra
4VXQFKYAAAAJ,dfwr-2YAAAAJ,0.960562527179718,0.13540314137935638,False,Renny Sari Dewi,Muhammad Fajar Wahyudi Rahman
6RBIukkAAAAJ,p4gdgRgAAAAJ,0.9603716135025024,0.21084050834178925,False,Yatim Riyanto,Rusijono
OffRzhoAAAAJ,eEtHoOAAAAAJ,0.9603714346885681,0.13917391002178192,True,Dwi Fatrianto Suyatno,Rahadian Bisma
Hl6bqU8AAAAJ,qtFw9UMAAAAJ,0.960282027721405,0.19238805770874023,True,Rindu Puspita Wibawa,Bambang Sujatmiko
TAAC1-AAAAAJ,bTjH6IgAAAAJ,0.9598701000213623,0.1812361627817154,False,I Gde Agung Sri Sidhimantra,Achmad Kautsar
DrE0Lf8AAAAJ,DsVi_OAAAAAJ,0.9597523808479309,0.10807052254676819,True,Fresha Kharisma,Nadia Nur Thahirrah
4VXQFKYAAAAJ,b81qaDkAAAAJ,0.9594971537590027,0.16825512051582336,True,Renny Sari Dewi,Anita Safitri
9BWyE0UAAAAJ,S6IJ51cAAAAJ,0.9593163132667542,0.25291967391967773,True,Endryansyah,Unit Three Kartini
6ifThF0AAAAJ,TAAC1-AAAAAJ,0.9592386484146118,0.1369468867778778,True,Ika Diyah Candra Arifah,I Gde Agung Sri Sidhimantra
1hm7MM8AAAAJ,hjllQ9gAAAAJ,0.959060549736023,0.29138270020484924,True,Reza Rahmadian,Nur Kholis
AX-w0AEAAAAJ,tzjThtIAAAAJ,0.9590527415275574,0.1634085327386856,True,Hasanuddin Al-Habib,Elly Matul Imah
nbtuM4IAAAAJ,yObeL8gAAAAJ,0.9590194225311279,0.20900040864944458,True,Parama Diptya Widayaka,I Gusti Putu Asto Buditjahjanto
W7ncZRgAAAAJ,itwnm-AAAAAJ,0.9584066867828369,0.0978754460811615,True,Hafid Kholidi Hadi,Achmad Fitro
-BuJoD0AAAAJ,4VXQFKYAAAAJ,0.9583959579467773,0.15284980833530426,False,Ratih Amelia,Renny Sari Dewi
4d_6xxEAAAAJ,psg8hdoAAAAJ,0.9581161737442017,0.137716144323349,True,Ghea Sekar Palupi,Bonda Sisephaputra
Em3aIV0AAAAJ,eEtHoOAAAAAJ,0.9580773115158081,0.15825417637825012,True,Ramadhan Cakra Wibawa,Rahadian Bisma
6MXDzBQAAAAJ,9BWyE0UAAAAJ,0.9580672383308411,0.24062958359718323,True,Lilik Anifah,Endryansyah
FZ00CQ8AAAAJ,JsEkeOsAAAAJ,0.957994282245636,0.14916348457336426,True,Rizky Basatha,Ari Kurniawan
4VXQFKYAAAAJ,TAAC1-AAAAAJ,0.9575698971748352,0.13354119658470154,False,Renny Sari Dewi,I Gde Agung Sri Sidhimantra
Thp8jg0AAAAJ,b81qaDkAAAAJ,0.9575502872467041,0.21923457086086273,True,Dodik Arwin Dermawan,Anita Safitri
Smb2eg8AAAAJ,Thp8jg0AAAAJ,0.9575362205505371,0.15493391454219818,True,Nanang Hoesen. H. A.,Dodik Arwin Dermawan
_n2j0ZAAAAAJ,qtFw9UMAAAAJ,0.9573972821235657,0.16463829576969147,True,I Gusti Lanang Putra Eka Prismana,Bambang Sujatmiko
OffRzhoAAAAJ,ZBAnb64AAAAJ,0.9572503566741943,0.12887369096279144,True,Dwi Fatrianto Suyatno,Ardhini Warih Utami
WdhKN0sAAAAJ,lmlBHlsAAAAJ,0.9569950699806213,0.23714835941791534,True,Aditya Prapanca,Widi Aribowo
Hl6bqU8AAAAJ,psg8hdoAAAAJ,0.9566725492477417,0.18337081372737885,True,Rindu Puspita Wibawa,Bonda Sisephaputra
4d_6xxEAAAAJ,Hl6bqU8AAAAJ,0.9566327333450317,0.17704664170742035,True,Ghea Sekar Palupi,Rindu Puspita Wibawa
6ifThF0AAAAJ,DsVi_OAAAAAJ,0.9563835859298706,0.09959685057401657,True,Ika Diyah Candra Arifah,Nadia Nur Thahirrah
A9L19RMAAAAJ,nWPONc8AAAAJ,0.9563829302787781,0.11670517921447754,True,Pradini Puspitaningayu,Lusia Rakhmawati
WdhKN0sAAAAJ,p1pK7E4AAAAJ,0.9562466740608215,0.20066513121128082,True,Aditya Prapanca,Subuh Isnur Haryudo
IJIEntMAAAAJ,WdhKN0sAAAAJ,0.9558804631233215,0.19240927696228027,False,Yeni Anistyasari,Aditya Prapanca
LsydBAMAAAAJ,nbtuM4IAAAAJ,0.955852210521698,0.2465919405221939,True,Puput Wanarti Rusimamto,Parama Diptya Widayaka
AX-w0AEAAAAJ,DiBTIz4AAAAJ,0.9557586908340454,0.1422325223684311,True,Hasanuddin Al-Habib,Riskyana Dewi Intan P
lmlBHlsAAAAJ,yObeL8gAAAAJ,0.9555593729019165,0.23874381184577942,False,Widi Aribowo,I Gusti Putu Asto Buditjahjanto
Hl6bqU8AAAAJ,q24bD6AAAAAJ,0.955466091632843,0.14449740946292877,True,Rindu Puspita Wibawa,Martini Dwi Endah Susanti
2lw6P3IAAAAJ,FZ00CQ8AAAAJ,0.9550954103469849,0.13075459003448486,False,Muhammad Febrilian Dwi Syahputra,Rizky Basatha
2lw6P3IAAAAJ,34CwHgkAAAAJ,0.9550700783729553,0.12276412546634674,False,Muhammad Febrilian Dwi Syahputra,Riza Akhsani Setyo Prayoga
AYI1rosAAAAJ,L6O1lvkAAAAJ,0.9549723267555237,0.1944255828857422,True,Nurhayati,Tri Wrahatnolo
6f4j4TYAAAAJ,LsydBAMAAAAJ,0.9548583030700684,0.2632192373275757,False,Mahendra Widyartono,Puput Wanarti Rusimamto
Thp8jg0AAAAJ,fkxhjZ4AAAAJ,0.9548525810241699,0.23218600451946259,False,Dodik Arwin Dermawan,Ronggo Alit
Hl6bqU8AAAAJ,cPj-iOIAAAAJ,0.954728364944458,0.1600021868944168,False,Rindu Puspita Wibawa,Ricky Eka Putra
9BWyE0UAAAAJ,yObeL8gAAAAJ,0.9546483755111694,0.2135280817747116,False,Endryansyah,I Gusti Putu Asto Buditjahjanto
AjvtBWIAAAAJ,zDgqPOsAAAAJ,0.9543378949165344,0.30910342931747437,False,Siti Masitoh,Mustaji
1hm7MM8AAAAJ,6f4j4TYAAAAJ,0.9542241096496582,0.1993483603000641,True,Reza Rahmadian,Mahendra Widyartono
9BWyE0UAAAAJ,TB0QfMoAAAAJ,0.9539896249771118,0.29004132747650146,True,Endryansyah,Miftahur Rohman
aW1lSOYAAAAJ,lmlBHlsAAAAJ,0.9536758661270142,0.31938818097114563,True,Aditya Chandra Hermawan,Widi Aribowo
6f4j4TYAAAAJ,lmlBHlsAAAAJ,0.9536065459251404,0.29175683856010437,True,Mahendra Widyartono,Widi Aribowo
Smb2eg8AAAAJ,n7ykK-IAAAAJ,0.9535448551177979,0.0913700982928276,False,Nanang Hoesen. H. A.,Dhiyan Septa Wihara
IJIEntMAAAAJ,z7RWDi0AAAAJ,0.9534751772880554,0.1454552859067917,True,Yeni Anistyasari,Tri Rijanto
1hm7MM8AAAAJ,WdhKN0sAAAAJ,0.9534686803817749,0.2693840265274048,True,Reza Rahmadian,Aditya Prapanca
DsVi_OAAAAAJ,i0pkJZoAAAAJ,0.9533504843711853,0.10453790426254272,False,Nadia Nur Thahirrah,Yuni Rosita Dewi
Em3aIV0AAAAJ,Hl6bqU8AAAAJ,0.9533481001853943,0.19308263063430786,True,Ramadhan Cakra Wibawa,Rindu Puspita Wibawa
RvG7jG4AAAAJ,cPj-iOIAAAAJ,0.9533380270004272,0.19744770228862762,True,I Made Suartana,Ricky Eka Putra
6f4j4TYAAAAJ,aW1lSOYAAAAJ,0.9533194899559021,0.2611429989337921,True,Mahendra Widyartono,Aditya Chandra Hermawan
4d_6xxEAAAAJ,Em3aIV0AAAAJ,0.953075110912323,0.15559960901737213,True,Ghea Sekar Palupi,Ramadhan Cakra Wibawa
-tpBKawAAAAJ,2lw6P3IAAAAJ,0.9526934623718262,0.1514291763305664,True,Dimas Novian Aditia Syahputra,Muhammad Febrilian Dwi Syahputra
DsVi_OAAAAAJ,bTjH6IgAAAAJ,0.9524477124214172,0.1086556613445282,True,Nadia Nur Thahirrah,Achmad Kautsar
IJIEntMAAAAJ,YADiqesAAAAJ,0.9522861838340759,0.11550486087799072,True,Yeni Anistyasari,Ekohariadi
34CwHgkAAAAJ,i0pkJZoAAAAJ,0.9517203569412231,0.10895755141973495,False,Riza Akhsani Setyo Prayoga,Yuni Rosita Dewi
4d_6xxEAAAAJ,ZBAnb64AAAAJ,0.9514189958572388,0.13980324566364288,True,Ghea Sekar Palupi,Ardhini Warih Utami
Smb2eg8AAAAJ,i0pkJZoAAAAJ,0.9512411952018738,0.11805079877376556,False,Nanang Hoesen. H. A.,Yuni Rosita Dewi
Hl6bqU8AAAAJ,_n2j0ZAAAAAJ,0.9508613348007202,0.17525532841682434,True,Rindu Puspita Wibawa,I Gusti Lanang Putra Eka Prismana
34CwHgkAAAAJ,JsEkeOsAAAAJ,0.950765073299408,0.10957794636487961,False,Riza Akhsani Setyo Prayoga,Ari Kurniawan
YADiqesAAAAJ,yObeL8gAAAAJ,0.9506838321685791,0.19310811161994934,False,Ekohariadi,I Gusti Putu Asto Buditjahjanto
LsydBAMAAAAJ,lmlBHlsAAAAJ,0.9506487250328064,0.24290667474269867,False,Puput Wanarti Rusimamto,Widi Aribowo
psg8hdoAAAAJ,qtFw9UMAAAAJ,0.9504045844078064,0.14104466140270233,False,Bonda Sisephaputra,Bambang Sujatmiko
34CwHgkAAAAJ,4VXQFKYAAAAJ,0.9503580331802368,0.12078443169593811,False,Riza Akhsani Setyo Prayoga,Renny Sari Dewi
Em3aIV0AAAAJ,cPj-iOIAAAAJ,0.9502848386764526,0.14621642231941223,True,Ramadhan Cakra Wibawa,Ricky Eka Putra
L6O1lvkAAAAJ,RES4QIQAAAAJ,0.9494504928588867,0.21705366671085358,False,Tri Wrahatnolo,Arif Widodo
nbtuM4IAAAAJ,nyyfjCgAAAAJ,0.948790967464447,0.17211470007896423,True,Parama Diptya Widayaka,Rifqi Abdillah
_n2j0ZAAAAAJ,psg8hdoAAAAJ,0.9487224817276001,0.1365317851305008,True,I Gusti Lanang Putra Eka Prismana,Bonda Sisephaputra
1hm7MM8AAAAJ,Tp_X_bYAAAAJ,0.9486458897590637,0.25470513105392456,False,Reza Rahmadian,Farid Baskoro
7EQjv9wAAAAJ,CxdwNaYAAAAJ,0.948611319065094,0.12838158011436462,False,Asmunin,Wiyli Yustanti
34CwHgkAAAAJ,bTjH6IgAAAAJ,0.9483924508094788,0.12443143874406815,True,Riza Akhsani Setyo Prayoga,Achmad Kautsar
b4_EdJYAAAAJ,lFCI_vsAAAAJ,0.9475533366203308,0.08384118974208832,False,Moh. Khoridatul Huda,Atik Wintarti
Thp8jg0AAAAJ,bTjH6IgAAAAJ,0.9474243521690369,0.2264910638332367,True,Dodik Arwin Dermawan,Achmad Kautsar
7EQjv9wAAAAJ,hn5jrnAAAAAJ,0.9473546743392944,0.12132237106561661,False,Asmunin,Yuni Yamasari
bTjH6IgAAAAJ,itwnm-AAAAAJ,0.9470378160476685,0.07951496541500092,False,Achmad Kautsar,Achmad Fitro
6f4j4TYAAAAJ,yObeL8gAAAAJ,0.9468609690666199,0.23920324444770813,True,Mahendra Widyartono,I Gusti Putu Asto Buditjahjanto
IJIEntMAAAAJ,cPj-iOIAAAAJ,0.9464274644851685,0.16168126463890076,True,Yeni Anistyasari,Ricky Eka Putra
FZ00CQ8AAAAJ,Thp8jg0AAAAJ,0.9462689757347107,0.1829954981803894,False,Rizky Basatha,Dodik Arwin Dermawan
AX-w0AEAAAAJ,AaC4eAwAAAAJ,0.9462677836418152,0.11020981520414352,True,Hasanuddin Al-Habib,Fadhilah Qalbi Annisa
IJIEntMAAAAJ,p1pK7E4AAAAJ,0.9459180235862732,0.13271233439445496,True,Yeni Anistyasari,Subuh Isnur Haryudo
p4gdgRgAAAAJ,zDgqPOsAAAAJ,0.9456455707550049,0.25346094369888306,False,Rusijono,Mustaji
6f4j4TYAAAAJ,L6O1lvkAAAAJ,0.9455812573432922,0.23306792974472046,False,Mahendra Widyartono,Tri Wrahatnolo
9BWyE0UAAAAJ,nbtuM4IAAAAJ,0.9454621076583862,0.24790909886360168,False,Endryansyah,Parama Diptya Widayaka
RES4QIQAAAAJ,lmlBHlsAAAAJ,0.9452437162399292,0.2009473741054535,False,Arif Widodo,Widi Aribowo
S6IJ51cAAAAJ,z7RWDi0AAAAJ,0.9444538354873657,0.1535533368587494,True,Unit Three Kartini,Tri Rijanto
7EQjv9wAAAAJ,t5f89iIAAAAJ,0.9435027241706848,0.1260661482810974,True,Asmunin,Andi Iwan Nurhidayat
Em3aIV0AAAAJ,q24bD6AAAAAJ,0.9433531761169434,0.1091446653008461,True,Ramadhan Cakra Wibawa,Martini Dwi Endah Susanti
Iq3gzh4AAAAJ,b81qaDkAAAAJ,0.943252444267273,0.2400606870651245,True,Andi Mariono,Anita Safitri
nbtuM4IAAAAJ,z7RWDi0AAAAJ,0.9430066347122192,0.1475294530391693,False,Parama Diptya Widayaka,Tri Rijanto
_n2j0ZAAAAAJ,q24bD6AAAAAJ,0.9428818821907043,0.12587781250476837,True,I Gusti Lanang Putra Eka Prismana,Martini Dwi Endah Susanti
6ifThF0AAAAJ,itwnm-AAAAAJ,0.9424930214881897,0.07408358156681061,False,Ika Diyah Candra Arifah,Achmad Fitro
6f4j4TYAAAAJ,S6IJ51cAAAAJ,0.9424763917922974,0.2720402181148529,False,Mahendra Widyartono,Unit Three Kartini
34CwHgkAAAAJ,Thp8jg0AAAAJ,0.942313015460968,0.1396576166152954,False,Riza Akhsani Setyo Prayoga,Dodik Arwin Dermawan
Em3aIV0AAAAJ,ZBAnb64AAAAJ,0.9419805407524109,0.1233602911233902,False,Ramadhan Cakra Wibawa,Ardhini Warih Utami
FZ00CQ8AAAAJ,XdEn69YAAAAJ,0.9419582486152649,0.08608748018741608,True,Rizky Basatha,Cendra Devayana Putra
4d_6xxEAAAAJ,_n2j0ZAAAAAJ,0.9419573545455933,0.12552210688591003,True,Ghea Sekar Palupi,I Gusti Lanang Putra Eka Prismana
WdhKN0sAAAAJ,hjllQ9gAAAAJ,0.9418876767158508,0.24646255373954773,True,Aditya Prapanca,Nur Kholis
A9L19RMAAAAJ,nbtuM4IAAAAJ,0.9417628049850464,0.12532207369804382,True,Pradini Puspitaningayu,Parama Diptya Widayaka
BIrtbD8AAAAJ,q-sbahIAAAAJ,0.94143146276474,0.076927050948143,True,Ibnu Febry Kurniawan,Ulfa Siti Nuraini
1xVR-fgAAAAJ,itwnm-AAAAAJ,0.9413844347000122,0.054346952587366104,True,1xVR-fgAAAAJ,Achmad Fitro
Tp_X_bYAAAAJ,WdhKN0sAAAAJ,0.9407566785812378,0.2124152034521103,True,Farid Baskoro,Aditya Prapanca
N6RJilIAAAAJ,t5f89iIAAAAJ,0.9404555559158325,0.12665866315364838,True,Anita Qoiriah,Andi Iwan Nurhidayat
L6O1lvkAAAAJ,TB0QfMoAAAAJ,0.9404017925262451,0.23556186258792877,True,Tri Wrahatnolo,Miftahur Rohman
7EQjv9wAAAAJ,cY1QGVEAAAAJ,0.9403604865074158,0.14916016161441803,False,Asmunin,Muhammad Sonhaji Akbar
7EQjv9wAAAAJ,cPj-iOIAAAAJ,0.9402768015861511,0.11857125908136368,False,Asmunin,Ricky Eka Putra
9BWyE0UAAAAJ,L6O1lvkAAAAJ,0.9400213956832886,0.22741858661174774,False,Endryansyah,Tri Wrahatnolo
9BWyE0UAAAAJ,hjllQ9gAAAAJ,0.9395931959152222,0.19827724993228912,True,Endryansyah,Nur Kholis
2lw6P3IAAAAJ,JsEkeOsAAAAJ,0.9386487603187561,0.14143173396587372,True,Muhammad Febrilian Dwi Syahputra,Ari Kurniawan
MZCJPuIAAAAJ,lFCI_vsAAAAJ,0.9376072287559509,0.11149121075868607,True,Fajar Arianto,Atik Wintarti
RvG7jG4AAAAJ,hn5jrnAAAAAJ,0.936210572719574,0.184047132730484,True,I Made Suartana,Yuni Yamasari
6MXDzBQAAAAJ,YADiqesAAAAJ,0.936025083065033,0.1260869801044464,True,Lilik Anifah,Ekohariadi
7EQjv9wAAAAJ,Hl6bqU8AAAAJ,0.9358782172203064,0.1547529697418213,True,Asmunin,Rindu Puspita Wibawa
DrE0Lf8AAAAJ,itwnm-AAAAAJ,0.935736894607544,0.08262737840414047,False,Fresha Kharisma,Achmad Fitro
-_VNTSIAAAAJ,N6RJilIAAAAJ,0.9353570938110352,0.20579862594604492,True,Agus Prihanto,Anita Qoiriah
Smb2eg8AAAAJ,W7ncZRgAAAAJ,0.935008704662323,0.12802788615226746,True,Nanang Hoesen. H. A.,Hafid Kholidi Hadi
DsVi_OAAAAAJ,W7ncZRgAAAAJ,0.9349966049194336,0.10305603593587875,True,Nadia Nur Thahirrah,Hafid Kholidi Hadi
n7IAKI0AAAAJ,z7RWDi0AAAAJ,0.9346835017204285,0.10002671182155609,False,Joko,Tri Rijanto
6f4j4TYAAAAJ,z7RWDi0AAAAJ,0.9345296025276184,0.19135797023773193,True,Mahendra Widyartono,Tri Rijanto
S6IJ51cAAAAJ,nyyfjCgAAAAJ,0.9345004558563232,0.1805206686258316,False,Unit Three Kartini,Rifqi Abdillah
Hl6bqU8AAAAJ,fkxhjZ4AAAAJ,0.9344820380210876,0.1831173598766327,False,Rindu Puspita Wibawa,Ronggo Alit
cY1QGVEAAAAJ,hrVTt4kAAAAJ,0.9341808557510376,0.07633444666862488,True,Muhammad Sonhaji Akbar,Monica Cinthya
eEtHoOAAAAAJ,psg8hdoAAAAJ,0.9336346387863159,0.09760689735412598,True,Rahadian Bisma,Bonda Sisephaputra
-BuJoD0AAAAJ,JsEkeOsAAAAJ,0.9334893822669983,0.11890409886837006,True,Ratih Amelia,Ari Kurniawan
AaC4eAwAAAAJ,BIrtbD8AAAAJ,0.9332236051559448,0.08543933182954788,True,Fadhilah Qalbi Annisa,Ibnu Febry Kurniawan
A9L19RMAAAAJ,MnI3Tm0AAAAJ,0.9329023957252502,0.08107133954763412,True,Pradini Puspitaningayu,Sayyidul Aulia Alamsyah
34CwHgkAAAAJ,hrVTt4kAAAAJ,0.9324550628662109,0.08070771396160126,True,Riza Akhsani Setyo Prayoga,Monica Cinthya
IJIEntMAAAAJ,LsydBAMAAAAJ,0.932024359703064,0.1421911120414734,True,Yeni Anistyasari,Puput Wanarti Rusimamto
XdEn69YAAAAJ,hrVTt4kAAAAJ,0.9320056438446045,0.054606109857559204,True,Cendra Devayana Putra,Monica Cinthya
6ifThF0AAAAJ,Thp8jg0AAAAJ,0.9318912029266357,0.1558091938495636,True,Ika Diyah Candra Arifah,Dodik Arwin Dermawan
L6O1lvkAAAAJ,YADiqesAAAAJ,0.9307568669319153,0.13497163355350494,True,Tri Wrahatnolo,Ekohariadi
TAAC1-AAAAAJ,wlGfsB0AAAAJ,0.929710328578949,0.10237092524766922,True,I Gde Agung Sri Sidhimantra,Salamun Rohman Nudin
2lw6P3IAAAAJ,i0pkJZoAAAAJ,0.9296878576278687,0.09552432596683502,True,Muhammad Febrilian Dwi Syahputra,Yuni Rosita Dewi
9BWyE0UAAAAJ,z7RWDi0AAAAJ,0.929643452167511,0.14716237783432007,False,Endryansyah,Tri Rijanto
1hm7MM8AAAAJ,z7RWDi0AAAAJ,0.9295485019683838,0.16209378838539124,False,Reza Rahmadian,Tri Rijanto
34CwHgkAAAAJ,n7ykK-IAAAAJ,0.929514467716217,0.07630983740091324,False,Riza Akhsani Setyo Prayoga,Dhiyan Septa Wihara
1hm7MM8AAAAJ,6MXDzBQAAAAJ,0.9292057156562805,0.1962927281856537,False,Reza Rahmadian,Lilik Anifah
6RBIukkAAAAJ,lFCI_vsAAAAJ,0.9291338920593262,0.0788092240691185,True,Yatim Riyanto,Atik Wintarti
-_VNTSIAAAAJ,CxdwNaYAAAAJ,0.9288413524627686,0.16614098846912384,True,Agus Prihanto,Wiyli Yustanti
eEtHoOAAAAAJ,q24bD6AAAAAJ,0.9286773800849915,0.09628824144601822,False,Rahadian Bisma,Martini Dwi Endah Susanti
9BWyE0UAAAAJ,AYI1rosAAAAJ,0.9282737970352173,0.22368013858795166,True,Endryansyah,Nurhayati
b81qaDkAAAAJ,itwnm-AAAAAJ,0.9281631112098694,0.07807868719100952,False,Anita Safitri,Achmad Fitro
Em3aIV0AAAAJ,psg8hdoAAAAJ,0.927335262298584,0.09991345554590225,False,Ramadhan Cakra Wibawa,Bonda Sisephaputra
4d_6xxEAAAAJ,qtFw9UMAAAAJ,0.9272855520248413,0.11859700828790665,False,Ghea Sekar Palupi,Bambang Sujatmiko
4VXQFKYAAAAJ,n7ykK-IAAAAJ,0.9270665645599365,0.11646217107772827,False,Renny Sari Dewi,Dhiyan Septa Wihara
7EQjv9wAAAAJ,Em3aIV0AAAAJ,0.9267537593841553,0.1378832459449768,False,Asmunin,Ramadhan Cakra Wibawa
4Yhmpg0AAAAJ,DsVi_OAAAAAJ,0.9265416860580444,0.07112102955579758,False,Hujjatullah Fazlurrahman,Nadia Nur Thahirrah
TAAC1-AAAAAJ,b81qaDkAAAAJ,0.9261807799339294,0.12919211387634277,False,I Gde Agung Sri Sidhimantra,Anita Safitri
hjllQ9gAAAAJ,nyyfjCgAAAAJ,0.9255608916282654,0.1608368456363678,True,Nur Kholis,Rifqi Abdillah
-tpBKawAAAAJ,34CwHgkAAAAJ,0.9253613352775574,0.09560906141996384,False,Dimas Novian Aditia Syahputra,Riza Akhsani Setyo Prayoga
fkxhjZ4AAAAJ,psg8hdoAAAAJ,0.9248548150062561,0.08224204182624817,True,Ronggo Alit,Bonda Sisephaputra
Thp8jg0AAAAJ,wlGfsB0AAAAJ,0.9246988296508789,0.13064388930797577,True,Dodik Arwin Dermawan,Salamun Rohman Nudin
Em3aIV0AAAAJ,cY1QGVEAAAAJ,0.9244099259376526,0.13618329167366028,False,Ramadhan Cakra Wibawa,Muhammad Sonhaji Akbar
AjvtBWIAAAAJ,lFCI_vsAAAAJ,0.9240912199020386,0.08856683224439621,True,Siti Masitoh,Atik Wintarti
fkxhjZ4AAAAJ,hn5jrnAAAAAJ,0.9239544868469238,0.16129319369792938,False,Ronggo Alit,Yuni Yamasari
S6IJ51cAAAAJ,WdhKN0sAAAAJ,0.923845648765564,0.21199610829353333,True,Unit Three Kartini,Aditya Prapanca
4Yhmpg0AAAAJ,Smb2eg8AAAAJ,0.9221644401550293,0.11603816598653793,True,Hujjatullah Fazlurrahman,Nanang Hoesen. H. A.
WdhKN0sAAAAJ,aW1lSOYAAAAJ,0.9220925569534302,0.1669778972864151,False,Aditya Prapanca,Aditya Chandra Hermawan
YADiqesAAAAJ,p1pK7E4AAAAJ,0.9218665957450867,0.1451539844274521,True,Ekohariadi,Subuh Isnur Haryudo
2lw6P3IAAAAJ,4VXQFKYAAAAJ,0.9216598868370056,0.11091896146535873,True,Muhammad Febrilian Dwi Syahputra,Renny Sari Dewi
-_VNTSIAAAAJ,hn5jrnAAAAAJ,0.9209268689155579,0.17394769191741943,True,Agus Prihanto,Yuni Yamasari
1xVR-fgAAAAJ,4Yhmpg0AAAAJ,0.9207234382629395,0.06873582303524017,True,1xVR-fgAAAAJ,Hujjatullah Fazlurrahman
Em3aIV0AAAAJ,fkxhjZ4AAAAJ,0.9206814765930176,0.12581577897071838,True,Ramadhan Cakra Wibawa,Ronggo Alit
DsVi_OAAAAAJ,Smb2eg8AAAAJ,0.9206215739250183,0.0912967175245285,False,Nadia Nur Thahirrah,Nanang Hoesen. H. A.
-gGGkMcAAAAJ,wwhACXoAAAAJ,0.9201174974441528,0.09123898297548294,True,Faris Abdi El Hakim,M Adamu Islam Mashuri
cPj-iOIAAAAJ,fkxhjZ4AAAAJ,0.920007586479187,0.18663795292377472,True,Ricky Eka Putra,Ronggo Alit
sHANI1gAAAAJ,z7RWDi0AAAAJ,0.9192962050437927,0.11303967982530594,False,Rifqi Firmansyah,Tri Rijanto
1hm7MM8AAAAJ,hn5jrnAAAAAJ,0.9192793369293213,0.17563651502132416,False,Reza Rahmadian,Yuni Yamasari
A9L19RMAAAAJ,hjllQ9gAAAAJ,0.9192229509353638,0.10765980929136276,False,Pradini Puspitaningayu,Nur Kholis
WdhKN0sAAAAJ,j8HRV1wAAAAJ,0.9191296100616455,0.17988842725753784,True,Aditya Prapanca,Bambang Suprianto
nWPONc8AAAAJ,nbtuM4IAAAAJ,0.9189537763595581,0.12250559031963348,False,Lusia Rakhmawati,Parama Diptya Widayaka
IJIEntMAAAAJ,yObeL8gAAAAJ,0.918501615524292,0.134351447224617,False,Yeni Anistyasari,I Gusti Putu Asto Buditjahjanto
34CwHgkAAAAJ,6ifThF0AAAAJ,0.9181677103042603,0.09446151554584503,False,Riza Akhsani Setyo Prayoga,Ika Diyah Candra Arifah
sHANI1gAAAAJ,yObeL8gAAAAJ,0.9178822040557861,0.13761673867702484,False,Rifqi Firmansyah,I Gusti Putu Asto Buditjahjanto
-gGGkMcAAAAJ,2lw6P3IAAAAJ,0.9175734519958496,0.10728766024112701,True,Faris Abdi El Hakim,Muhammad Febrilian Dwi Syahputra
FZ00CQ8AAAAJ,Hl6bqU8AAAAJ,0.9173213243484497,0.13945519924163818,True,Rizky Basatha,Rindu Puspita Wibawa
lmlBHlsAAAAJ,z7RWDi0AAAAJ,0.9172372817993164,0.16712501645088196,False,Widi Aribowo,Tri Rijanto
i0pkJZoAAAAJ,itwnm-AAAAAJ,0.9171668291091919,0.06672994047403336,False,Yuni Rosita Dewi,Achmad Fitro
CxdwNaYAAAAJ,Hl6bqU8AAAAJ,0.9161640405654907,0.13664405047893524,True,Wiyli Yustanti,Rindu Puspita Wibawa
6RBIukkAAAAJ,zDgqPOsAAAAJ,0.9161001443862915,0.18832212686538696,False,Yatim Riyanto,Mustaji
Em3aIV0AAAAJ,_n2j0ZAAAAAJ,0.9160386919975281,0.1028962954878807,False,Ramadhan Cakra Wibawa,I Gusti Lanang Putra Eka Prismana
eEtHoOAAAAAJ,fkxhjZ4AAAAJ,0.9158158898353577,0.10669644176959991,False,Rahadian Bisma,Ronggo Alit
8wFXNjYAAAAJ,nyyfjCgAAAAJ,0.9157015085220337,0.12521910667419434,False,Naim Rochmawati,Rifqi Abdillah
DrE0Lf8AAAAJ,Smb2eg8AAAAJ,0.9156101942062378,0.12816880643367767,True,Fresha Kharisma,Nanang Hoesen. H. A.
6f4j4TYAAAAJ,hjllQ9gAAAAJ,0.9150046706199646,0.24216978251934052,False,Mahendra Widyartono,Nur Kholis
BIrtbD8AAAAJ,tzjThtIAAAAJ,0.9148670434951782,0.08334533125162125,False,Ibnu Febry Kurniawan,Elly Matul Imah
6MXDzBQAAAAJ,sHANI1gAAAAJ,0.9144052267074585,0.14210592210292816,True,Lilik Anifah,Rifqi Firmansyah
Thp8jg0AAAAJ,cY1QGVEAAAAJ,0.9135812520980835,0.1333409547805786,False,Dodik Arwin Dermawan,Muhammad Sonhaji Akbar
Hl6bqU8AAAAJ,hn5jrnAAAAAJ,0.9132730960845947,0.1242145374417305,True,Rindu Puspita Wibawa,Yuni Yamasari
8wFXNjYAAAAJ,nWPONc8AAAAJ,0.9131839275360107,0.144239604473114,True,Naim Rochmawati,Lusia Rakhmawati
4VXQFKYAAAAJ,Smb2eg8AAAAJ,0.9130904674530029,0.14082154631614685,True,Renny Sari Dewi,Nanang Hoesen. H. A.
34CwHgkAAAAJ,TAAC1-AAAAAJ,0.9125410318374634,0.07486528903245926,False,Riza Akhsani Setyo Prayoga,I Gde Agung Sri Sidhimantra
IJIEntMAAAAJ,hn5jrnAAAAAJ,0.9124664664268494,0.11928139626979828,False,Yeni Anistyasari,Yuni Yamasari
FZ00CQ8AAAAJ,hrVTt4kAAAAJ,0.9123095870018005,0.08230775594711304,True,Rizky Basatha,Monica Cinthya
Hl6bqU8AAAAJ,Thp8jg0AAAAJ,0.912287712097168,0.17916497588157654,False,Rindu Puspita Wibawa,Dodik Arwin Dermawan
Smb2eg8AAAAJ,wlGfsB0AAAAJ,0.9122500419616699,0.09568121284246445,False,Nanang Hoesen. H. A.,Salamun Rohman Nudin
psg8hdoAAAAJ,q24bD6AAAAAJ,0.9120872616767883,0.11089117079973221,False,Bonda Sisephaputra,Martini Dwi Endah Susanti
ZBAnb64AAAAJ,psg8hdoAAAAJ,0.9117914438247681,0.08663585036993027,False,Ardhini Warih Utami,Bonda Sisephaputra
-tpBKawAAAAJ,FZ00CQ8AAAAJ,0.9111050367355347,0.0950554832816124,False,Dimas Novian Aditia Syahputra,Rizky Basatha
S6IJ51cAAAAJ,aW1lSOYAAAAJ,0.9110968112945557,0.19047695398330688,False,Unit Three Kartini,Aditya Chandra Hermawan
AaC4eAwAAAAJ,q-sbahIAAAAJ,0.9093543291091919,0.0684075877070427,False,Fadhilah Qalbi Annisa,Ulfa Siti Nuraini
34CwHgkAAAAJ,wlGfsB0AAAAJ,0.9092084169387817,0.0870833620429039,False,Riza Akhsani Setyo Prayoga,Salamun Rohman Nudin
RES4QIQAAAAJ,sHANI1gAAAAJ,0.9091978073120117,0.14830389618873596,False,Arif Widodo,Rifqi Firmansyah
Em3aIV0AAAAJ,qtFw9UMAAAAJ,0.9091472625732422,0.08915382623672485,False,Ramadhan Cakra Wibawa,Bambang Sujatmiko
lmlBHlsAAAAJ,nbtuM4IAAAAJ,0.9083585143089294,0.2512194812297821,False,Widi Aribowo,Parama Diptya Widayaka
MZCJPuIAAAAJ,Thp8jg0AAAAJ,0.9076738953590393,0.19474340975284576,True,Fajar Arianto,Dodik Arwin Dermawan
Hl6bqU8AAAAJ,N6RJilIAAAAJ,0.9070992469787598,0.12423454225063324,False,Rindu Puspita Wibawa,Anita Qoiriah
-tpBKawAAAAJ,TAAC1-AAAAAJ,0.9069989919662476,0.06770621985197067,True,Dimas Novian Aditia Syahputra,I Gde Agung Sri Sidhimantra
4VXQFKYAAAAJ,Thp8jg0AAAAJ,0.9066437482833862,0.15494291484355927,False,Renny Sari Dewi,Dodik Arwin Dermawan
Hl6bqU8AAAAJ,cY1QGVEAAAAJ,0.9062920212745667,0.14974196255207062,True,Rindu Puspita Wibawa,Muhammad Sonhaji Akbar
XdEn69YAAAAJ,wwhACXoAAAAJ,0.906086266040802,0.0316513292491436,False,Cendra Devayana Putra,M Adamu Islam Mashuri
7EQjv9wAAAAJ,eEtHoOAAAAAJ,0.9057580232620239,0.11692063510417938,False,Asmunin,Rahadian Bisma
1hm7MM8AAAAJ,yObeL8gAAAAJ,0.9057082533836365,0.1701190173625946,False,Reza Rahmadian,I Gusti Putu Asto Buditjahjanto
b4_EdJYAAAAJ,jJBtZPgAAAAJ,0.9051209092140198,0.11856065690517426,True,Moh. Khoridatul Huda,Siska Puspitaningsih
LsydBAMAAAAJ,WdhKN0sAAAAJ,0.903927206993103,0.1772995889186859,False,Puput Wanarti Rusimamto,Aditya Prapanca
hn5jrnAAAAAJ,t5f89iIAAAAJ,0.9038951396942139,0.08970619738101959,True,Yuni Yamasari,Andi Iwan Nurhidayat
b81qaDkAAAAJ,zDgqPOsAAAAJ,0.9037522077560425,0.1678050011396408,False,Anita Safitri,Mustaji
CxdwNaYAAAAJ,IJIEntMAAAAJ,0.9027358889579773,0.11964878439903259,False,Wiyli Yustanti,Yeni Anistyasari
Iq3gzh4AAAAJ,Thp8jg0AAAAJ,0.9025997519493103,0.2029695063829422,False,Andi Mariono,Dodik Arwin Dermawan
BIrtbD8AAAAJ,DiBTIz4AAAAJ,0.9021117091178894,0.07888101786375046,False,Ibnu Febry Kurniawan,Riskyana Dewi Intan P
Smb2eg8AAAAJ,TAAC1-AAAAAJ,0.901847243309021,0.0836697444319725,False,Nanang Hoesen. H. A.,I Gde Agung Sri Sidhimantra
ZhJ08JkAAAAJ,lFCI_vsAAAAJ,0.9017043709754944,0.08107715100049973,True,Bachtiar Syaiful Bachri,Atik Wintarti
1xVR-fgAAAAJ,DrE0Lf8AAAAJ,0.9016026258468628,0.06794809550046921,False,1xVR-fgAAAAJ,Fresha Kharisma
hjllQ9gAAAAJ,nWPONc8AAAAJ,0.9015436172485352,0.17453497648239136,True,Nur Kholis,Lusia Rakhmawati
-tpBKawAAAAJ,4VXQFKYAAAAJ,0.9011620283126831,0.11254725605249405,True,Dimas Novian Aditia Syahputra,Renny Sari Dewi
8wFXNjYAAAAJ,lFCI_vsAAAAJ,0.9008636474609375,0.1115773394703865,True,Naim Rochmawati,Atik Wintarti
TAAC1-AAAAAJ,fkxhjZ4AAAAJ,0.9007295966148376,0.11273836344480515,False,I Gde Agung Sri Sidhimantra,Ronggo Alit
cY1QGVEAAAAJ,eEtHoOAAAAAJ,0.9003142714500427,0.11218685656785965,False,Muhammad Sonhaji Akbar,Rahadian Bisma
aW1lSOYAAAAJ,p1pK7E4AAAAJ,0.9000245928764343,0.23413552343845367,False,Aditya Chandra Hermawan,Subuh Isnur Haryudo
Thp8jg0AAAAJ,XdEn69YAAAAJ,0.8997218608856201,0.11402665078639984,False,Dodik Arwin Dermawan,Cendra Devayana Putra
MZCJPuIAAAAJ,b81qaDkAAAAJ,0.8980370163917542,0.19718138873577118,False,Fajar Arianto,Anita Safitri
DsVi_OAAAAAJ,dfwr-2YAAAAJ,0.896875262260437,0.08148428797721863,True,Nadia Nur Thahirrah,Muhammad Fajar Wahyudi Rahman
IJIEntMAAAAJ,qtFw9UMAAAAJ,0.8957066535949707,0.07341427356004715,True,Yeni Anistyasari,Bambang Sujatmiko
-BuJoD0AAAAJ,DsVi_OAAAAAJ,0.8957051038742065,0.09172816574573517,True,Ratih Amelia,Nadia Nur Thahirrah
bTjH6IgAAAAJ,fkxhjZ4AAAAJ,0.8955600261688232,0.13943153619766235,False,Achmad Kautsar,Ronggo Alit
WdhKN0sAAAAJ,fkxhjZ4AAAAJ,0.8945298194885254,0.17751407623291016,True,Aditya Prapanca,Ronggo Alit
cPj-iOIAAAAJ,cY1QGVEAAAAJ,0.8945164680480957,0.1435624063014984,False,Ricky Eka Putra,Muhammad Sonhaji Akbar
q24bD6AAAAAJ,yXy6kW0AAAAJ,0.8938194513320923,0.08301911503076553,True,Martini Dwi Endah Susanti,Harun Al Rosyid
cY1QGVEAAAAJ,t5f89iIAAAAJ,0.8933894634246826,0.07864508777856827,False,Muhammad Sonhaji Akbar,Andi Iwan Nurhidayat
2lw6P3IAAAAJ,6ifThF0AAAAJ,0.8931922316551208,0.08397102355957031,False,Muhammad Febrilian Dwi Syahputra,Ika Diyah Candra Arifah
-tpBKawAAAAJ,wlGfsB0AAAAJ,0.8931413888931274,0.08236344158649445,False,Dimas Novian Aditia Syahputra,Salamun Rohman Nudin
FZ00CQ8AAAAJ,wlGfsB0AAAAJ,0.8927973508834839,0.11838050931692123,False,Rizky Basatha,Salamun Rohman Nudin
6ifThF0AAAAJ,JsEkeOsAAAAJ,0.8918449282646179,0.08495781570672989,True,Ika Diyah Candra Arifah,Ari Kurniawan
Jzuk6doAAAAJ,qtFw9UMAAAAJ,0.8913547396659851,0.07136613130569458,False,Aries Dwi Indriyanti,Bambang Sujatmiko
1hm7MM8AAAAJ,IJIEntMAAAAJ,0.8912802934646606,0.13826654851436615,True,Reza Rahmadian,Yeni Anistyasari
2lw6P3IAAAAJ,cY1QGVEAAAAJ,0.891126275062561,0.06614603102207184,False,Muhammad Febrilian Dwi Syahputra,Muhammad Sonhaji Akbar
Thp8jg0AAAAJ,i0pkJZoAAAAJ,0.8907909989356995,0.13139495253562927,False,Dodik Arwin Dermawan,Yuni Rosita Dewi
7EQjv9wAAAAJ,fkxhjZ4AAAAJ,0.8904921412467957,0.12010090053081512,False,Asmunin,Ronggo Alit
q24bD6AAAAAJ,qtFw9UMAAAAJ,0.8904619812965393,0.08940726518630981,True,Martini Dwi Endah Susanti,Bambang Sujatmiko
FZ00CQ8AAAAJ,t5f89iIAAAAJ,0.8904362916946411,0.07183157652616501,False,Rizky Basatha,Andi Iwan Nurhidayat
cPj-iOIAAAAJ,eEtHoOAAAAAJ,0.8899217247962952,0.10233746469020844,True,Ricky Eka Putra,Rahadian Bisma
L6O1lvkAAAAJ,hjllQ9gAAAAJ,0.889389157295227,0.16647937893867493,False,Tri Wrahatnolo,Nur Kholis
7EQjv9wAAAAJ,8wFXNjYAAAAJ,0.8892925977706909,0.08834446966648102,False,Asmunin,Naim Rochmawati
TB0QfMoAAAAJ,WdhKN0sAAAAJ,0.889275074005127,0.17419198155403137,False,Miftahur Rohman,Aditya Prapanca
TAAC1-AAAAAJ,i0pkJZoAAAAJ,0.8890631794929504,0.09792757779359818,False,I Gde Agung Sri Sidhimantra,Yuni Rosita Dewi
A9L19RMAAAAJ,RES4QIQAAAAJ,0.8884870409965515,0.08732932060956955,True,Pradini Puspitaningayu,Arif Widodo
1xVR-fgAAAAJ,i0pkJZoAAAAJ,0.8882696628570557,0.055369630455970764,False,1xVR-fgAAAAJ,Yuni Rosita Dewi
A9L19RMAAAAJ,S6IJ51cAAAAJ,0.8879504203796387,0.11804638803005219,True,Pradini Puspitaningayu,Unit Three Kartini
cY1QGVEAAAAJ,psg8hdoAAAAJ,0.8876726031303406,0.06798085570335388,False,Muhammad Sonhaji Akbar,Bonda Sisephaputra
6f4j4TYAAAAJ,TB0QfMoAAAAJ,0.8866998553276062,0.2525816559791565,False,Mahendra Widyartono,Miftahur Rohman
IJIEntMAAAAJ,hjllQ9gAAAAJ,0.8859446048736572,0.14074189960956573,False,Yeni Anistyasari,Nur Kholis
RES4QIQAAAAJ,YADiqesAAAAJ,0.8857471346855164,0.10734377056360245,False,Arif Widodo,Ekohariadi
IJIEntMAAAAJ,j8HRV1wAAAAJ,0.8849192261695862,0.11928416043519974,False,Yeni Anistyasari,Bambang Suprianto
OffRzhoAAAAJ,t5f89iIAAAAJ,0.8844981789588928,0.07168851047754288,True,Dwi Fatrianto Suyatno,Andi Iwan Nurhidayat
DrE0Lf8AAAAJ,TAAC1-AAAAAJ,0.884477436542511,0.10804919898509979,False,Fresha Kharisma,I Gde Agung Sri Sidhimantra
4VXQFKYAAAAJ,itwnm-AAAAAJ,0.8840636610984802,0.06315270811319351,False,Renny Sari Dewi,Achmad Fitro
4VXQFKYAAAAJ,DsVi_OAAAAAJ,0.8827972412109375,0.10064291208982468,False,Renny Sari Dewi,Nadia Nur Thahirrah
2lw6P3IAAAAJ,n7ykK-IAAAAJ,0.8826890587806702,0.08534197509288788,False,Muhammad Febrilian Dwi Syahputra,Dhiyan Septa Wihara
Hl6bqU8AAAAJ,eEtHoOAAAAAJ,0.8817810416221619,0.11673423647880554,False,Rindu Puspita Wibawa,Rahadian Bisma
Em3aIV0AAAAJ,Jzuk6doAAAAJ,0.8814428448677063,0.11133581399917603,False,Ramadhan Cakra Wibawa,Aries Dwi Indriyanti
34CwHgkAAAAJ,jPKU5cAAAAAJ,0.8811436891555786,0.06037897244095802,True,Riza Akhsani Setyo Prayoga,Anggraeni Widya Purwita
RES4QIQAAAAJ,nyyfjCgAAAAJ,0.8811091184616089,0.11805814504623413,True,Arif Widodo,Rifqi Abdillah
1xVR-fgAAAAJ,6ifThF0AAAAJ,0.8808819651603699,0.06816995143890381,False,1xVR-fgAAAAJ,Ika Diyah Candra Arifah
MZCJPuIAAAAJ,qtFw9UMAAAAJ,0.8808082342147827,0.09300775080919266,False,Fajar Arianto,Bambang Sujatmiko
-tpBKawAAAAJ,i0pkJZoAAAAJ,0.8807823657989502,0.09252965450286865,False,Dimas Novian Aditia Syahputra,Yuni Rosita Dewi
1hm7MM8AAAAJ,LsydBAMAAAAJ,0.8806440234184265,0.1778075248003006,False,Reza Rahmadian,Puput Wanarti Rusimamto
Hl6bqU8AAAAJ,MZCJPuIAAAAJ,0.8806408047676086,0.14602920413017273,False,Rindu Puspita Wibawa,Fajar Arianto
FZ00CQ8AAAAJ,TAAC1-AAAAAJ,0.8806118369102478,0.0905255451798439,False,Rizky Basatha,I Gde Agung Sri Sidhimantra
nyyfjCgAAAAJ,p1pK7E4AAAAJ,0.88019198179245,0.11765348166227341,False,Rifqi Abdillah,Subuh Isnur Haryudo
b81qaDkAAAAJ,fkxhjZ4AAAAJ,0.8801869750022888,0.14276094734668732,False,Anita Safitri,Ronggo Alit
CxdwNaYAAAAJ,lFCI_vsAAAAJ,0.8800798654556274,0.10377682745456696,False,Wiyli Yustanti,Atik Wintarti
RvG7jG4AAAAJ,WdhKN0sAAAAJ,0.8786759972572327,0.15228967368602753,True,I Made Suartana,Aditya Prapanca
1xVR-fgAAAAJ,4VXQFKYAAAAJ,0.878265380859375,0.06044335290789604,False,1xVR-fgAAAAJ,Renny Sari Dewi
6MXDzBQAAAAJ,IJIEntMAAAAJ,0.8776564598083496,0.10072245448827744,False,Lilik Anifah,Yeni Anistyasari
b81qaDkAAAAJ,n7ykK-IAAAAJ,0.8766151070594788,0.06520873308181763,True,Anita Safitri,Dhiyan Septa Wihara
34CwHgkAAAAJ,wwhACXoAAAAJ,0.8762859106063843,0.060330066829919815,True,Riza Akhsani Setyo Prayoga,M Adamu Islam Mashuri
34CwHgkAAAAJ,Smb2eg8AAAAJ,0.8762291669845581,0.08502936363220215,False,Riza Akhsani Setyo Prayoga,Nanang Hoesen. H. A.
-tpBKawAAAAJ,Thp8jg0AAAAJ,0.8760732412338257,0.09237541258335114,True,Dimas Novian Aditia Syahputra,Dodik Arwin Dermawan
AX-w0AEAAAAJ,b4_EdJYAAAAJ,0.8757997751235962,0.07846678793430328,True,Hasanuddin Al-Habib,Moh. Khoridatul Huda
_n2j0ZAAAAAJ,yXy6kW0AAAAJ,0.8734597563743591,0.0836905762553215,True,I Gusti Lanang Putra Eka Prismana,Harun Al Rosyid
cY1QGVEAAAAJ,hn5jrnAAAAAJ,0.8733945488929749,0.1250753104686737,False,Muhammad Sonhaji Akbar,Yuni Yamasari
4VXQFKYAAAAJ,wlGfsB0AAAAJ,0.8733171820640564,0.09751153737306595,False,Renny Sari Dewi,Salamun Rohman Nudin
j8HRV1wAAAAJ,sHANI1gAAAAJ,0.8732979893684387,0.14349733293056488,False,Bambang Suprianto,Rifqi Firmansyah
MnI3Tm0AAAAJ,nbtuM4IAAAAJ,0.872444212436676,0.11535292118787766,True,Sayyidul Aulia Alamsyah,Parama Diptya Widayaka
YADiqesAAAAJ,j8HRV1wAAAAJ,0.8721684813499451,0.15273094177246094,True,Ekohariadi,Bambang Suprianto
TAAC1-AAAAAJ,XdEn69YAAAAJ,0.8720510005950928,0.06716695427894592,False,I Gde Agung Sri Sidhimantra,Cendra Devayana Putra
CxdwNaYAAAAJ,nWPONc8AAAAJ,0.8719050288200378,0.12836582958698273,True,Wiyli Yustanti,Lusia Rakhmawati
XdEn69YAAAAJ,y_OiarcAAAAJ,0.8718471527099609,0.021316606551408768,False,Cendra Devayana Putra,Yandhika Surya Akbar Gumilang
Tp_X_bYAAAAJ,sHANI1gAAAAJ,0.8717061877250671,0.1358495056629181,False,Farid Baskoro,Rifqi Firmansyah
ZhJ08JkAAAAJ,b81qaDkAAAAJ,0.8716638684272766,0.17757542431354523,True,Bachtiar Syaiful Bachri,Anita Safitri
JsEkeOsAAAAJ,t5f89iIAAAAJ,0.8712753653526306,0.1176258847117424,True,Ari Kurniawan,Andi Iwan Nurhidayat
fkxhjZ4AAAAJ,hrVTt4kAAAAJ,0.8711666464805603,0.045309990644454956,False,Ronggo Alit,Monica Cinthya
n7IAKI0AAAAJ,yObeL8gAAAAJ,0.8705568909645081,0.0969836488366127,False,Joko,I Gusti Putu Asto Buditjahjanto
L6O1lvkAAAAJ,S6IJ51cAAAAJ,0.8704321384429932,0.17628540098667145,True,Tri Wrahatnolo,Unit Three Kartini
AYI1rosAAAAJ,sHANI1gAAAAJ,0.8702704310417175,0.1377568393945694,False,Nurhayati,Rifqi Firmansyah
hrVTt4kAAAAJ,wwhACXoAAAAJ,0.8697371482849121,0.04430201277136803,False,Monica Cinthya,M Adamu Islam Mashuri
9BWyE0UAAAAJ,lmlBHlsAAAAJ,0.8692334890365601,0.2082725316286087,False,Endryansyah,Widi Aribowo
Tp_X_bYAAAAJ,aW1lSOYAAAAJ,0.8691555857658386,0.1732223778963089,False,Farid Baskoro,Aditya Chandra Hermawan
1xVR-fgAAAAJ,W7ncZRgAAAAJ,0.8688969016075134,0.06880603730678558,False,1xVR-fgAAAAJ,Hafid Kholidi Hadi
S6IJ51cAAAAJ,nWPONc8AAAAJ,0.8688046932220459,0.17484043538570404,True,Unit Three Kartini,Lusia Rakhmawati
6f4j4TYAAAAJ,RES4QIQAAAAJ,0.8686164617538452,0.20137982070446014,True,Mahendra Widyartono,Arif Widodo
1xVR-fgAAAAJ,bTjH6IgAAAAJ,0.8683159947395325,0.06937963515520096,True,1xVR-fgAAAAJ,Achmad Kautsar
RvG7jG4AAAAJ,eEtHoOAAAAAJ,0.8675820827484131,0.07922796905040741,True,I Made Suartana,Rahadian Bisma
AYI1rosAAAAJ,lmlBHlsAAAAJ,0.866284966468811,0.17931722104549408,False,Nurhayati,Widi Aribowo
i0pkJZoAAAAJ,wlGfsB0AAAAJ,0.8651292324066162,0.09961853176355362,False,Yuni Rosita Dewi,Salamun Rohman Nudin
34CwHgkAAAAJ,y_OiarcAAAAJ,0.8642939329147339,0.023431945592164993,False,Riza Akhsani Setyo Prayoga,Yandhika Surya Akbar Gumilang
Iq3gzh4AAAAJ,lFCI_vsAAAAJ,0.8641162514686584,0.08311843127012253,False,Andi Mariono,Atik Wintarti
A9L19RMAAAAJ,AYI1rosAAAAJ,0.8630698919296265,0.09052630513906479,True,Pradini Puspitaningayu,Nurhayati
2lw6P3IAAAAJ,bTjH6IgAAAAJ,0.8630484342575073,0.0773932933807373,False,Muhammad Febrilian Dwi Syahputra,Achmad Kautsar
2lw6P3IAAAAJ,wlGfsB0AAAAJ,0.8618948459625244,0.08050322532653809,False,Muhammad Febrilian Dwi Syahputra,Salamun Rohman Nudin
FZ00CQ8AAAAJ,psg8hdoAAAAJ,0.8612880706787109,0.06651972234249115,False,Rizky Basatha,Bonda Sisephaputra
N6RJilIAAAAJ,RvG7jG4AAAAJ,0.8598529100418091,0.16228237748146057,True,Anita Qoiriah,I Made Suartana
-BuJoD0AAAAJ,fkxhjZ4AAAAJ,0.8595088720321655,0.12368867546319962,True,Ratih Amelia,Ronggo Alit
nWPONc8AAAAJ,p1pK7E4AAAAJ,0.8591888546943665,0.11675719171762466,True,Lusia Rakhmawati,Subuh Isnur Haryudo
Em3aIV0AAAAJ,RvG7jG4AAAAJ,0.8590163588523865,0.09520173072814941,True,Ramadhan Cakra Wibawa,I Made Suartana
-gGGkMcAAAAJ,FZ00CQ8AAAAJ,0.8586015105247498,0.10569018125534058,True,Faris Abdi El Hakim,Rizky Basatha
7EQjv9wAAAAJ,FZ00CQ8AAAAJ,0.85740065574646,0.10572964698076248,False,Asmunin,Rizky Basatha
q-sbahIAAAAJ,tzjThtIAAAAJ,0.8573029041290283,0.05219744145870209,False,Ulfa Siti Nuraini,Elly Matul Imah
6ifThF0AAAAJ,wlGfsB0AAAAJ,0.8570863008499146,0.09243253618478775,True,Ika Diyah Candra Arifah,Salamun Rohman Nudin
4Yhmpg0AAAAJ,JsEkeOsAAAAJ,0.8568972945213318,0.07221397012472153,False,Hujjatullah Fazlurrahman,Ari Kurniawan
Tp_X_bYAAAAJ,nyyfjCgAAAAJ,0.8566762208938599,0.14936096966266632,False,Farid Baskoro,Rifqi Abdillah
fkxhjZ4AAAAJ,i0pkJZoAAAAJ,0.8547073006629944,0.08612820506095886,False,Ronggo Alit,Yuni Rosita Dewi
1xVR-fgAAAAJ,DsVi_OAAAAAJ,0.854566216468811,0.04408833384513855,False,1xVR-fgAAAAJ,Nadia Nur Thahirrah
lFCI_vsAAAAJ,p4gdgRgAAAAJ,0.8539710640907288,0.07149580866098404,False,Atik Wintarti,Rusijono
LsydBAMAAAAJ,n7IAKI0AAAAJ,0.8536738157272339,0.08842300623655319,False,Puput Wanarti Rusimamto,Joko
VwvPnrcAAAAJ,_n2j0ZAAAAAJ,0.8528541922569275,0.07067625969648361,False,Nisa Dwi Septiyanti,I Gusti Lanang Putra Eka Prismana
4VXQFKYAAAAJ,JsEkeOsAAAAJ,0.8526148200035095,0.10691704601049423,False,Renny Sari Dewi,Ari Kurniawan
6ifThF0AAAAJ,FZ00CQ8AAAAJ,0.8520696759223938,0.09382857382297516,False,Ika Diyah Candra Arifah,Rizky Basatha
MnI3Tm0AAAAJ,nyyfjCgAAAAJ,0.8512371778488159,0.07730312645435333,True,Sayyidul Aulia Alamsyah,Rifqi Abdillah
Hl6bqU8AAAAJ,yXy6kW0AAAAJ,0.8503897786140442,0.07916717231273651,True,Rindu Puspita Wibawa,Harun Al Rosyid
4Yhmpg0AAAAJ,TAAC1-AAAAAJ,0.8495694398880005,0.09133962541818619,False,Hujjatullah Fazlurrahman,I Gde Agung Sri Sidhimantra
XdEn69YAAAAJ,wlGfsB0AAAAJ,0.8482559323310852,0.04815903306007385,False,Cendra Devayana Putra,Salamun Rohman Nudin
Jzuk6doAAAAJ,psg8hdoAAAAJ,0.847858190536499,0.06866924464702606,False,Aries Dwi Indriyanti,Bonda Sisephaputra
2lw6P3IAAAAJ,XdEn69YAAAAJ,0.8478415608406067,0.037130896002054214,False,Muhammad Febrilian Dwi Syahputra,Cendra Devayana Putra
-tpBKawAAAAJ,XdEn69YAAAAJ,0.8477487564086914,0.038672998547554016,False,Dimas Novian Aditia Syahputra,Cendra Devayana Putra
2lw6P3IAAAAJ,hrVTt4kAAAAJ,0.8476581573486328,0.052140913903713226,False,Muhammad Febrilian Dwi Syahputra,Monica Cinthya
VwvPnrcAAAAJ,psg8hdoAAAAJ,0.8474677801132202,0.04311560466885567,False,Nisa Dwi Septiyanti,Bonda Sisephaputra
CxdwNaYAAAAJ,RvG7jG4AAAAJ,0.8467068672180176,0.1380041241645813,False,Wiyli Yustanti,I Made Suartana
4d_6xxEAAAAJ,cY1QGVEAAAAJ,0.8464095592498779,0.09782227873802185,False,Ghea Sekar Palupi,Muhammad Sonhaji Akbar
-BuJoD0AAAAJ,34CwHgkAAAAJ,0.8459551334381104,0.10195770114660263,False,Ratih Amelia,Riza Akhsani Setyo Prayoga
6MXDzBQAAAAJ,WdhKN0sAAAAJ,0.845745861530304,0.15766040980815887,True,Lilik Anifah,Aditya Prapanca
2lw6P3IAAAAJ,wwhACXoAAAAJ,0.8454369306564331,0.07193204015493393,False,Muhammad Febrilian Dwi Syahputra,M Adamu Islam Mashuri
Hl6bqU8AAAAJ,WdhKN0sAAAAJ,0.8451410531997681,0.11140968650579453,False,Rindu Puspita Wibawa,Aditya Prapanca
6f4j4TYAAAAJ,9BWyE0UAAAAJ,0.8450755476951599,0.2270338535308838,False,Mahendra Widyartono,Endryansyah
9BWyE0UAAAAJ,sHANI1gAAAAJ,0.844919741153717,0.17144857347011566,True,Endryansyah,Rifqi Firmansyah
FZ00CQ8AAAAJ,bTjH6IgAAAAJ,0.8440357446670532,0.11680260300636292,False,Rizky Basatha,Achmad Kautsar
-tpBKawAAAAJ,wwhACXoAAAAJ,0.8439198732376099,0.0639236569404602,False,Dimas Novian Aditia Syahputra,M Adamu Islam Mashuri
LsydBAMAAAAJ,sHANI1gAAAAJ,0.8436755537986755,0.13454514741897583,False,Puput Wanarti Rusimamto,Rifqi Firmansyah
DiBTIz4AAAAJ,q-sbahIAAAAJ,0.8433418869972229,0.057152021676301956,False,Riskyana Dewi Intan P,Ulfa Siti Nuraini
fkxhjZ4AAAAJ,jPKU5cAAAAAJ,0.8430590629577637,0.03609760105609894,False,Ronggo Alit,Anggraeni Widya Purwita
Smb2eg8AAAAJ,dfwr-2YAAAAJ,0.8428792357444763,0.09778178483247757,True,Nanang Hoesen. H. A.,Muhammad Fajar Wahyudi Rahman
Hl6bqU8AAAAJ,lFCI_vsAAAAJ,0.8413808941841125,0.092612624168396,False,Rindu Puspita Wibawa,Atik Wintarti
2lw6P3IAAAAJ,fkxhjZ4AAAAJ,0.841148316860199,0.04968605563044548,False,Muhammad Febrilian Dwi Syahputra,Ronggo Alit
p1pK7E4AAAAJ,sHANI1gAAAAJ,0.8408361673355103,0.13698457181453705,False,Subuh Isnur Haryudo,Rifqi Firmansyah
CxdwNaYAAAAJ,nyyfjCgAAAAJ,0.8407833576202393,0.10222946107387543,False,Wiyli Yustanti,Rifqi Abdillah
Hl6bqU8AAAAJ,IJIEntMAAAAJ,0.8406347036361694,0.09639763832092285,True,Rindu Puspita Wibawa,Yeni Anistyasari
4d_6xxEAAAAJ,OffRzhoAAAAJ,0.8405215740203857,0.07211942225694656,False,Ghea Sekar Palupi,Dwi Fatrianto Suyatno
ZhJ08JkAAAAJ,qtFw9UMAAAAJ,0.8393892049789429,0.08831460028886795,True,Bachtiar Syaiful Bachri,Bambang Sujatmiko
cY1QGVEAAAAJ,y_OiarcAAAAJ,0.8387079238891602,0.027554644271731377,False,Muhammad Sonhaji Akbar,Yandhika Surya Akbar Gumilang
JsEkeOsAAAAJ,cY1QGVEAAAAJ,0.8369215130805969,0.10526390373706818,False,Ari Kurniawan,Muhammad Sonhaji Akbar
VwvPnrcAAAAJ,cY1QGVEAAAAJ,0.8358888626098633,0.05081038177013397,False,Nisa Dwi Septiyanti,Muhammad Sonhaji Akbar
n7IAKI0AAAAJ,p1pK7E4AAAAJ,0.8346368074417114,0.09486023336648941,False,Joko,Subuh Isnur Haryudo
cY1QGVEAAAAJ,wwhACXoAAAAJ,0.8336091637611389,0.05008561164140701,False,Muhammad Sonhaji Akbar,M Adamu Islam Mashuri
TB0QfMoAAAAJ,sHANI1gAAAAJ,0.8329851031303406,0.15175259113311768,True,Miftahur Rohman,Rifqi Firmansyah
Tp_X_bYAAAAJ,nWPONc8AAAAJ,0.832256019115448,0.16205523908138275,True,Farid Baskoro,Lusia Rakhmawati
-tpBKawAAAAJ,6ifThF0AAAAJ,0.8322184681892395,0.07990382611751556,False,Dimas Novian Aditia Syahputra,Ika Diyah Candra Arifah
bTjH6IgAAAAJ,wlGfsB0AAAAJ,0.8318256139755249,0.09990039467811584,False,Achmad Kautsar,Salamun Rohman Nudin
2lw6P3IAAAAJ,Thp8jg0AAAAJ,0.8317758440971375,0.07572466880083084,True,Muhammad Febrilian Dwi Syahputra,Dodik Arwin Dermawan
Em3aIV0AAAAJ,FZ00CQ8AAAAJ,0.8311150670051575,0.08106547594070435,False,Ramadhan Cakra Wibawa,Rizky Basatha
WdhKN0sAAAAJ,yObeL8gAAAAJ,0.8305130004882812,0.14371605217456818,True,Aditya Prapanca,I Gusti Putu Asto Buditjahjanto
6RBIukkAAAAJ,qtFw9UMAAAAJ,0.8298445343971252,0.08418850600719452,True,Yatim Riyanto,Bambang Sujatmiko
S6IJ51cAAAAJ,sHANI1gAAAAJ,0.8297021985054016,0.11958770453929901,True,Unit Three Kartini,Rifqi Firmansyah
4VXQFKYAAAAJ,FZ00CQ8AAAAJ,0.8295657634735107,0.09806763380765915,False,Renny Sari Dewi,Rizky Basatha
fkxhjZ4AAAAJ,hjllQ9gAAAAJ,0.8294711709022522,0.07826836407184601,False,Ronggo Alit,Nur Kholis
1xVR-fgAAAAJ,dfwr-2YAAAAJ,0.8288647532463074,0.06182452291250229,False,1xVR-fgAAAAJ,Muhammad Fajar Wahyudi Rahman
jPKU5cAAAAAJ,psg8hdoAAAAJ,0.828446626663208,0.03601936623454094,True,Anggraeni Widya Purwita,Bonda Sisephaputra
L6O1lvkAAAAJ,n7IAKI0AAAAJ,0.8280061483383179,0.10685346275568008,False,Tri Wrahatnolo,Joko
_n2j0ZAAAAAJ,eEtHoOAAAAAJ,0.8278685212135315,0.08086485415697098,False,I Gusti Lanang Putra Eka Prismana,Rahadian Bisma
AYI1rosAAAAJ,YADiqesAAAAJ,0.8268057107925415,0.0967673659324646,False,Nurhayati,Ekohariadi
-gGGkMcAAAAJ,t5f89iIAAAAJ,0.8264185190200806,0.09866265207529068,True,Faris Abdi El Hakim,Andi Iwan Nurhidayat
fkxhjZ4AAAAJ,wlGfsB0AAAAJ,0.8257184028625488,0.0745827704668045,False,Ronggo Alit,Salamun Rohman Nudin
6MXDzBQAAAAJ,n7IAKI0AAAAJ,0.8255766034126282,0.08407046645879745,False,Lilik Anifah,Joko
FZ00CQ8AAAAJ,wwhACXoAAAAJ,0.8252894878387451,0.06267926841974258,False,Rizky Basatha,M Adamu Islam Mashuri
RES4QIQAAAAJ,nWPONc8AAAAJ,0.8251349925994873,0.12064137309789658,True,Arif Widodo,Lusia Rakhmawati
TAAC1-AAAAAJ,W7ncZRgAAAAJ,0.8245707154273987,0.11333268880844116,False,I Gde Agung Sri Sidhimantra,Hafid Kholidi Hadi
JsEkeOsAAAAJ,fkxhjZ4AAAAJ,0.8242753148078918,0.09347414970397949,True,Ari Kurniawan,Ronggo Alit
1hm7MM8AAAAJ,nbtuM4IAAAAJ,0.8238919973373413,0.169527068734169,False,Reza Rahmadian,Parama Diptya Widayaka
7EQjv9wAAAAJ,psg8hdoAAAAJ,0.8238484859466553,0.06337623298168182,False,Asmunin,Bonda Sisephaputra
_n2j0ZAAAAAJ,cY1QGVEAAAAJ,0.8237882852554321,0.07453170418739319,False,I Gusti Lanang Putra Eka Prismana,Muhammad Sonhaji Akbar
Em3aIV0AAAAJ,N6RJilIAAAAJ,0.8237586617469788,0.11221835762262344,False,Ramadhan Cakra Wibawa,Anita Qoiriah
CxdwNaYAAAAJ,cY1QGVEAAAAJ,0.8235011100769043,0.11832689493894577,True,Wiyli Yustanti,Muhammad Sonhaji Akbar
RES4QIQAAAAJ,n7IAKI0AAAAJ,0.8229395747184753,0.07507272064685822,False,Arif Widodo,Joko
AYI1rosAAAAJ,nWPONc8AAAAJ,0.8216652274131775,0.12111399322748184,True,Nurhayati,Lusia Rakhmawati
AYI1rosAAAAJ,nyyfjCgAAAAJ,0.8215010166168213,0.10397498309612274,False,Nurhayati,Rifqi Abdillah
34CwHgkAAAAJ,C_EGqeMAAAAJ,0.8212168216705322,0.021443530917167664,False,Riza Akhsani Setyo Prayoga,Namira Roudlotul Jannah
nbtuM4IAAAAJ,sHANI1gAAAAJ,0.820647656917572,0.13163647055625916,True,Parama Diptya Widayaka,Rifqi Firmansyah
1hm7MM8AAAAJ,TB0QfMoAAAAJ,0.820000946521759,0.16712608933448792,False,Reza Rahmadian,Miftahur Rohman
7EQjv9wAAAAJ,RvG7jG4AAAAJ,0.8190645575523376,0.07905968278646469,False,Asmunin,I Made Suartana
FZ00CQ8AAAAJ,VwvPnrcAAAAJ,0.8190532922744751,0.07159066200256348,False,Rizky Basatha,Nisa Dwi Septiyanti
CxdwNaYAAAAJ,fkxhjZ4AAAAJ,0.8190184235572815,0.14412856101989746,False,Wiyli Yustanti,Ronggo Alit
4VXQFKYAAAAJ,fkxhjZ4AAAAJ,0.8188037276268005,0.08749747276306152,False,Renny Sari Dewi,Ronggo Alit
L6O1lvkAAAAJ,lmlBHlsAAAAJ,0.8184524178504944,0.16812527179718018,True,Tri Wrahatnolo,Widi Aribowo
MnI3Tm0AAAAJ,S6IJ51cAAAAJ,0.8181402683258057,0.1105402410030365,True,Sayyidul Aulia Alamsyah,Unit Three Kartini
fkxhjZ4AAAAJ,qtFw9UMAAAAJ,0.8174232244491577,0.05994858592748642,False,Ronggo Alit,Bambang Sujatmiko
TAAC1-AAAAAJ,wwhACXoAAAAJ,0.8173478245735168,0.0392683781683445,False,I Gde Agung Sri Sidhimantra,M Adamu Islam Mashuri
7EQjv9wAAAAJ,XdEn69YAAAAJ,0.8152919411659241,0.06555143743753433,False,Asmunin,Cendra Devayana Putra
-tpBKawAAAAJ,bTjH6IgAAAAJ,0.8150375485420227,0.07619267702102661,False,Dimas Novian Aditia Syahputra,Achmad Kautsar
4d_6xxEAAAAJ,cPj-iOIAAAAJ,0.8146094679832458,0.07408744841814041,False,Ghea Sekar Palupi,Ricky Eka Putra
AYI1rosAAAAJ,n7IAKI0AAAAJ,0.8143081068992615,0.0789133608341217,False,Nurhayati,Joko
7EQjv9wAAAAJ,jJBtZPgAAAAJ,0.8131182789802551,0.058315981179475784,True,Asmunin,Siska Puspitaningsih
34CwHgkAAAAJ,t5f89iIAAAAJ,0.8126091361045837,0.06236810237169266,False,Riza Akhsani Setyo Prayoga,Andi Iwan Nurhidayat
7EQjv9wAAAAJ,ZBAnb64AAAAJ,0.8121950030326843,0.08891762048006058,False,Asmunin,Ardhini Warih Utami
Jzuk6doAAAAJ,cY1QGVEAAAAJ,0.8114068508148193,0.07452422380447388,False,Aries Dwi Indriyanti,Muhammad Sonhaji Akbar
6ifThF0AAAAJ,EBgY5K0AAAAJ,0.8108873963356018,0.05363166332244873,False,Ika Diyah Candra Arifah,Moch. Badrus Oleh
WdhKN0sAAAAJ,nWPONc8AAAAJ,0.8106985688209534,0.18763048946857452,False,Aditya Prapanca,Lusia Rakhmawati
wlGfsB0AAAAJ,wwhACXoAAAAJ,0.8102946877479553,0.04437890276312828,False,Salamun Rohman Nudin,M Adamu Islam Mashuri
-tpBKawAAAAJ,cY1QGVEAAAAJ,0.8098077178001404,0.04802669957280159,False,Dimas Novian Aditia Syahputra,Muhammad Sonhaji Akbar
cPj-iOIAAAAJ,t5f89iIAAAAJ,0.8093734383583069,0.059101518243551254,False,Ricky Eka Putra,Andi Iwan Nurhidayat
FZ00CQ8AAAAJ,i0pkJZoAAAAJ,0.8081843852996826,0.09701992571353912,False,Rizky Basatha,Yuni Rosita Dewi
Iq3gzh4AAAAJ,qtFw9UMAAAAJ,0.8077341318130493,0.09281861037015915,False,Andi Mariono,Bambang Sujatmiko
Thp8jg0AAAAJ,VwvPnrcAAAAJ,0.8074464201927185,0.05806766450405121,False,Dodik Arwin Dermawan,Nisa Dwi Septiyanti
CxdwNaYAAAAJ,Em3aIV0AAAAJ,0.8073127865791321,0.10878598690032959,False,Wiyli Yustanti,Ramadhan Cakra Wibawa
2lw6P3IAAAAJ,TAAC1-AAAAAJ,0.8070252537727356,0.05849415063858032,True,Muhammad Febrilian Dwi Syahputra,I Gde Agung Sri Sidhimantra
-BuJoD0AAAAJ,Smb2eg8AAAAJ,0.806425154209137,0.1350284367799759,False,Ratih Amelia,Nanang Hoesen. H. A.
4d_6xxEAAAAJ,fkxhjZ4AAAAJ,0.805834174156189,0.07956156134605408,True,Ghea Sekar Palupi,Ronggo Alit
4d_6xxEAAAAJ,yXy6kW0AAAAJ,0.8054484724998474,0.07577016204595566,False,Ghea Sekar Palupi,Harun Al Rosyid
Hl6bqU8AAAAJ,b4_EdJYAAAAJ,0.8051947951316833,0.051389049738645554,False,Rindu Puspita Wibawa,Moh. Khoridatul Huda
7EQjv9wAAAAJ,OffRzhoAAAAJ,0.8039950728416443,0.06492439657449722,True,Asmunin,Dwi Fatrianto Suyatno
hn5jrnAAAAAJ,lmlBHlsAAAAJ,0.8022239804267883,0.1269320845603943,True,Yuni Yamasari,Widi Aribowo
4Yhmpg0AAAAJ,EBgY5K0AAAAJ,0.8019677400588989,0.049267470836639404,False,Hujjatullah Fazlurrahman,Moch. Badrus Oleh
BIrtbD8AAAAJ,N40Vh64AAAAJ,0.8016996383666992,0.028134439140558243,False,Ibnu Febry Kurniawan,Raden Roro Hapsari Peni Agustin T
_VFGVQQAAAAJ,jPKU5cAAAAAJ,0.8010881543159485,0.04623964801430702,True,Berlian Maulidya Izzati,Anggraeni Widya Purwita
WdhKN0sAAAAJ,z7RWDi0AAAAJ,0.8009427785873413,0.12431275099515915,True,Aditya Prapanca,Tri Rijanto
ZBAnb64AAAAJ,cY1QGVEAAAAJ,0.8009093999862671,0.09210625290870667,False,Ardhini Warih Utami,Muhammad Sonhaji Akbar
TB0QfMoAAAAJ,YADiqesAAAAJ,0.8004310131072998,0.10114031285047531,False,Miftahur Rohman,Ekohariadi
Thp8jg0AAAAJ,ZhJ08JkAAAAJ,0.8001075387001038,0.1208672896027565,False,Dodik Arwin Dermawan,Bachtiar Syaiful Bachri
AX-w0AEAAAAJ,lFCI_vsAAAAJ,0.7995432019233704,0.06610526144504547,False,Hasanuddin Al-Habib,Atik Wintarti
1xVR-fgAAAAJ,TAAC1-AAAAAJ,0.7988612651824951,0.04387468844652176,False,1xVR-fgAAAAJ,I Gde Agung Sri Sidhimantra
_n2j0ZAAAAAJ,fkxhjZ4AAAAJ,0.7975659370422363,0.06681554764509201,False,I Gusti Lanang Putra Eka Prismana,Ronggo Alit
AX-w0AEAAAAJ,jJBtZPgAAAAJ,0.7974250316619873,0.06809170544147491,True,Hasanuddin Al-Habib,Siska Puspitaningsih
cY1QGVEAAAAJ,wlGfsB0AAAAJ,0.796700656414032,0.06776385754346848,False,Muhammad Sonhaji Akbar,Salamun Rohman Nudin
-tpBKawAAAAJ,JsEkeOsAAAAJ,0.7963993549346924,0.10681872069835663,False,Dimas Novian Aditia Syahputra,Ari Kurniawan
1xVR-fgAAAAJ,EBgY5K0AAAAJ,0.7963166236877441,0.026920322328805923,False,1xVR-fgAAAAJ,Moch. Badrus Oleh
JsEkeOsAAAAJ,i0pkJZoAAAAJ,0.7944121956825256,0.13363221287727356,False,Ari Kurniawan,Yuni Rosita Dewi
A9L19RMAAAAJ,Tp_X_bYAAAAJ,0.7938311100006104,0.10844777524471283,False,Pradini Puspitaningayu,Farid Baskoro
fkxhjZ4AAAAJ,nyyfjCgAAAAJ,0.7922611236572266,0.05042547360062599,True,Ronggo Alit,Rifqi Abdillah
XdEn69YAAAAJ,jPKU5cAAAAAJ,0.7917078137397766,0.02328609488904476,False,Cendra Devayana Putra,Anggraeni Widya Purwita
-BuJoD0AAAAJ,2lw6P3IAAAAJ,0.7916327714920044,0.05842927098274231,False,Ratih Amelia,Muhammad Febrilian Dwi Syahputra
lFCI_vsAAAAJ,tzjThtIAAAAJ,0.7915919423103333,0.06701746582984924,True,Atik Wintarti,Elly Matul Imah
cPj-iOIAAAAJ,qtFw9UMAAAAJ,0.7915828227996826,0.06654809415340424,False,Ricky Eka Putra,Bambang Sujatmiko
wwhACXoAAAAJ,y_OiarcAAAAJ,0.7911354899406433,0.02676551789045334,False,M Adamu Islam Mashuri,Yandhika Surya Akbar Gumilang
fkxhjZ4AAAAJ,y_OiarcAAAAJ,0.790604829788208,0.020322086289525032,True,Ronggo Alit,Yandhika Surya Akbar Gumilang
34CwHgkAAAAJ,4Yhmpg0AAAAJ,0.7901856899261475,0.06501875072717667,True,Riza Akhsani Setyo Prayoga,Hujjatullah Fazlurrahman
IJIEntMAAAAJ,N6RJilIAAAAJ,0.7899528741836548,0.09136203676462173,True,Yeni Anistyasari,Anita Qoiriah
6MXDzBQAAAAJ,nyyfjCgAAAAJ,0.7898561954498291,0.1178155168890953,False,Lilik Anifah,Rifqi Abdillah
Hl6bqU8AAAAJ,Jzuk6doAAAAJ,0.7896994948387146,0.10981063544750214,False,Rindu Puspita Wibawa,Aries Dwi Indriyanti
6ifThF0AAAAJ,fkxhjZ4AAAAJ,0.7893989086151123,0.08135289698839188,False,Ika Diyah Candra Arifah,Ronggo Alit
Thp8jg0AAAAJ,hrVTt4kAAAAJ,0.7887310981750488,0.050775714218616486,False,Dodik Arwin Dermawan,Monica Cinthya
34CwHgkAAAAJ,7EQjv9wAAAAJ,0.7881832718849182,0.08180519938468933,False,Riza Akhsani Setyo Prayoga,Asmunin
-tpBKawAAAAJ,fkxhjZ4AAAAJ,0.7879805564880371,0.05042082443833351,False,Dimas Novian Aditia Syahputra,Ronggo Alit
-tpBKawAAAAJ,hrVTt4kAAAAJ,0.7877071499824524,0.045175135135650635,False,Dimas Novian Aditia Syahputra,Monica Cinthya
A9L19RMAAAAJ,BIrtbD8AAAAJ,0.7873035073280334,0.02639349177479744,True,Pradini Puspitaningayu,Ibnu Febry Kurniawan
-tpBKawAAAAJ,n7ykK-IAAAAJ,0.7868218421936035,0.07902833819389343,False,Dimas Novian Aditia Syahputra,Dhiyan Septa Wihara
IJIEntMAAAAJ,Tp_X_bYAAAAJ,0.7865548729896545,0.11361853033304214,False,Yeni Anistyasari,Farid Baskoro
Jzuk6doAAAAJ,b4_EdJYAAAAJ,0.7856518030166626,0.02533004991710186,False,Aries Dwi Indriyanti,Moh. Khoridatul Huda
Thp8jg0AAAAJ,n7ykK-IAAAAJ,0.7852784991264343,0.07296697795391083,False,Dodik Arwin Dermawan,Dhiyan Septa Wihara
-gGGkMcAAAAJ,JsEkeOsAAAAJ,0.7845538258552551,0.10298769921064377,True,Faris Abdi El Hakim,Ari Kurniawan
Thp8jg0AAAAJ,_n2j0ZAAAAAJ,0.7838882803916931,0.08496437966823578,False,Dodik Arwin Dermawan,I Gusti Lanang Putra Eka Prismana
RvG7jG4AAAAJ,cY1QGVEAAAAJ,0.7834159731864929,0.09820512682199478,True,I Made Suartana,Muhammad Sonhaji Akbar
VwvPnrcAAAAJ,fkxhjZ4AAAAJ,0.7832348346710205,0.037372052669525146,False,Nisa Dwi Septiyanti,Ronggo Alit
RvG7jG4AAAAJ,ZBAnb64AAAAJ,0.7816029191017151,0.06150959059596062,False,I Made Suartana,Ardhini Warih Utami
WdhKN0sAAAAJ,nyyfjCgAAAAJ,0.7814624309539795,0.14490854740142822,True,Aditya Prapanca,Rifqi Abdillah
JsEkeOsAAAAJ,n7ykK-IAAAAJ,0.7802830338478088,0.11147420853376389,True,Ari Kurniawan,Dhiyan Septa Wihara
nyyfjCgAAAAJ,pb3-UjwAAAAJ,0.7794433832168579,0.07352665066719055,True,Rifqi Abdillah,Moch Deny Pratama
n7ykK-IAAAAJ,wlGfsB0AAAAJ,0.7789331078529358,0.0696086585521698,False,Dhiyan Septa Wihara,Salamun Rohman Nudin
Jzuk6doAAAAJ,fkxhjZ4AAAAJ,0.7778941988945007,0.08731861412525177,False,Aries Dwi Indriyanti,Ronggo Alit
1hm7MM8AAAAJ,fkxhjZ4AAAAJ,0.7777644991874695,0.11703605949878693,False,Reza Rahmadian,Ronggo Alit
IJIEntMAAAAJ,lmlBHlsAAAAJ,0.7775546312332153,0.11020805686712265,False,Yeni Anistyasari,Widi Aribowo
cY1QGVEAAAAJ,qtFw9UMAAAAJ,0.7769687175750732,0.05701584368944168,True,Muhammad Sonhaji Akbar,Bambang Sujatmiko
VwvPnrcAAAAJ,jPKU5cAAAAAJ,0.7763413786888123,0.07498068362474442,False,Nisa Dwi Septiyanti,Anggraeni Widya Purwita
Jzuk6doAAAAJ,_n2j0ZAAAAAJ,0.7760918736457825,0.05567752942442894,False,Aries Dwi Indriyanti,I Gusti Lanang Putra Eka Prismana
hrVTt4kAAAAJ,y_OiarcAAAAJ,0.7758256793022156,0.02484574355185032,False,Monica Cinthya,Yandhika Surya Akbar Gumilang
hjllQ9gAAAAJ,sHANI1gAAAAJ,0.7741852402687073,0.09510184079408646,False,Nur Kholis,Rifqi Firmansyah
VwvPnrcAAAAJ,XdEn69YAAAAJ,0.7728937268257141,0.026397541165351868,False,Nisa Dwi Septiyanti,Cendra Devayana Putra
A9L19RMAAAAJ,N40Vh64AAAAJ,0.7713779807090759,0.016533607617020607,False,Pradini Puspitaningayu,Raden Roro Hapsari Peni Agustin T
FZ00CQ8AAAAJ,eEtHoOAAAAAJ,0.7702215313911438,0.0994337797164917,False,Rizky Basatha,Rahadian Bisma
1hm7MM8AAAAJ,RES4QIQAAAAJ,0.7695615291595459,0.1410062611103058,True,Reza Rahmadian,Arif Widodo
Hl6bqU8AAAAJ,JsEkeOsAAAAJ,0.7693604230880737,0.1027510017156601,True,Rindu Puspita Wibawa,Ari Kurniawan
-gGGkMcAAAAJ,-tpBKawAAAAJ,0.7693285942077637,0.07957730442285538,False,Faris Abdi El Hakim,Dimas Novian Aditia Syahputra
6f4j4TYAAAAJ,IJIEntMAAAAJ,0.7689835429191589,0.11332885921001434,False,Mahendra Widyartono,Yeni Anistyasari
ZBAnb64AAAAJ,cPj-iOIAAAAJ,0.7674292325973511,0.0695234015583992,True,Ardhini Warih Utami,Ricky Eka Putra
34CwHgkAAAAJ,VwvPnrcAAAAJ,0.7666749954223633,0.05993784964084625,False,Riza Akhsani Setyo Prayoga,Nisa Dwi Septiyanti
XdEn69YAAAAJ,bTjH6IgAAAAJ,0.7662511467933655,0.08235497772693634,False,Cendra Devayana Putra,Achmad Kautsar
Jzuk6doAAAAJ,lFCI_vsAAAAJ,0.766173243522644,0.05896688252687454,False,Aries Dwi Indriyanti,Atik Wintarti
34CwHgkAAAAJ,DrE0Lf8AAAAJ,0.7648018002510071,0.06899091601371765,False,Riza Akhsani Setyo Prayoga,Fresha Kharisma
IJIEntMAAAAJ,psg8hdoAAAAJ,0.7643150687217712,0.06943466514348984,False,Yeni Anistyasari,Bonda Sisephaputra
-gGGkMcAAAAJ,34CwHgkAAAAJ,0.7641209959983826,0.09549002349376678,False,Faris Abdi El Hakim,Riza Akhsani Setyo Prayoga
4d_6xxEAAAAJ,7EQjv9wAAAAJ,0.7628411650657654,0.074831523001194,False,Ghea Sekar Palupi,Asmunin
FZ00CQ8AAAAJ,UL2-upoAAAAJ,0.7627092599868774,0.05958324670791626,False,Rizky Basatha,Dana Azizah Rahmat
Tp_X_bYAAAAJ,YADiqesAAAAJ,0.7626657485961914,0.10604110360145569,False,Farid Baskoro,Ekohariadi
6f4j4TYAAAAJ,YADiqesAAAAJ,0.7626088261604309,0.1211877092719078,False,Mahendra Widyartono,Ekohariadi
34CwHgkAAAAJ,W7ncZRgAAAAJ,0.7623540163040161,0.07368640601634979,False,Riza Akhsani Setyo Prayoga,Hafid Kholidi Hadi
Em3aIV0AAAAJ,hn5jrnAAAAAJ,0.7623012065887451,0.09598260372877121,True,Ramadhan Cakra Wibawa,Yuni Yamasari
Smb2eg8AAAAJ,fkxhjZ4AAAAJ,0.7620607018470764,0.07169461995363235,False,Nanang Hoesen. H. A.,Ronggo Alit
6MXDzBQAAAAJ,nWPONc8AAAAJ,0.761460542678833,0.13055139780044556,True,Lilik Anifah,Lusia Rakhmawati
IJIEntMAAAAJ,MZCJPuIAAAAJ,0.760814905166626,0.10989352315664291,False,Yeni Anistyasari,Fajar Arianto
L6O1lvkAAAAJ,nbtuM4IAAAAJ,0.7605130672454834,0.17113596200942993,False,Tri Wrahatnolo,Parama Diptya Widayaka
FZ00CQ8AAAAJ,jPKU5cAAAAAJ,0.7599143385887146,0.06130778044462204,False,Rizky Basatha,Anggraeni Widya Purwita
cPj-iOIAAAAJ,psg8hdoAAAAJ,0.758968710899353,0.07847658544778824,False,Ricky Eka Putra,Bonda Sisephaputra
lFCI_vsAAAAJ,qtFw9UMAAAAJ,0.758675217628479,0.05581869184970856,False,Atik Wintarti,Bambang Sujatmiko
Smb2eg8AAAAJ,XdEn69YAAAAJ,0.7582411170005798,0.04450536146759987,False,Nanang Hoesen. H. A.,Cendra Devayana Putra
Thp8jg0AAAAJ,wwhACXoAAAAJ,0.7574647665023804,0.04400409758090973,False,Dodik Arwin Dermawan,M Adamu Islam Mashuri
Jzuk6doAAAAJ,cPj-iOIAAAAJ,0.7571839690208435,0.1002776250243187,False,Aries Dwi Indriyanti,Ricky Eka Putra
WdhKN0sAAAAJ,nbtuM4IAAAAJ,0.7570992112159729,0.13765618205070496,False,Aditya Prapanca,Parama Diptya Widayaka
-gGGkMcAAAAJ,cY1QGVEAAAAJ,0.7568736672401428,0.0770731270313263,False,Faris Abdi El Hakim,Muhammad Sonhaji Akbar
Em3aIV0AAAAJ,OffRzhoAAAAJ,0.7543578743934631,0.06488759070634842,False,Ramadhan Cakra Wibawa,Dwi Fatrianto Suyatno
-BuJoD0AAAAJ,FZ00CQ8AAAAJ,0.7505854964256287,0.10825962573289871,False,Ratih Amelia,Rizky Basatha
XdEn69YAAAAJ,i0pkJZoAAAAJ,0.7499014735221863,0.054388467222452164,True,Cendra Devayana Putra,Yuni Rosita Dewi
5uDKOUMAAAAJ,RNJ3vNQAAAAJ,0.749774158000946,0.013769949786365032,False,Heri Purnawan,Harmon Prayogi
6MXDzBQAAAAJ,aW1lSOYAAAAJ,0.7491605281829834,0.1368192434310913,False,Lilik Anifah,Aditya Chandra Hermawan
aW1lSOYAAAAJ,j8HRV1wAAAAJ,0.7479285001754761,0.2201167494058609,False,Aditya Chandra Hermawan,Bambang Suprianto
hn5jrnAAAAAJ,nyyfjCgAAAAJ,0.7472973465919495,0.10455887019634247,True,Yuni Yamasari,Rifqi Abdillah
9BWyE0UAAAAJ,n7IAKI0AAAAJ,0.7467980980873108,0.10009413957595825,True,Endryansyah,Joko
fkxhjZ4AAAAJ,t5f89iIAAAAJ,0.7442393898963928,0.04549394175410271,False,Ronggo Alit,Andi Iwan Nurhidayat
-tpBKawAAAAJ,Smb2eg8AAAAJ,0.744050145149231,0.07513147592544556,False,Dimas Novian Aditia Syahputra,Nanang Hoesen. H. A.
MnI3Tm0AAAAJ,hjllQ9gAAAAJ,0.7421380281448364,0.09232831746339798,False,Sayyidul Aulia Alamsyah,Nur Kholis
-BuJoD0AAAAJ,Thp8jg0AAAAJ,0.7421327233314514,0.16589707136154175,False,Ratih Amelia,Dodik Arwin Dermawan
FZ00CQ8AAAAJ,_n2j0ZAAAAAJ,0.7405927181243896,0.08286812901496887,False,Rizky Basatha,I Gusti Lanang Putra Eka Prismana
34CwHgkAAAAJ,b81qaDkAAAAJ,0.7380204796791077,0.0862671360373497,False,Riza Akhsani Setyo Prayoga,Anita Safitri
Hl6bqU8AAAAJ,t5f89iIAAAAJ,0.7379259467124939,0.06810207664966583,False,Rindu Puspita Wibawa,Andi Iwan Nurhidayat
jPKU5cAAAAAJ,n7ykK-IAAAAJ,0.7374802827835083,0.050713036209344864,False,Anggraeni Widya Purwita,Dhiyan Septa Wihara
MZCJPuIAAAAJ,b4_EdJYAAAAJ,0.7372162342071533,0.029356209561228752,False,Fajar Arianto,Moh. Khoridatul Huda
Thp8jg0AAAAJ,psg8hdoAAAAJ,0.7353789806365967,0.08541010320186615,False,Dodik Arwin Dermawan,Bonda Sisephaputra
hjllQ9gAAAAJ,hn5jrnAAAAAJ,0.7349919080734253,0.1296594738960266,False,Nur Kholis,Yuni Yamasari
TB0QfMoAAAAJ,nyyfjCgAAAAJ,0.7341473698616028,0.13244181871414185,False,Miftahur Rohman,Rifqi Abdillah
-gGGkMcAAAAJ,y_OiarcAAAAJ,0.7331084609031677,0.02489413321018219,False,Faris Abdi El Hakim,Yandhika Surya Akbar Gumilang
ZBAnb64AAAAJ,q24bD6AAAAAJ,0.7318553328514099,0.08057872205972672,False,Ardhini Warih Utami,Martini Dwi Endah Susanti
fkxhjZ4AAAAJ,n7ykK-IAAAAJ,0.7316829562187195,0.0399756096303463,True,Ronggo Alit,Dhiyan Septa Wihara
Hl6bqU8AAAAJ,ZBAnb64AAAAJ,0.7314541935920715,0.07905794680118561,False,Rindu Puspita Wibawa,Ardhini Warih Utami
p4gdgRgAAAAJ,qtFw9UMAAAAJ,0.7308394312858582,0.07613354921340942,False,Rusijono,Bambang Sujatmiko
OffRzhoAAAAJ,psg8hdoAAAAJ,0.7304511666297913,0.048593491315841675,False,Dwi Fatrianto Suyatno,Bonda Sisephaputra
A9L19RMAAAAJ,lFCI_vsAAAAJ,0.7299292087554932,0.023573599755764008,False,Pradini Puspitaningayu,Atik Wintarti
FZ00CQ8AAAAJ,y_OiarcAAAAJ,0.729377269744873,0.01881592534482479,False,Rizky Basatha,Yandhika Surya Akbar Gumilang
AjvtBWIAAAAJ,b81qaDkAAAAJ,0.7285639643669128,0.149203360080719,False,Siti Masitoh,Anita Safitri
1xVR-fgAAAAJ,n7ykK-IAAAAJ,0.7264034152030945,0.031785935163497925,False,1xVR-fgAAAAJ,Dhiyan Septa Wihara
ne31is4AAAAJ,wwhACXoAAAAJ,0.725656270980835,0.05032418668270111,False,Danang Ary Dewangga,M Adamu Islam Mashuri
JsEkeOsAAAAJ,UL2-upoAAAAJ,0.7253285050392151,0.11525648087263107,False,Ari Kurniawan,Dana Azizah Rahmat
FZ00CQ8AAAAJ,n7ykK-IAAAAJ,0.7250610589981079,0.07194701582193375,False,Rizky Basatha,Dhiyan Septa Wihara
XdEn69YAAAAJ,hn5jrnAAAAAJ,0.7240042090415955,0.09925824403762817,False,Cendra Devayana Putra,Yuni Yamasari
DrE0Lf8AAAAJ,EBgY5K0AAAAJ,0.7237292528152466,0.05627764016389847,False,Fresha Kharisma,Moch. Badrus Oleh
LsydBAMAAAAJ,nyyfjCgAAAAJ,0.7222026586532593,0.12248112261295319,False,Puput Wanarti Rusimamto,Rifqi Abdillah
4Yhmpg0AAAAJ,fkxhjZ4AAAAJ,0.7219935059547424,0.07701882719993591,False,Hujjatullah Fazlurrahman,Ronggo Alit
7EQjv9wAAAAJ,WdhKN0sAAAAJ,0.72177654504776,0.06268015503883362,True,Asmunin,Aditya Prapanca
4VXQFKYAAAAJ,XdEn69YAAAAJ,0.7216470837593079,0.05226583406329155,False,Renny Sari Dewi,Cendra Devayana Putra
A9L19RMAAAAJ,LsydBAMAAAAJ,0.7210603356361389,0.0923287644982338,False,Pradini Puspitaningayu,Puput Wanarti Rusimamto
eEtHoOAAAAAJ,jPKU5cAAAAAJ,0.7207463979721069,0.06382282078266144,True,Rahadian Bisma,Anggraeni Widya Purwita
EBgY5K0AAAAJ,Smb2eg8AAAAJ,0.7197743654251099,0.07193776220083237,False,Moch. Badrus Oleh,Nanang Hoesen. H. A.
TAAC1-AAAAAJ,cY1QGVEAAAAJ,0.719219446182251,0.06265448778867722,False,I Gde Agung Sri Sidhimantra,Muhammad Sonhaji Akbar
MZCJPuIAAAAJ,fkxhjZ4AAAAJ,0.7191857695579529,0.10679780691862106,False,Fajar Arianto,Ronggo Alit
TB0QfMoAAAAJ,nWPONc8AAAAJ,0.7171752452850342,0.14626654982566833,True,Miftahur Rohman,Lusia Rakhmawati
7EQjv9wAAAAJ,Jzuk6doAAAAJ,0.7149983048439026,0.07142078131437302,False,Asmunin,Aries Dwi Indriyanti
Thp8jg0AAAAJ,UL2-upoAAAAJ,0.7141647934913635,0.045520585030317307,False,Dodik Arwin Dermawan,Dana Azizah Rahmat
4d_6xxEAAAAJ,Jzuk6doAAAAJ,0.7110500335693359,0.05927940458059311,False,Ghea Sekar Palupi,Aries Dwi Indriyanti
DrE0Lf8AAAAJ,JsEkeOsAAAAJ,0.7107164859771729,0.07603348046541214,False,Fresha Kharisma,Ari Kurniawan
LsydBAMAAAAJ,nWPONc8AAAAJ,0.7083945274353027,0.13119035959243774,False,Puput Wanarti Rusimamto,Lusia Rakhmawati
4VXQFKYAAAAJ,EBgY5K0AAAAJ,0.7073355317115784,0.06928573548793793,False,Renny Sari Dewi,Moch. Badrus Oleh
FZ00CQ8AAAAJ,cPj-iOIAAAAJ,0.7071467041969299,0.07101526111364365,False,Rizky Basatha,Ricky Eka Putra
CxdwNaYAAAAJ,b4_EdJYAAAAJ,0.7066611647605896,0.028249207884073257,False,Wiyli Yustanti,Moh. Khoridatul Huda
-BuJoD0AAAAJ,itwnm-AAAAAJ,0.7054126262664795,0.05858730897307396,False,Ratih Amelia,Achmad Fitro
AjvtBWIAAAAJ,qtFw9UMAAAAJ,0.7047215700149536,0.08297833800315857,False,Siti Masitoh,Bambang Sujatmiko
34CwHgkAAAAJ,EBgY5K0AAAAJ,0.7045422196388245,0.044393301010131836,True,Riza Akhsani Setyo Prayoga,Moch. Badrus Oleh
lFCI_vsAAAAJ,nWPONc8AAAAJ,0.7045218348503113,0.05282784253358841,True,Atik Wintarti,Lusia Rakhmawati
VwvPnrcAAAAJ,wlGfsB0AAAAJ,0.703855037689209,0.061510320752859116,False,Nisa Dwi Septiyanti,Salamun Rohman Nudin
RES4QIQAAAAJ,WdhKN0sAAAAJ,0.7038236260414124,0.12157092243432999,True,Arif Widodo,Aditya Prapanca
2lw6P3IAAAAJ,t5f89iIAAAAJ,0.7032405734062195,0.05542391166090965,True,Muhammad Febrilian Dwi Syahputra,Andi Iwan Nurhidayat
-gGGkMcAAAAJ,TAAC1-AAAAAJ,0.7011677026748657,0.060741033405065536,False,Faris Abdi El Hakim,I Gde Agung Sri Sidhimantra
LsydBAMAAAAJ,aW1lSOYAAAAJ,0.6999667882919312,0.13014774024486542,False,Puput Wanarti Rusimamto,Aditya Chandra Hermawan
8wFXNjYAAAAJ,S6IJ51cAAAAJ,0.6987667679786682,0.09967108070850372,True,Naim Rochmawati,Unit Three Kartini
AaC4eAwAAAAJ,lFCI_vsAAAAJ,0.6982239484786987,0.04623625800013542,False,Fadhilah Qalbi Annisa,Atik Wintarti
Thp8jg0AAAAJ,qtFw9UMAAAAJ,0.6955050826072693,0.06600687652826309,False,Dodik Arwin Dermawan,Bambang Sujatmiko
nWPONc8AAAAJ,z7RWDi0AAAAJ,0.6954993605613708,0.07230012118816376,True,Lusia Rakhmawati,Tri Rijanto
Iq3gzh4AAAAJ,Smb2eg8AAAAJ,0.6951691508293152,0.11536058038473129,False,Andi Mariono,Nanang Hoesen. H. A.
j8HRV1wAAAAJ,n7IAKI0AAAAJ,0.6950930953025818,0.07899873703718185,False,Bambang Suprianto,Joko
W7ncZRgAAAAJ,fkxhjZ4AAAAJ,0.6943124532699585,0.08831971883773804,True,Hafid Kholidi Hadi,Ronggo Alit
Em3aIV0AAAAJ,WdhKN0sAAAAJ,0.6926913857460022,0.07942051440477371,True,Ramadhan Cakra Wibawa,Aditya Prapanca
2lw6P3IAAAAJ,y_OiarcAAAAJ,0.6924914121627808,0.020029820501804352,False,Muhammad Febrilian Dwi Syahputra,Yandhika Surya Akbar Gumilang
XdEn69YAAAAJ,b4_EdJYAAAAJ,0.6923088431358337,0.01462576910853386,False,Cendra Devayana Putra,Moh. Khoridatul Huda
6f4j4TYAAAAJ,nbtuM4IAAAAJ,0.6919934749603271,0.20090562105178833,False,Mahendra Widyartono,Parama Diptya Widayaka
Hl6bqU8AAAAJ,Iq3gzh4AAAAJ,0.6916741132736206,0.12867549061775208,False,Rindu Puspita Wibawa,Andi Mariono
FZ00CQ8AAAAJ,hn5jrnAAAAAJ,0.6908515095710754,0.06700263172388077,False,Rizky Basatha,Yuni Yamasari
Smb2eg8AAAAJ,UL2-upoAAAAJ,0.6885276436805725,0.044600021094083786,False,Nanang Hoesen. H. A.,Dana Azizah Rahmat
1xVR-fgAAAAJ,Smb2eg8AAAAJ,0.6868370175361633,0.0477629154920578,True,1xVR-fgAAAAJ,Nanang Hoesen. H. A.
OffRzhoAAAAJ,RvG7jG4AAAAJ,0.6867780685424805,0.06137535721063614,False,Dwi Fatrianto Suyatno,I Made Suartana
lFCI_vsAAAAJ,nyyfjCgAAAAJ,0.685407280921936,0.03890358284115791,False,Atik Wintarti,Rifqi Abdillah
1xVR-fgAAAAJ,b81qaDkAAAAJ,0.6851802468299866,0.04767950624227524,True,1xVR-fgAAAAJ,Anita Safitri
IJIEntMAAAAJ,TB0QfMoAAAAJ,0.6844754815101624,0.09463440626859665,False,Yeni Anistyasari,Miftahur Rohman
L6O1lvkAAAAJ,sHANI1gAAAAJ,0.6833108067512512,0.13044223189353943,False,Tri Wrahatnolo,Rifqi Firmansyah
IJIEntMAAAAJ,ZhJ08JkAAAAJ,0.6831571459770203,0.08249901235103607,False,Yeni Anistyasari,Bachtiar Syaiful Bachri
aW1lSOYAAAAJ,hn5jrnAAAAAJ,0.6831088066101074,0.14231468737125397,False,Aditya Chandra Hermawan,Yuni Yamasari
7EQjv9wAAAAJ,b4_EdJYAAAAJ,0.6824744939804077,0.057233527302742004,False,Asmunin,Moh. Khoridatul Huda
CxdwNaYAAAAJ,t5f89iIAAAAJ,0.6821256279945374,0.06143847107887268,True,Wiyli Yustanti,Andi Iwan Nurhidayat
6ifThF0AAAAJ,XdEn69YAAAAJ,0.6821244359016418,0.05240042880177498,False,Ika Diyah Candra Arifah,Cendra Devayana Putra
hrVTt4kAAAAJ,wlGfsB0AAAAJ,0.6815648078918457,0.03990345820784569,False,Monica Cinthya,Salamun Rohman Nudin
4d_6xxEAAAAJ,FZ00CQ8AAAAJ,0.6814219355583191,0.08112107217311859,False,Ghea Sekar Palupi,Rizky Basatha
JsEkeOsAAAAJ,psg8hdoAAAAJ,0.6801244020462036,0.07379098981618881,False,Ari Kurniawan,Bonda Sisephaputra
VwvPnrcAAAAJ,qtFw9UMAAAAJ,0.6797084212303162,0.0497257336974144,False,Nisa Dwi Septiyanti,Bambang Sujatmiko
1hm7MM8AAAAJ,nyyfjCgAAAAJ,0.6788684725761414,0.12544181942939758,False,Reza Rahmadian,Rifqi Abdillah
nyyfjCgAAAAJ,z7RWDi0AAAAJ,0.6787201166152954,0.06602847576141357,False,Rifqi Abdillah,Tri Rijanto
TB0QfMoAAAAJ,aW1lSOYAAAAJ,0.678542971611023,0.1345503032207489,False,Miftahur Rohman,Aditya Chandra Hermawan
JsEkeOsAAAAJ,bTjH6IgAAAAJ,0.6773577332496643,0.12405004352331161,False,Ari Kurniawan,Achmad Kautsar
TAAC1-AAAAAJ,hrVTt4kAAAAJ,0.676812469959259,0.03689536824822426,False,I Gde Agung Sri Sidhimantra,Monica Cinthya
7EQjv9wAAAAJ,lFCI_vsAAAAJ,0.6756013035774231,0.05849061533808708,False,Asmunin,Atik Wintarti
OffRzhoAAAAJ,cPj-iOIAAAAJ,0.6747095584869385,0.06321629136800766,False,Dwi Fatrianto Suyatno,Ricky Eka Putra
CxdwNaYAAAAJ,Jzuk6doAAAAJ,0.6737018823623657,0.09765636175870895,True,Wiyli Yustanti,Aries Dwi Indriyanti
34CwHgkAAAAJ,UL2-upoAAAAJ,0.673530101776123,0.047923773527145386,False,Riza Akhsani Setyo Prayoga,Dana Azizah Rahmat
1hm7MM8AAAAJ,5nAJx9wAAAAJ,0.672577977180481,0.02138182520866394,True,Reza Rahmadian,Muhammad Fachmi
Em3aIV0AAAAJ,VwvPnrcAAAAJ,0.6722167730331421,0.04477657377719879,False,Ramadhan Cakra Wibawa,Nisa Dwi Septiyanti
-_VNTSIAAAAJ,cPj-iOIAAAAJ,0.6721867918968201,0.11948180943727493,False,Agus Prihanto,Ricky Eka Putra
VwvPnrcAAAAJ,eEtHoOAAAAAJ,0.6718236804008484,0.06306078284978867,True,Nisa Dwi Septiyanti,Rahadian Bisma
DsVi_OAAAAAJ,b81qaDkAAAAJ,0.6712073683738708,0.0676313266158104,True,Nadia Nur Thahirrah,Anita Safitri
CxdwNaYAAAAJ,MZCJPuIAAAAJ,0.6707999110221863,0.07553140074014664,False,Wiyli Yustanti,Fajar Arianto
ZBAnb64AAAAJ,t5f89iIAAAAJ,0.6703469753265381,0.06401385366916656,False,Ardhini Warih Utami,Andi Iwan Nurhidayat
34CwHgkAAAAJ,_VFGVQQAAAAJ,0.6696140170097351,0.02735288068652153,False,Riza Akhsani Setyo Prayoga,Berlian Maulidya Izzati
9BWyE0UAAAAJ,YADiqesAAAAJ,0.6695863008499146,0.09072698652744293,False,Endryansyah,Ekohariadi
nWPONc8AAAAJ,yObeL8gAAAAJ,0.6694698333740234,0.08457625657320023,False,Lusia Rakhmawati,I Gusti Putu Asto Buditjahjanto
cY1QGVEAAAAJ,nyyfjCgAAAAJ,0.6688436269760132,0.026987729594111443,False,Muhammad Sonhaji Akbar,Rifqi Abdillah
fkxhjZ4AAAAJ,wwhACXoAAAAJ,0.6675758957862854,0.0315968357026577,True,Ronggo Alit,M Adamu Islam Mashuri
7EQjv9wAAAAJ,hrVTt4kAAAAJ,0.6652350425720215,0.04942047595977783,False,Asmunin,Monica Cinthya
Iq3gzh4AAAAJ,fkxhjZ4AAAAJ,0.6650270223617554,0.1143915206193924,False,Andi Mariono,Ronggo Alit
8wFXNjYAAAAJ,IJIEntMAAAAJ,0.6648117899894714,0.0859723687171936,False,Naim Rochmawati,Yeni Anistyasari
1hm7MM8AAAAJ,CxdwNaYAAAAJ,0.6638959646224976,0.13028770685195923,False,Reza Rahmadian,Wiyli Yustanti
CxdwNaYAAAAJ,qtFw9UMAAAAJ,0.6635998487472534,0.053260814398527145,False,Wiyli Yustanti,Bambang Sujatmiko
Hl6bqU8AAAAJ,XdEn69YAAAAJ,0.6630894541740417,0.0725196972489357,False,Rindu Puspita Wibawa,Cendra Devayana Putra
S6IJ51cAAAAJ,hn5jrnAAAAAJ,0.6623263955116272,0.11734144389629364,False,Unit Three Kartini,Yuni Yamasari
TAAC1-AAAAAJ,itwnm-AAAAAJ,0.6612428426742554,0.04042527824640274,False,I Gde Agung Sri Sidhimantra,Achmad Fitro
EBgY5K0AAAAJ,b81qaDkAAAAJ,0.6603677868843079,0.06841392815113068,False,Moch. Badrus Oleh,Anita Safitri
hn5jrnAAAAAJ,p1pK7E4AAAAJ,0.6598339080810547,0.09882567822933197,False,Yuni Yamasari,Subuh Isnur Haryudo
n7IAKI0AAAAJ,sHANI1gAAAAJ,0.6597644686698914,0.06696470081806183,False,Joko,Rifqi Firmansyah
hn5jrnAAAAAJ,nWPONc8AAAAJ,0.6591203808784485,0.11082655191421509,False,Yuni Yamasari,Lusia Rakhmawati
7EQjv9wAAAAJ,qtFw9UMAAAAJ,0.6590637564659119,0.06396724283695221,False,Asmunin,Bambang Sujatmiko
XdEn69YAAAAJ,n7ykK-IAAAAJ,0.6586862206459045,0.02839893288910389,False,Cendra Devayana Putra,Dhiyan Septa Wihara
-tpBKawAAAAJ,y_OiarcAAAAJ,0.6584706902503967,0.017255732789635658,False,Dimas Novian Aditia Syahputra,Yandhika Surya Akbar Gumilang
Hl6bqU8AAAAJ,ZhJ08JkAAAAJ,0.6582124829292297,0.10385584086179733,False,Rindu Puspita Wibawa,Bachtiar Syaiful Bachri
-_VNTSIAAAAJ,lFCI_vsAAAAJ,0.6580009460449219,0.10460174828767776,False,Agus Prihanto,Atik Wintarti
j8HRV1wAAAAJ,nyyfjCgAAAAJ,0.657547652721405,0.12204074114561081,False,Bambang Suprianto,Rifqi Abdillah
RvG7jG4AAAAJ,fkxhjZ4AAAAJ,0.6565528512001038,0.0867256224155426,True,I Made Suartana,Ronggo Alit
MnI3Tm0AAAAJ,RES4QIQAAAAJ,0.6544309258460999,0.07743769139051437,True,Sayyidul Aulia Alamsyah,Arif Widodo
XdEn69YAAAAJ,cPj-iOIAAAAJ,0.654430627822876,0.09690093249082565,False,Cendra Devayana Putra,Ricky Eka Putra
EBgY5K0AAAAJ,i0pkJZoAAAAJ,0.6533182859420776,0.08221017569303513,False,Moch. Badrus Oleh,Yuni Rosita Dewi
AjvtBWIAAAAJ,Thp8jg0AAAAJ,0.6523069143295288,0.1287856549024582,False,Siti Masitoh,Dodik Arwin Dermawan
8wFXNjYAAAAJ,RvG7jG4AAAAJ,0.6510440111160278,0.1118026152253151,True,Naim Rochmawati,I Made Suartana
Thp8jg0AAAAJ,cPj-iOIAAAAJ,0.6507996320724487,0.11016079038381577,True,Dodik Arwin Dermawan,Ricky Eka Putra
WdhKN0sAAAAJ,eEtHoOAAAAAJ,0.6505565047264099,0.06435100734233856,True,Aditya Prapanca,Rahadian Bisma
IJIEntMAAAAJ,fkxhjZ4AAAAJ,0.6501385569572449,0.09090462327003479,False,Yeni Anistyasari,Ronggo Alit
nyyfjCgAAAAJ,yObeL8gAAAAJ,0.6494451761245728,0.0803658738732338,False,Rifqi Abdillah,I Gusti Putu Asto Buditjahjanto
7EQjv9wAAAAJ,q24bD6AAAAAJ,0.6481093764305115,0.06039924919605255,False,Asmunin,Martini Dwi Endah Susanti
eEtHoOAAAAAJ,t5f89iIAAAAJ,0.6475793123245239,0.06016077473759651,False,Rahadian Bisma,Andi Iwan Nurhidayat
IJIEntMAAAAJ,S6IJ51cAAAAJ,0.6466609239578247,0.09214826673269272,False,Yeni Anistyasari,Unit Three Kartini
-gGGkMcAAAAJ,hrVTt4kAAAAJ,0.6458033919334412,0.05412578582763672,False,Faris Abdi El Hakim,Monica Cinthya
34CwHgkAAAAJ,Hl6bqU8AAAAJ,0.6456050872802734,0.07671017199754715,False,Riza Akhsani Setyo Prayoga,Rindu Puspita Wibawa
Hl6bqU8AAAAJ,VwvPnrcAAAAJ,0.6454355120658875,0.05270499363541603,False,Rindu Puspita Wibawa,Nisa Dwi Septiyanti
JsEkeOsAAAAJ,Thp8jg0AAAAJ,0.6435272693634033,0.11591804027557373,False,Ari Kurniawan,Dodik Arwin Dermawan
XdEn69YAAAAJ,nyyfjCgAAAAJ,0.6427480578422546,0.028500260785222054,False,Cendra Devayana Putra,Rifqi Abdillah
RvG7jG4AAAAJ,t5f89iIAAAAJ,0.6423925757408142,0.057978708297014236,False,I Made Suartana,Andi Iwan Nurhidayat
eEtHoOAAAAAJ,hn5jrnAAAAAJ,0.6378194689750671,0.07094710320234299,False,Rahadian Bisma,Yuni Yamasari
8wFXNjYAAAAJ,fkxhjZ4AAAAJ,0.6375287175178528,0.10678425431251526,False,Naim Rochmawati,Ronggo Alit
eEtHoOAAAAAJ,yXy6kW0AAAAJ,0.6357530951499939,0.05720377340912819,False,Rahadian Bisma,Harun Al Rosyid
CxdwNaYAAAAJ,hjllQ9gAAAAJ,0.6338128447532654,0.09596673399209976,False,Wiyli Yustanti,Nur Kholis
6f4j4TYAAAAJ,AYI1rosAAAAJ,0.6329796314239502,0.17968949675559998,False,Mahendra Widyartono,Nurhayati
IJIEntMAAAAJ,RES4QIQAAAAJ,0.6329624056816101,0.08183762431144714,False,Yeni Anistyasari,Arif Widodo
6f4j4TYAAAAJ,WdhKN0sAAAAJ,0.6321789622306824,0.15812194347381592,False,Mahendra Widyartono,Aditya Prapanca
o4zdesUAAAAJ,t5f89iIAAAAJ,0.6320343613624573,0.044050563126802444,False,Rakha Asyrofi,Andi Iwan Nurhidayat
1hm7MM8AAAAJ,cPj-iOIAAAAJ,0.6312763094902039,0.13420328497886658,False,Reza Rahmadian,Ricky Eka Putra
DrE0Lf8AAAAJ,Thp8jg0AAAAJ,0.630587637424469,0.11978283524513245,True,Fresha Kharisma,Dodik Arwin Dermawan
DsVi_OAAAAAJ,EBgY5K0AAAAJ,0.6303738355636597,0.052445583045482635,False,Nadia Nur Thahirrah,Moch. Badrus Oleh
DrE0Lf8AAAAJ,fkxhjZ4AAAAJ,0.6293470859527588,0.07823114842176437,False,Fresha Kharisma,Ronggo Alit
7EQjv9wAAAAJ,JsEkeOsAAAAJ,0.6281236410140991,0.08478005230426788,False,Asmunin,Ari Kurniawan
AYI1rosAAAAJ,IJIEntMAAAAJ,0.6262412667274475,0.07851699739694595,False,Nurhayati,Yeni Anistyasari
FZ00CQ8AAAAJ,Smb2eg8AAAAJ,0.6259552836418152,0.08798669278621674,False,Rizky Basatha,Nanang Hoesen. H. A.
Jzuk6doAAAAJ,q24bD6AAAAAJ,0.6253756880760193,0.04642604663968086,False,Aries Dwi Indriyanti,Martini Dwi Endah Susanti
8wFXNjYAAAAJ,b4_EdJYAAAAJ,0.6253153681755066,0.031292449682950974,False,Naim Rochmawati,Moh. Khoridatul Huda
IJIEntMAAAAJ,aW1lSOYAAAAJ,0.6252006888389587,0.0842403694987297,False,Yeni Anistyasari,Aditya Chandra Hermawan
DsVi_OAAAAAJ,TAAC1-AAAAAJ,0.6244593262672424,0.057451363652944565,False,Nadia Nur Thahirrah,I Gde Agung Sri Sidhimantra
N6RJilIAAAAJ,cY1QGVEAAAAJ,0.6243106126785278,0.1446199119091034,False,Anita Qoiriah,Muhammad Sonhaji Akbar
Em3aIV0AAAAJ,XdEn69YAAAAJ,0.6237795948982239,0.06364581733942032,False,Ramadhan Cakra Wibawa,Cendra Devayana Putra
MnI3Tm0AAAAJ,RNJ3vNQAAAAJ,0.6234840154647827,0.009950424544513226,False,Sayyidul Aulia Alamsyah,Harmon Prayogi
Thp8jg0AAAAJ,W7ncZRgAAAAJ,0.6232956051826477,0.12786567211151123,False,Dodik Arwin Dermawan,Hafid Kholidi Hadi
eEtHoOAAAAAJ,qtFw9UMAAAAJ,0.6213268041610718,0.06455771625041962,False,Rahadian Bisma,Bambang Sujatmiko
hrVTt4kAAAAJ,t5f89iIAAAAJ,0.6211119890213013,0.0505666546523571,False,Monica Cinthya,Andi Iwan Nurhidayat
Jzuk6doAAAAJ,nyyfjCgAAAAJ,0.6207029819488525,0.03634131699800491,True,Aries Dwi Indriyanti,Rifqi Abdillah
MeGE8WAAAAAJ,jJBtZPgAAAAJ,0.6202218532562256,0.10419526696205139,False,Binti Kholifah,Siska Puspitaningsih
6RBIukkAAAAJ,b81qaDkAAAAJ,0.6188873052597046,0.11160377413034439,True,Yatim Riyanto,Anita Safitri
EBgY5K0AAAAJ,UL2-upoAAAAJ,0.6185305714607239,0.07009359449148178,False,Moch. Badrus Oleh,Dana Azizah Rahmat
LeRoniwAAAAJ,b4_EdJYAAAAJ,0.6154077053070068,0.034142520278692245,False,Farhanna Mari,Moh. Khoridatul Huda
_VFGVQQAAAAJ,n7ykK-IAAAAJ,0.6151652336120605,0.03509090840816498,False,Berlian Maulidya Izzati,Dhiyan Septa Wihara
_n2j0ZAAAAAJ,b4_EdJYAAAAJ,0.6150074601173401,0.023978341370821,False,I Gusti Lanang Putra Eka Prismana,Moh. Khoridatul Huda
IJIEntMAAAAJ,L6O1lvkAAAAJ,0.6144593954086304,0.0655391737818718,True,Yeni Anistyasari,Tri Wrahatnolo
cPj-iOIAAAAJ,q24bD6AAAAAJ,0.6134445071220398,0.05898114666342735,False,Ricky Eka Putra,Martini Dwi Endah Susanti
A9L19RMAAAAJ,TB0QfMoAAAAJ,0.6121962666511536,0.0986158549785614,False,Pradini Puspitaningayu,Miftahur Rohman
fkxhjZ4AAAAJ,q24bD6AAAAAJ,0.6102041602134705,0.0542585588991642,True,Ronggo Alit,Martini Dwi Endah Susanti
EBgY5K0AAAAJ,n7ykK-IAAAAJ,0.6092894077301025,0.08427415788173676,False,Moch. Badrus Oleh,Dhiyan Septa Wihara
cY1QGVEAAAAJ,jPKU5cAAAAAJ,0.6082627177238464,0.03823486715555191,False,Muhammad Sonhaji Akbar,Anggraeni Widya Purwita
Jzuk6doAAAAJ,LeRoniwAAAAJ,0.6069216132164001,0.016304844990372658,False,Aries Dwi Indriyanti,Farhanna Mari
TAAC1-AAAAAJ,y_OiarcAAAAJ,0.6064107418060303,0.018413539975881577,False,I Gde Agung Sri Sidhimantra,Yandhika Surya Akbar Gumilang
bTjH6IgAAAAJ,cY1QGVEAAAAJ,0.6045490503311157,0.0706993043422699,False,Achmad Kautsar,Muhammad Sonhaji Akbar
_VFGVQQAAAAJ,fkxhjZ4AAAAJ,0.6028349995613098,0.015199203044176102,False,Berlian Maulidya Izzati,Ronggo Alit
8wFXNjYAAAAJ,hjllQ9gAAAAJ,0.6025254726409912,0.101170115172863,False,Naim Rochmawati,Nur Kholis
4VXQFKYAAAAJ,cY1QGVEAAAAJ,0.6019373536109924,0.053543612360954285,False,Renny Sari Dewi,Muhammad Sonhaji Akbar
Thp8jg0AAAAJ,b4_EdJYAAAAJ,0.6003513336181641,0.02514791302382946,False,Dodik Arwin Dermawan,Moh. Khoridatul Huda
fkxhjZ4AAAAJ,lFCI_vsAAAAJ,0.5987650156021118,0.05245228111743927,False,Ronggo Alit,Atik Wintarti
-BuJoD0AAAAJ,TAAC1-AAAAAJ,0.5982549786567688,0.09213745594024658,False,Ratih Amelia,I Gde Agung Sri Sidhimantra
ZBAnb64AAAAJ,_n2j0ZAAAAAJ,0.5979355573654175,0.07424572110176086,False,Ardhini Warih Utami,I Gusti Lanang Putra Eka Prismana
AX-w0AEAAAAJ,q-sbahIAAAAJ,0.5976598262786865,0.03134596347808838,False,Hasanuddin Al-Habib,Ulfa Siti Nuraini
Jzuk6doAAAAJ,eEtHoOAAAAAJ,0.5969688296318054,0.056624885648489,False,Aries Dwi Indriyanti,Rahadian Bisma
2lw6P3IAAAAJ,Smb2eg8AAAAJ,0.5968267321586609,0.06039705500006676,False,Muhammad Febrilian Dwi Syahputra,Nanang Hoesen. H. A.
YADiqesAAAAJ,n7IAKI0AAAAJ,0.5965670347213745,0.06666145473718643,True,Ekohariadi,Joko
C_EGqeMAAAAJ,y_OiarcAAAAJ,0.595704197883606,0.014459138736128807,False,Namira Roudlotul Jannah,Yandhika Surya Akbar Gumilang
Hl6bqU8AAAAJ,jJBtZPgAAAAJ,0.5955594778060913,0.03361772745847702,False,Rindu Puspita Wibawa,Siska Puspitaningsih
XdEn69YAAAAJ,b81qaDkAAAAJ,0.5950789451599121,0.064788818359375,True,Cendra Devayana Putra,Anita Safitri
UL2-upoAAAAJ,cY1QGVEAAAAJ,0.5949432253837585,0.04388197883963585,False,Dana Azizah Rahmat,Muhammad Sonhaji Akbar
cY1QGVEAAAAJ,q24bD6AAAAAJ,0.5942811965942383,0.06296035647392273,False,Muhammad Sonhaji Akbar,Martini Dwi Endah Susanti
cPj-iOIAAAAJ,nyyfjCgAAAAJ,0.5941438674926758,0.07474721968173981,False,Ricky Eka Putra,Rifqi Abdillah
Em3aIV0AAAAJ,t5f89iIAAAAJ,0.5934895277023315,0.05191690847277641,False,Ramadhan Cakra Wibawa,Andi Iwan Nurhidayat
FZ00CQ8AAAAJ,ZBAnb64AAAAJ,0.5930846929550171,0.06385620683431625,False,Rizky Basatha,Ardhini Warih Utami
n7IAKI0AAAAJ,nbtuM4IAAAAJ,0.5925337672233582,0.07478967308998108,True,Joko,Parama Diptya Widayaka
Jzuk6doAAAAJ,ZBAnb64AAAAJ,0.5919803380966187,0.046775009483098984,False,Aries Dwi Indriyanti,Ardhini Warih Utami
XdEn69YAAAAJ,t5f89iIAAAAJ,0.5918102860450745,0.031090911477804184,False,Cendra Devayana Putra,Andi Iwan Nurhidayat
34CwHgkAAAAJ,eEtHoOAAAAAJ,0.5917627215385437,0.07272975146770477,False,Riza Akhsani Setyo Prayoga,Rahadian Bisma
Thp8jg0AAAAJ,zDgqPOsAAAAJ,0.5917556881904602,0.1234934851527214,False,Dodik Arwin Dermawan,Mustaji
cPj-iOIAAAAJ,lFCI_vsAAAAJ,0.5912757515907288,0.07244887948036194,False,Ricky Eka Putra,Atik Wintarti
A9L19RMAAAAJ,j8HRV1wAAAAJ,0.5899621248245239,0.09437814354896545,True,Pradini Puspitaningayu,Bambang Suprianto
-gGGkMcAAAAJ,XdEn69YAAAAJ,0.5895448923110962,0.035318803042173386,False,Faris Abdi El Hakim,Cendra Devayana Putra
JsEkeOsAAAAJ,hrVTt4kAAAAJ,0.5894148349761963,0.06443143635988235,False,Ari Kurniawan,Monica Cinthya
Smb2eg8AAAAJ,ZhJ08JkAAAAJ,0.5891212224960327,0.07420611381530762,False,Nanang Hoesen. H. A.,Bachtiar Syaiful Bachri
Mr22rjsAAAAJ,b4_EdJYAAAAJ,0.5882828235626221,0.017143066972494125,False,Hesti Khuzaimah Nurul Yusufiyah,Moh. Khoridatul Huda
Thp8jg0AAAAJ,jPKU5cAAAAAJ,0.587609589099884,0.04563002288341522,False,Dodik Arwin Dermawan,Anggraeni Widya Purwita
7EQjv9wAAAAJ,Thp8jg0AAAAJ,0.5850414037704468,0.08671789616346359,True,Asmunin,Dodik Arwin Dermawan
WdhKN0sAAAAJ,cY1QGVEAAAAJ,0.5839964747428894,0.1012396439909935,False,Aditya Prapanca,Muhammad Sonhaji Akbar
cY1QGVEAAAAJ,jJBtZPgAAAAJ,0.5838452577590942,0.027595549821853638,False,Muhammad Sonhaji Akbar,Siska Puspitaningsih
MZCJPuIAAAAJ,hn5jrnAAAAAJ,0.5831848382949829,0.07863625138998032,False,Fajar Arianto,Yuni Yamasari
ZBAnb64AAAAJ,qtFw9UMAAAAJ,0.5815320014953613,0.06099427863955498,False,Ardhini Warih Utami,Bambang Sujatmiko
N6RJilIAAAAJ,fkxhjZ4AAAAJ,0.5811060070991516,0.14010943472385406,True,Anita Qoiriah,Ronggo Alit
-BuJoD0AAAAJ,5nAJx9wAAAAJ,0.5805573463439941,0.02973909303545952,False,Ratih Amelia,Muhammad Fachmi
b81qaDkAAAAJ,wlGfsB0AAAAJ,0.5803609490394592,0.07416385412216187,False,Anita Safitri,Salamun Rohman Nudin
8wFXNjYAAAAJ,Hl6bqU8AAAAJ,0.5765076875686646,0.08379173278808594,False,Naim Rochmawati,Rindu Puspita Wibawa
4d_6xxEAAAAJ,CxdwNaYAAAAJ,0.5755287408828735,0.054318442940711975,True,Ghea Sekar Palupi,Wiyli Yustanti
WdhKN0sAAAAJ,YADiqesAAAAJ,0.5740652680397034,0.07091221213340759,False,Aditya Prapanca,Ekohariadi
N6RJilIAAAAJ,OffRzhoAAAAJ,0.5737013220787048,0.06003549322485924,False,Anita Qoiriah,Dwi Fatrianto Suyatno
1hm7MM8AAAAJ,b81qaDkAAAAJ,0.5732150077819824,0.10553056001663208,False,Reza Rahmadian,Anita Safitri
Thp8jg0AAAAJ,hn5jrnAAAAAJ,0.5729935765266418,0.09828028082847595,False,Dodik Arwin Dermawan,Yuni Yamasari
ZBAnb64AAAAJ,fkxhjZ4AAAAJ,0.5712690353393555,0.055434782058000565,False,Ardhini Warih Utami,Ronggo Alit
CxdwNaYAAAAJ,eEtHoOAAAAAJ,0.5699848532676697,0.06417243927717209,False,Wiyli Yustanti,Rahadian Bisma
fkxhjZ4AAAAJ,nWPONc8AAAAJ,0.5691970586776733,0.0544738732278347,False,Ronggo Alit,Lusia Rakhmawati
-BuJoD0AAAAJ,XdEn69YAAAAJ,0.5691019296646118,0.06752919405698776,True,Ratih Amelia,Cendra Devayana Putra
L6O1lvkAAAAJ,aW1lSOYAAAAJ,0.5688557028770447,0.1113087385892868,False,Tri Wrahatnolo,Aditya Chandra Hermawan
Smb2eg8AAAAJ,cY1QGVEAAAAJ,0.5678431391716003,0.04538073390722275,False,Nanang Hoesen. H. A.,Muhammad Sonhaji Akbar
MZCJPuIAAAAJ,cPj-iOIAAAAJ,0.5671030282974243,0.08053107559680939,True,Fajar Arianto,Ricky Eka Putra
XdEn69YAAAAJ,psg8hdoAAAAJ,0.5654037594795227,0.033365972340106964,False,Cendra Devayana Putra,Bonda Sisephaputra
DiBTIz4AAAAJ,lFCI_vsAAAAJ,0.5652077794075012,0.04854081943631172,True,Riskyana Dewi Intan P,Atik Wintarti
jPKU5cAAAAAJ,wlGfsB0AAAAJ,0.5651955604553223,0.04323894530534744,False,Anggraeni Widya Purwita,Salamun Rohman Nudin
MZCJPuIAAAAJ,psg8hdoAAAAJ,0.5648798942565918,0.06417291611433029,True,Fajar Arianto,Bonda Sisephaputra
1hm7MM8AAAAJ,8wFXNjYAAAAJ,0.5647414326667786,0.11378024518489838,False,Reza Rahmadian,Naim Rochmawati
Thp8jg0AAAAJ,lFCI_vsAAAAJ,0.5646390318870544,0.0573553629219532,True,Dodik Arwin Dermawan,Atik Wintarti
Em3aIV0AAAAJ,Thp8jg0AAAAJ,0.5642762184143066,0.08313706517219543,False,Ramadhan Cakra Wibawa,Dodik Arwin Dermawan
AjvtBWIAAAAJ,Hl6bqU8AAAAJ,0.5615601539611816,0.1032976433634758,False,Siti Masitoh,Rindu Puspita Wibawa
4VXQFKYAAAAJ,y_OiarcAAAAJ,0.5611121654510498,0.01721944659948349,True,Renny Sari Dewi,Yandhika Surya Akbar Gumilang
NO8mJucAAAAJ,XdEn69YAAAAJ,0.5610825419425964,0.024408617988228798,False,Wahyu Sasongko Putro,Cendra Devayana Putra
wlGfsB0AAAAJ,y_OiarcAAAAJ,0.5610008239746094,0.016291938722133636,False,Salamun Rohman Nudin,Yandhika Surya Akbar Gumilang
nyyfjCgAAAAJ,sHANI1gAAAAJ,0.5598488450050354,0.06692275404930115,False,Rifqi Abdillah,Rifqi Firmansyah
4VXQFKYAAAAJ,hrVTt4kAAAAJ,0.5584650635719299,0.04114014282822609,False,Renny Sari Dewi,Monica Cinthya
7EQjv9wAAAAJ,_n2j0ZAAAAAJ,0.5583269596099854,0.06909629702568054,False,Asmunin,I Gusti Lanang Putra Eka Prismana
CxdwNaYAAAAJ,p1pK7E4AAAAJ,0.5582311153411865,0.07803938537836075,False,Wiyli Yustanti,Subuh Isnur Haryudo
S6IJ51cAAAAJ,n7IAKI0AAAAJ,0.5576151013374329,0.05907771363854408,False,Unit Three Kartini,Joko
cPj-iOIAAAAJ,nWPONc8AAAAJ,0.5567824244499207,0.10174240916967392,False,Ricky Eka Putra,Lusia Rakhmawati
1hm7MM8AAAAJ,L6O1lvkAAAAJ,0.5564101338386536,0.0964571014046669,False,Reza Rahmadian,Tri Wrahatnolo
34CwHgkAAAAJ,LeRoniwAAAAJ,0.5561566352844238,0.019259506836533546,False,Riza Akhsani Setyo Prayoga,Farhanna Mari
MZCJPuIAAAAJ,nyyfjCgAAAAJ,0.5558369755744934,0.03254353627562523,False,Fajar Arianto,Rifqi Abdillah
LeRoniwAAAAJ,cY1QGVEAAAAJ,0.5555911064147949,0.025723984465003014,False,Farhanna Mari,Muhammad Sonhaji Akbar
IJIEntMAAAAJ,Iq3gzh4AAAAJ,0.5552075505256653,0.1025487408041954,False,Yeni Anistyasari,Andi Mariono
8wFXNjYAAAAJ,nbtuM4IAAAAJ,0.55389004945755,0.07674239575862885,True,Naim Rochmawati,Parama Diptya Widayaka
A9L19RMAAAAJ,z7RWDi0AAAAJ,0.552666962146759,0.051919057965278625,True,Pradini Puspitaningayu,Tri Rijanto
aW1lSOYAAAAJ,hjllQ9gAAAAJ,0.5521588325500488,0.19434396922588348,False,Aditya Chandra Hermawan,Nur Kholis
A9L19RMAAAAJ,p1pK7E4AAAAJ,0.5517277121543884,0.0850764662027359,True,Pradini Puspitaningayu,Subuh Isnur Haryudo
b81qaDkAAAAJ,p4gdgRgAAAAJ,0.551069974899292,0.09386581927537918,True,Anita Safitri,Rusijono
j8HRV1wAAAAJ,nWPONc8AAAAJ,0.5509887337684631,0.13174214959144592,False,Bambang Suprianto,Lusia Rakhmawati
_n2j0ZAAAAAJ,cPj-iOIAAAAJ,0.548947811126709,0.05058663338422775,True,I Gusti Lanang Putra Eka Prismana,Ricky Eka Putra
TAAC1-AAAAAJ,UL2-upoAAAAJ,0.5476633906364441,0.033654261380434036,False,I Gde Agung Sri Sidhimantra,Dana Azizah Rahmat
JsEkeOsAAAAJ,XdEn69YAAAAJ,0.5473489761352539,0.05597205460071564,False,Ari Kurniawan,Cendra Devayana Putra
hjllQ9gAAAAJ,n7IAKI0AAAAJ,0.5472281575202942,0.04916463792324066,False,Nur Kholis,Joko
Em3aIV0AAAAJ,yXy6kW0AAAAJ,0.5469371676445007,0.04573971778154373,False,Ramadhan Cakra Wibawa,Harun Al Rosyid
CxdwNaYAAAAJ,S6IJ51cAAAAJ,0.5455375909805298,0.07830687612295151,False,Wiyli Yustanti,Unit Three Kartini
Em3aIV0AAAAJ,JsEkeOsAAAAJ,0.5454208254814148,0.05991071090102196,True,Ramadhan Cakra Wibawa,Ari Kurniawan
MnI3Tm0AAAAJ,Tp_X_bYAAAAJ,0.544501781463623,0.09778916090726852,False,Sayyidul Aulia Alamsyah,Farid Baskoro
lmlBHlsAAAAJ,nyyfjCgAAAAJ,0.5444216728210449,0.14143815636634827,False,Widi Aribowo,Rifqi Abdillah
EBgY5K0AAAAJ,itwnm-AAAAAJ,0.541483461856842,0.03698737546801567,False,Moch. Badrus Oleh,Achmad Fitro
AX-w0AEAAAAJ,wEGsLv4AAAAJ,0.5410691499710083,0.04848240688443184,False,Hasanuddin Al-Habib,Ike Fitriyaningsih
psg8hdoAAAAJ,yXy6kW0AAAAJ,0.5408942103385925,0.05223398655653,False,Bonda Sisephaputra,Harun Al Rosyid
dfwr-2YAAAAJ,fkxhjZ4AAAAJ,0.5406615138053894,0.06407894939184189,False,Muhammad Fajar Wahyudi Rahman,Ronggo Alit
Thp8jg0AAAAJ,nyyfjCgAAAAJ,0.5388413667678833,0.0303328987210989,False,Dodik Arwin Dermawan,Rifqi Abdillah
FZ00CQ8AAAAJ,LeRoniwAAAAJ,0.5382943749427795,0.02244071289896965,False,Rizky Basatha,Farhanna Mari
AaC4eAwAAAAJ,N40Vh64AAAAJ,0.5382087826728821,0.029815323650836945,False,Fadhilah Qalbi Annisa,Raden Roro Hapsari Peni Agustin T
IJIEntMAAAAJ,lFCI_vsAAAAJ,0.536617636680603,0.05813232436776161,False,Yeni Anistyasari,Atik Wintarti
Smb2eg8AAAAJ,wwhACXoAAAAJ,0.5365705490112305,0.028849050402641296,False,Nanang Hoesen. H. A.,M Adamu Islam Mashuri
IJIEntMAAAAJ,nbtuM4IAAAAJ,0.5360230803489685,0.0785694569349289,False,Yeni Anistyasari,Parama Diptya Widayaka
MnI3Tm0AAAAJ,nWPONc8AAAAJ,0.5332943797111511,0.06264517456293106,False,Sayyidul Aulia Alamsyah,Lusia Rakhmawati
BIrtbD8AAAAJ,nyyfjCgAAAAJ,0.5316070318222046,0.021267332136631012,False,Ibnu Febry Kurniawan,Rifqi Abdillah
Smb2eg8AAAAJ,itwnm-AAAAAJ,0.5315962433815002,0.040883779525756836,True,Nanang Hoesen. H. A.,Achmad Fitro
MZCJPuIAAAAJ,Smb2eg8AAAAJ,0.5312598347663879,0.09225226938724518,True,Fajar Arianto,Nanang Hoesen. H. A.
-gGGkMcAAAAJ,Thp8jg0AAAAJ,0.5304427742958069,0.07519330829381943,True,Faris Abdi El Hakim,Dodik Arwin Dermawan
XdEn69YAAAAJ,_VFGVQQAAAAJ,0.5290209054946899,0.010274349711835384,False,Cendra Devayana Putra,Berlian Maulidya Izzati
OffRzhoAAAAJ,hn5jrnAAAAAJ,0.5286054611206055,0.055431194603443146,False,Dwi Fatrianto Suyatno,Yuni Yamasari
6RBIukkAAAAJ,Thp8jg0AAAAJ,0.5284208059310913,0.08292164653539658,False,Yatim Riyanto,Dodik Arwin Dermawan
Jzuk6doAAAAJ,Thp8jg0AAAAJ,0.5279898643493652,0.06714324653148651,False,Aries Dwi Indriyanti,Dodik Arwin Dermawan
nWPONc8AAAAJ,tzjThtIAAAAJ,0.5279759168624878,0.03313449025154114,True,Lusia Rakhmawati,Elly Matul Imah
itwnm-AAAAAJ,n7ykK-IAAAAJ,0.5275508761405945,0.03284475579857826,False,Achmad Fitro,Dhiyan Septa Wihara
4Yhmpg0AAAAJ,Thp8jg0AAAAJ,0.5270399451255798,0.10452794283628464,False,Hujjatullah Fazlurrahman,Dodik Arwin Dermawan
6RBIukkAAAAJ,RNJ3vNQAAAAJ,0.5268311500549316,0.014010519720613956,True,Yatim Riyanto,Harmon Prayogi
Tp_X_bYAAAAJ,hn5jrnAAAAAJ,0.5268220901489258,0.10612687468528748,True,Farid Baskoro,Yuni Yamasari
hn5jrnAAAAAJ,lFCI_vsAAAAJ,0.526404082775116,0.08568751811981201,False,Yuni Yamasari,Atik Wintarti
LeRoniwAAAAJ,XdEn69YAAAAJ,0.5261620283126831,0.013958657160401344,True,Farhanna Mari,Cendra Devayana Putra
Hl6bqU8AAAAJ,nyyfjCgAAAAJ,0.5243579149246216,0.029275061562657356,False,Rindu Puspita Wibawa,Rifqi Abdillah
jJBtZPgAAAAJ,lFCI_vsAAAAJ,0.5235925316810608,0.041429851204156876,False,Siska Puspitaningsih,Atik Wintarti
Iq3gzh4AAAAJ,hn5jrnAAAAAJ,0.5228521823883057,0.07656372338533401,False,Andi Mariono,Yuni Yamasari
1hm7MM8AAAAJ,itwnm-AAAAAJ,0.5228475332260132,0.048480477184057236,True,Reza Rahmadian,Achmad Fitro
Jzuk6doAAAAJ,MZCJPuIAAAAJ,0.5221654176712036,0.049050044268369675,False,Aries Dwi Indriyanti,Fajar Arianto
cY1QGVEAAAAJ,i0pkJZoAAAAJ,0.5216642618179321,0.05898159742355347,False,Muhammad Sonhaji Akbar,Yuni Rosita Dewi
XdEn69YAAAAJ,jJBtZPgAAAAJ,0.5207724571228027,0.013394794426858425,False,Cendra Devayana Putra,Siska Puspitaningsih
MZCJPuIAAAAJ,cY1QGVEAAAAJ,0.5207049250602722,0.05953226983547211,False,Fajar Arianto,Muhammad Sonhaji Akbar
_VFGVQQAAAAJ,cY1QGVEAAAAJ,0.5201876759529114,0.01870446465909481,False,Berlian Maulidya Izzati,Muhammad Sonhaji Akbar
Hl6bqU8AAAAJ,OffRzhoAAAAJ,0.51826411485672,0.04952916130423546,False,Rindu Puspita Wibawa,Dwi Fatrianto Suyatno
TB0QfMoAAAAJ,n7IAKI0AAAAJ,0.5181199312210083,0.07015617936849594,False,Miftahur Rohman,Joko
-gGGkMcAAAAJ,fkxhjZ4AAAAJ,0.51689213514328,0.045914988964796066,False,Faris Abdi El Hakim,Ronggo Alit
TAAC1-AAAAAJ,dfwr-2YAAAAJ,0.5152833461761475,0.0849909856915474,False,I Gde Agung Sri Sidhimantra,Muhammad Fajar Wahyudi Rahman
LeRoniwAAAAJ,fkxhjZ4AAAAJ,0.5150766372680664,0.024593818932771683,False,Farhanna Mari,Ronggo Alit
8wFXNjYAAAAJ,MZCJPuIAAAAJ,0.5138422846794128,0.06074235960841179,False,Naim Rochmawati,Fajar Arianto
_VFGVQQAAAAJ,wlGfsB0AAAAJ,0.5135964155197144,0.0284371767193079,False,Berlian Maulidya Izzati,Salamun Rohman Nudin
34CwHgkAAAAJ,hn5jrnAAAAAJ,0.5133751034736633,0.061944976449012756,False,Riza Akhsani Setyo Prayoga,Yuni Yamasari
FZ00CQ8AAAAJ,qtFw9UMAAAAJ,0.5127052664756775,0.05388471484184265,True,Rizky Basatha,Bambang Sujatmiko
bTjH6IgAAAAJ,hrVTt4kAAAAJ,0.5121191143989563,0.04012993723154068,False,Achmad Kautsar,Monica Cinthya
nWPONc8AAAAJ,pb3-UjwAAAAJ,0.5115278363227844,0.0587741993367672,False,Lusia Rakhmawati,Moch Deny Pratama
Jzuk6doAAAAJ,pb3-UjwAAAAJ,0.5102072954177856,0.02813688851892948,False,Aries Dwi Indriyanti,Moch Deny Pratama
Em3aIV0AAAAJ,jPKU5cAAAAAJ,0.5094101428985596,0.03638859838247299,False,Ramadhan Cakra Wibawa,Anggraeni Widya Purwita
Jzuk6doAAAAJ,XdEn69YAAAAJ,0.5092454552650452,0.042196352034807205,True,Aries Dwi Indriyanti,Cendra Devayana Putra
8wFXNjYAAAAJ,cY1QGVEAAAAJ,0.5086154937744141,0.08010812848806381,False,Naim Rochmawati,Muhammad Sonhaji Akbar
EBgY5K0AAAAJ,JsEkeOsAAAAJ,0.5079578161239624,0.08909397572278976,False,Moch. Badrus Oleh,Ari Kurniawan
AjvtBWIAAAAJ,b4_EdJYAAAAJ,0.5075291991233826,0.03303027153015137,False,Siti Masitoh,Moh. Khoridatul Huda
TAAC1-AAAAAJ,nyyfjCgAAAAJ,0.5072960257530212,0.021104788407683372,False,I Gde Agung Sri Sidhimantra,Rifqi Abdillah
9BWyE0UAAAAJ,IJIEntMAAAAJ,0.505556583404541,0.0637446865439415,False,Endryansyah,Yeni Anistyasari
cY1QGVEAAAAJ,lFCI_vsAAAAJ,0.5049760937690735,0.0431937575340271,False,Muhammad Sonhaji Akbar,Atik Wintarti
hrVTt4kAAAAJ,i0pkJZoAAAAJ,0.504534900188446,0.04845036566257477,False,Monica Cinthya,Yuni Rosita Dewi
S6IJ51cAAAAJ,YADiqesAAAAJ,0.5043529868125916,0.07871530205011368,False,Unit Three Kartini,Ekohariadi
WdhKN0sAAAAJ,t5f89iIAAAAJ,0.5038328766822815,0.04211488366127014,True,Aditya Prapanca,Andi Iwan Nurhidayat
A9L19RMAAAAJ,MZCJPuIAAAAJ,0.5036668181419373,0.01841694302856922,False,Pradini Puspitaningayu,Fajar Arianto
fkxhjZ4AAAAJ,nbtuM4IAAAAJ,0.5030257105827332,0.03171250969171524,True,Ronggo Alit,Parama Diptya Widayaka
MZCJPuIAAAAJ,_n2j0ZAAAAAJ,0.5020609498023987,0.05523644760251045,False,Fajar Arianto,I Gusti Lanang Putra Eka Prismana
XdEn69YAAAAJ,eEtHoOAAAAAJ,0.5019742846488953,0.049377284944057465,False,Cendra Devayana Putra,Rahadian Bisma
C_EGqeMAAAAJ,XdEn69YAAAAJ,0.5010191798210144,0.01201921422034502,False,Namira Roudlotul Jannah,Cendra Devayana Putra
4d_6xxEAAAAJ,IJIEntMAAAAJ,0.5003283023834229,0.05087777227163315,False,Ghea Sekar Palupi,Yeni Anistyasari
34CwHgkAAAAJ,dfwr-2YAAAAJ,0.4999217987060547,0.053538866341114044,False,Riza Akhsani Setyo Prayoga,Muhammad Fajar Wahyudi Rahman
1hm7MM8AAAAJ,AYI1rosAAAAJ,0.49983829259872437,0.12392094731330872,False,Reza Rahmadian,Nurhayati
IJIEntMAAAAJ,nyyfjCgAAAAJ,0.49973902106285095,0.06389837712049484,False,Yeni Anistyasari,Rifqi Abdillah
6MXDzBQAAAAJ,A9L19RMAAAAJ,0.49948859214782715,0.09944167733192444,False,Lilik Anifah,Pradini Puspitaningayu
-gGGkMcAAAAJ,ne31is4AAAAJ,0.4993939697742462,0.05307816341519356,False,Faris Abdi El Hakim,Danang Ary Dewangga
OffRzhoAAAAJ,cY1QGVEAAAAJ,0.49926117062568665,0.07085995376110077,False,Dwi Fatrianto Suyatno,Muhammad Sonhaji Akbar
1hm7MM8AAAAJ,9BWyE0UAAAAJ,0.49855875968933105,0.10411971062421799,False,Reza Rahmadian,Endryansyah
C_EGqeMAAAAJ,FZ00CQ8AAAAJ,0.49800845980644226,0.01734350249171257,False,Namira Roudlotul Jannah,Rizky Basatha
7EQjv9wAAAAJ,o4zdesUAAAAJ,0.49727678298950195,0.026181170716881752,False,Asmunin,Rakha Asyrofi
NO8mJucAAAAJ,y_OiarcAAAAJ,0.49631446599960327,0.014528190717101097,False,Wahyu Sasongko Putro,Yandhika Surya Akbar Gumilang
A9L19RMAAAAJ,yObeL8gAAAAJ,0.4963008463382721,0.06503961235284805,False,Pradini Puspitaningayu,I Gusti Putu Asto Buditjahjanto
6RBIukkAAAAJ,Hl6bqU8AAAAJ,0.496163934469223,0.07580338418483734,False,Yatim Riyanto,Rindu Puspita Wibawa
BIrtbD8AAAAJ,nWPONc8AAAAJ,0.494943767786026,0.02269945852458477,False,Ibnu Febry Kurniawan,Lusia Rakhmawati
_VFGVQQAAAAJ,psg8hdoAAAAJ,0.4948752224445343,0.01669233664870262,False,Berlian Maulidya Izzati,Bonda Sisephaputra
5uDKOUMAAAAJ,6RBIukkAAAAJ,0.49348220229148865,0.013593219220638275,False,Heri Purnawan,Yatim Riyanto
MnI3Tm0AAAAJ,N40Vh64AAAAJ,0.4922964870929718,0.012518726289272308,False,Sayyidul Aulia Alamsyah,Raden Roro Hapsari Peni Agustin T
RES4QIQAAAAJ,aW1lSOYAAAAJ,0.49213969707489014,0.09748771041631699,False,Arif Widodo,Aditya Chandra Hermawan
ZhJ08JkAAAAJ,fkxhjZ4AAAAJ,0.4918805658817291,0.06655439734458923,False,Bachtiar Syaiful Bachri,Ronggo Alit
34CwHgkAAAAJ,DsVi_OAAAAAJ,0.49117493629455566,0.04496411606669426,False,Riza Akhsani Setyo Prayoga,Nadia Nur Thahirrah
IJIEntMAAAAJ,JsEkeOsAAAAJ,0.4904934763908386,0.03518345579504967,False,Yeni Anistyasari,Ari Kurniawan
cPj-iOIAAAAJ,p1pK7E4AAAAJ,0.4900396168231964,0.07970327138900757,False,Ricky Eka Putra,Subuh Isnur Haryudo
Tp_X_bYAAAAJ,n7IAKI0AAAAJ,0.4898518919944763,0.06457053124904633,False,Farid Baskoro,Joko
VwvPnrcAAAAJ,hrVTt4kAAAAJ,0.4898011088371277,0.032044362276792526,False,Nisa Dwi Septiyanti,Monica Cinthya
Hl6bqU8AAAAJ,RvG7jG4AAAAJ,0.48955973982810974,0.05774833634495735,False,Rindu Puspita Wibawa,I Made Suartana
N40Vh64AAAAJ,lFCI_vsAAAAJ,0.4877578616142273,0.024091996252536774,False,Raden Roro Hapsari Peni Agustin T,Atik Wintarti
34CwHgkAAAAJ,NO8mJucAAAAJ,0.4876728057861328,0.032283104956150055,True,Riza Akhsani Setyo Prayoga,Wahyu Sasongko Putro
Hl6bqU8AAAAJ,jPKU5cAAAAAJ,0.4872642159461975,0.04380856454372406,False,Rindu Puspita Wibawa,Anggraeni Widya Purwita
2lw6P3IAAAAJ,4Yhmpg0AAAAJ,0.48641934990882874,0.04825659096240997,False,Muhammad Febrilian Dwi Syahputra,Hujjatullah Fazlurrahman
IJIEntMAAAAJ,nWPONc8AAAAJ,0.48641467094421387,0.08066295832395554,False,Yeni Anistyasari,Lusia Rakhmawati
AYI1rosAAAAJ,MnI3Tm0AAAAJ,0.4861446022987366,0.07034048438072205,True,Nurhayati,Sayyidul Aulia Alamsyah
4d_6xxEAAAAJ,jPKU5cAAAAAJ,0.48502466082572937,0.05821710824966431,False,Ghea Sekar Palupi,Anggraeni Widya Purwita
Jzuk6doAAAAJ,hn5jrnAAAAAJ,0.48498237133026123,0.08648976683616638,True,Aries Dwi Indriyanti,Yuni Yamasari
34CwHgkAAAAJ,Em3aIV0AAAAJ,0.4841843545436859,0.05585583671927452,False,Riza Akhsani Setyo Prayoga,Ramadhan Cakra Wibawa
MnI3Tm0AAAAJ,n7IAKI0AAAAJ,0.4820594787597656,0.04088699072599411,False,Sayyidul Aulia Alamsyah,Joko
CxdwNaYAAAAJ,ZhJ08JkAAAAJ,0.4818990230560303,0.050168756395578384,False,Wiyli Yustanti,Bachtiar Syaiful Bachri
VwvPnrcAAAAJ,q24bD6AAAAAJ,0.4809624254703522,0.04344769939780235,False,Nisa Dwi Septiyanti,Martini Dwi Endah Susanti
cPj-iOIAAAAJ,hjllQ9gAAAAJ,0.47991350293159485,0.09758005291223526,True,Ricky Eka Putra,Nur Kholis
Thp8jg0AAAAJ,y_OiarcAAAAJ,0.47988733649253845,0.015245983377099037,False,Dodik Arwin Dermawan,Yandhika Surya Akbar Gumilang
lmlBHlsAAAAJ,sHANI1gAAAAJ,0.4795662760734558,0.10732980072498322,False,Widi Aribowo,Rifqi Firmansyah
Em3aIV0AAAAJ,IJIEntMAAAAJ,0.47926434874534607,0.05528585612773895,False,Ramadhan Cakra Wibawa,Yeni Anistyasari
8wFXNjYAAAAJ,tzjThtIAAAAJ,0.47798800468444824,0.08131993561983109,False,Naim Rochmawati,Elly Matul Imah
LeRoniwAAAAJ,UL2-upoAAAAJ,0.4760405123233795,0.030952969565987587,False,Farhanna Mari,Dana Azizah Rahmat
FZ00CQ8AAAAJ,b81qaDkAAAAJ,0.4741317331790924,0.0839347168803215,False,Rizky Basatha,Anita Safitri
fkxhjZ4AAAAJ,lmlBHlsAAAAJ,0.4735666513442993,0.05825160816311836,False,Ronggo Alit,Widi Aribowo
UL2-upoAAAAJ,fkxhjZ4AAAAJ,0.4725375771522522,0.043078355491161346,False,Dana Azizah Rahmat,Ronggo Alit
8wFXNjYAAAAJ,lmlBHlsAAAAJ,0.471968412399292,0.09812787920236588,False,Naim Rochmawati,Widi Aribowo
CxdwNaYAAAAJ,psg8hdoAAAAJ,0.47147321701049805,0.053677212446928024,False,Wiyli Yustanti,Bonda Sisephaputra
6f4j4TYAAAAJ,sHANI1gAAAAJ,0.4713355302810669,0.1252751499414444,False,Mahendra Widyartono,Rifqi Firmansyah
6RBIukkAAAAJ,nyyfjCgAAAAJ,0.46979063749313354,0.012190855108201504,False,Yatim Riyanto,Rifqi Abdillah
MZCJPuIAAAAJ,nWPONc8AAAAJ,0.46966806054115295,0.04324359446763992,False,Fajar Arianto,Lusia Rakhmawati
MnI3Tm0AAAAJ,j8HRV1wAAAAJ,0.4687216877937317,0.09501957893371582,True,Sayyidul Aulia Alamsyah,Bambang Suprianto
1hm7MM8AAAAJ,MZCJPuIAAAAJ,0.46702709794044495,0.08431200683116913,False,Reza Rahmadian,Fajar Arianto
ZhJ08JkAAAAJ,nyyfjCgAAAAJ,0.46669483184814453,0.01862829364836216,False,Bachtiar Syaiful Bachri,Rifqi Abdillah
9BWyE0UAAAAJ,aW1lSOYAAAAJ,0.4657338559627533,0.11275404691696167,False,Endryansyah,Aditya Chandra Hermawan
2lw6P3IAAAAJ,C_EGqeMAAAAJ,0.4655129313468933,0.026128340512514114,False,Muhammad Febrilian Dwi Syahputra,Namira Roudlotul Jannah
5uDKOUMAAAAJ,MnI3Tm0AAAAJ,0.46544864773750305,0.02475431188941002,False,Heri Purnawan,Sayyidul Aulia Alamsyah
7EQjv9wAAAAJ,nyyfjCgAAAAJ,0.4650595188140869,0.01737864315509796,False,Asmunin,Rifqi Abdillah
6ifThF0AAAAJ,hrVTt4kAAAAJ,0.46427521109580994,0.0364919938147068,False,Ika Diyah Candra Arifah,Monica Cinthya
34CwHgkAAAAJ,psg8hdoAAAAJ,0.4632641673088074,0.03429550677537918,False,Riza Akhsani Setyo Prayoga,Bonda Sisephaputra
WdhKN0sAAAAJ,qtFw9UMAAAAJ,0.46187469363212585,0.04183594509959221,False,Aditya Prapanca,Bambang Sujatmiko
UL2-upoAAAAJ,wlGfsB0AAAAJ,0.46099504828453064,0.07281197607517242,False,Dana Azizah Rahmat,Salamun Rohman Nudin
BIrtbD8AAAAJ,lFCI_vsAAAAJ,0.46021971106529236,0.020035410299897194,False,Ibnu Febry Kurniawan,Atik Wintarti
CxdwNaYAAAAJ,pb3-UjwAAAAJ,0.4597122371196747,0.05028825253248215,False,Wiyli Yustanti,Moch Deny Pratama
CxdwNaYAAAAJ,Iq3gzh4AAAAJ,0.45915523171424866,0.06851270794868469,True,Wiyli Yustanti,Andi Mariono
psg8hdoAAAAJ,t5f89iIAAAAJ,0.4579245448112488,0.033980704843997955,False,Bonda Sisephaputra,Andi Iwan Nurhidayat
N6RJilIAAAAJ,eEtHoOAAAAAJ,0.4577021598815918,0.07434109598398209,True,Anita Qoiriah,Rahadian Bisma
Thp8jg0AAAAJ,p4gdgRgAAAAJ,0.45712044835090637,0.07327047735452652,False,Dodik Arwin Dermawan,Rusijono
4Yhmpg0AAAAJ,FZ00CQ8AAAAJ,0.4561484754085541,0.062295254319906235,False,Hujjatullah Fazlurrahman,Rizky Basatha
-BuJoD0AAAAJ,t5f89iIAAAAJ,0.455394446849823,0.04481641948223114,False,Ratih Amelia,Andi Iwan Nurhidayat
2lw6P3IAAAAJ,W7ncZRgAAAAJ,0.4552465081214905,0.05751485377550125,False,Muhammad Febrilian Dwi Syahputra,Hafid Kholidi Hadi
2lw6P3IAAAAJ,jPKU5cAAAAAJ,0.4550321102142334,0.06366778165102005,False,Muhammad Febrilian Dwi Syahputra,Anggraeni Widya Purwita
Jzuk6doAAAAJ,RvG7jG4AAAAJ,0.45438840985298157,0.059655915945768356,False,Aries Dwi Indriyanti,I Made Suartana
b81qaDkAAAAJ,cY1QGVEAAAAJ,0.45427727699279785,0.059381984174251556,True,Anita Safitri,Muhammad Sonhaji Akbar
6RBIukkAAAAJ,fkxhjZ4AAAAJ,0.4539344012737274,0.05149389058351517,False,Yatim Riyanto,Ronggo Alit
VwvPnrcAAAAJ,n7ykK-IAAAAJ,0.4536162316799164,0.050921209156513214,False,Nisa Dwi Septiyanti,Dhiyan Septa Wihara
-gGGkMcAAAAJ,C_EGqeMAAAAJ,0.4533425569534302,0.020794490352272987,False,Faris Abdi El Hakim,Namira Roudlotul Jannah
Jzuk6doAAAAJ,VwvPnrcAAAAJ,0.45330810546875,0.0207433570176363,False,Aries Dwi Indriyanti,Nisa Dwi Septiyanti
CxdwNaYAAAAJ,q24bD6AAAAAJ,0.45236819982528687,0.048275452107191086,False,Wiyli Yustanti,Martini Dwi Endah Susanti
fkxhjZ4AAAAJ,p1pK7E4AAAAJ,0.4519116282463074,0.04331281781196594,False,Ronggo Alit,Subuh Isnur Haryudo
FZ00CQ8AAAAJ,N6RJilIAAAAJ,0.4516277611255646,0.06537291407585144,False,Rizky Basatha,Anita Qoiriah
4d_6xxEAAAAJ,VwvPnrcAAAAJ,0.45145946741104126,0.059560272842645645,False,Ghea Sekar Palupi,Nisa Dwi Septiyanti
AX-w0AEAAAAJ,BIrtbD8AAAAJ,0.4513944685459137,0.032144635915756226,False,Hasanuddin Al-Habib,Ibnu Febry Kurniawan
CxdwNaYAAAAJ,XdEn69YAAAAJ,0.45065951347351074,0.08181941509246826,False,Wiyli Yustanti,Cendra Devayana Putra
8wFXNjYAAAAJ,A9L19RMAAAAJ,0.4506379961967468,0.04937378317117691,True,Naim Rochmawati,Pradini Puspitaningayu
6ifThF0AAAAJ,cY1QGVEAAAAJ,0.44886162877082825,0.050835736095905304,False,Ika Diyah Candra Arifah,Muhammad Sonhaji Akbar
1hm7MM8AAAAJ,Iq3gzh4AAAAJ,0.4484381675720215,0.08686783909797668,False,Reza Rahmadian,Andi Mariono
-gGGkMcAAAAJ,LeRoniwAAAAJ,0.44748732447624207,0.023936282843351364,False,Faris Abdi El Hakim,Farhanna Mari
OwdLKtQAAAAJ,lFCI_vsAAAAJ,0.44676443934440613,0.04582301899790764,False,Fitria,Atik Wintarti
_n2j0ZAAAAAJ,lFCI_vsAAAAJ,0.4467552900314331,0.03267044946551323,True,I Gusti Lanang Putra Eka Prismana,Atik Wintarti
AYI1rosAAAAJ,MZCJPuIAAAAJ,0.4457038342952728,0.04040031507611275,False,Nurhayati,Fajar Arianto
1hm7MM8AAAAJ,sHANI1gAAAAJ,0.4456941783428192,0.07615450769662857,False,Reza Rahmadian,Rifqi Firmansyah
6RBIukkAAAAJ,IJIEntMAAAAJ,0.4451664388179779,0.05090324208140373,False,Yatim Riyanto,Yeni Anistyasari
C_EGqeMAAAAJ,fkxhjZ4AAAAJ,0.44471412897109985,0.011762017384171486,False,Namira Roudlotul Jannah,Ronggo Alit
6RBIukkAAAAJ,CxdwNaYAAAAJ,0.4439496099948883,0.03600601851940155,True,Yatim Riyanto,Wiyli Yustanti
4VXQFKYAAAAJ,wwhACXoAAAAJ,0.44385382533073425,0.040541987866163254,False,Renny Sari Dewi,M Adamu Islam Mashuri
Iq3gzh4AAAAJ,nyyfjCgAAAAJ,0.44239139556884766,0.025846291333436966,True,Andi Mariono,Rifqi Abdillah
1hm7MM8AAAAJ,bTjH6IgAAAAJ,0.44126683473587036,0.1043437123298645,False,Reza Rahmadian,Achmad Kautsar
_VFGVQQAAAAJ,i0pkJZoAAAAJ,0.4411633312702179,0.02947017177939415,False,Berlian Maulidya Izzati,Yuni Rosita Dewi
FZ00CQ8AAAAJ,Jzuk6doAAAAJ,0.44096338748931885,0.03696572408080101,False,Rizky Basatha,Aries Dwi Indriyanti
XdEn69YAAAAJ,lFCI_vsAAAAJ,0.4409046471118927,0.031524937599897385,True,Cendra Devayana Putra,Atik Wintarti
CxdwNaYAAAAJ,lmlBHlsAAAAJ,0.43993648886680603,0.08760140091180801,True,Wiyli Yustanti,Widi Aribowo
nyyfjCgAAAAJ,qtFw9UMAAAAJ,0.4392765760421753,0.012918594293296337,False,Rifqi Abdillah,Bambang Sujatmiko
LeRoniwAAAAJ,y_OiarcAAAAJ,0.4367094337940216,0.009853831492364407,True,Farhanna Mari,Yandhika Surya Akbar Gumilang
CxdwNaYAAAAJ,nbtuM4IAAAAJ,0.4348819851875305,0.06041248142719269,False,Wiyli Yustanti,Parama Diptya Widayaka
1hm7MM8AAAAJ,nWPONc8AAAAJ,0.43487390875816345,0.1281001716852188,False,Reza Rahmadian,Lusia Rakhmawati
VwvPnrcAAAAJ,i0pkJZoAAAAJ,0.43467748165130615,0.05614427477121353,False,Nisa Dwi Septiyanti,Yuni Rosita Dewi
MZCJPuIAAAAJ,XdEn69YAAAAJ,0.4335300922393799,0.04350779205560684,False,Fajar Arianto,Cendra Devayana Putra
MnI3Tm0AAAAJ,lFCI_vsAAAAJ,0.4334590435028076,0.016410619020462036,False,Sayyidul Aulia Alamsyah,Atik Wintarti
Jzuk6doAAAAJ,nWPONc8AAAAJ,0.4334009885787964,0.0431276299059391,True,Aries Dwi Indriyanti,Lusia Rakhmawati
nWPONc8AAAAJ,qtFw9UMAAAAJ,0.43326273560523987,0.015865353867411613,False,Lusia Rakhmawati,Bambang Sujatmiko
IJIEntMAAAAJ,n7IAKI0AAAAJ,0.432984322309494,0.026814311742782593,False,Yeni Anistyasari,Joko
LsydBAMAAAAJ,hn5jrnAAAAAJ,0.43200013041496277,0.08234208822250366,False,Puput Wanarti Rusimamto,Yuni Yamasari
4Yhmpg0AAAAJ,XdEn69YAAAAJ,0.4314931035041809,0.0487947054207325,False,Hujjatullah Fazlurrahman,Cendra Devayana Putra
FZ00CQ8AAAAJ,WdhKN0sAAAAJ,0.43130913376808167,0.05035994574427605,False,Rizky Basatha,Aditya Prapanca
pb3-UjwAAAAJ,qtFw9UMAAAAJ,0.43045398592948914,0.013840248808264732,True,Moch Deny Pratama,Bambang Sujatmiko
6ifThF0AAAAJ,wwhACXoAAAAJ,0.42999762296676636,0.03514660894870758,False,Ika Diyah Candra Arifah,M Adamu Islam Mashuri
4d_6xxEAAAAJ,RvG7jG4AAAAJ,0.4298434555530548,0.04167981818318367,False,Ghea Sekar Palupi,I Made Suartana
Em3aIV0AAAAJ,nyyfjCgAAAAJ,0.4298335015773773,0.024437235668301582,True,Ramadhan Cakra Wibawa,Rifqi Abdillah
DiBTIz4AAAAJ,N40Vh64AAAAJ,0.4297882616519928,0.029345039278268814,False,Riskyana Dewi Intan P,Raden Roro Hapsari Peni Agustin T
aW1lSOYAAAAJ,z7RWDi0AAAAJ,0.42900264263153076,0.12553930282592773,False,Aditya Chandra Hermawan,Tri Rijanto
-BuJoD0AAAAJ,EBgY5K0AAAAJ,0.4285516142845154,0.05387002229690552,False,Ratih Amelia,Moch. Badrus Oleh
8wFXNjYAAAAJ,Tp_X_bYAAAAJ,0.4285406470298767,0.08521375805139542,False,Naim Rochmawati,Farid Baskoro
pb3-UjwAAAAJ,z7RWDi0AAAAJ,0.42737749218940735,0.04437548667192459,False,Moch Deny Pratama,Tri Rijanto
-BuJoD0AAAAJ,jPKU5cAAAAAJ,0.4264426529407501,0.052473053336143494,False,Ratih Amelia,Anggraeni Widya Purwita
DsVi_OAAAAAJ,XdEn69YAAAAJ,0.4260406196117401,0.03363562747836113,False,Nadia Nur Thahirrah,Cendra Devayana Putra
S6IJ51cAAAAJ,fkxhjZ4AAAAJ,0.4251822531223297,0.04765518009662628,True,Unit Three Kartini,Ronggo Alit
1hm7MM8AAAAJ,YADiqesAAAAJ,0.42463403940200806,0.07324916124343872,False,Reza Rahmadian,Ekohariadi
CxdwNaYAAAAJ,Tp_X_bYAAAAJ,0.4245392084121704,0.07416929304599762,True,Wiyli Yustanti,Farid Baskoro
6f4j4TYAAAAJ,n7IAKI0AAAAJ,0.4233205020427704,0.07093483954668045,False,Mahendra Widyartono,Joko
hjllQ9gAAAAJ,qtFw9UMAAAAJ,0.4225464165210724,0.0184946171939373,False,Nur Kholis,Bambang Sujatmiko
AjvtBWIAAAAJ,nyyfjCgAAAAJ,0.4219396710395813,0.015490812249481678,False,Siti Masitoh,Rifqi Abdillah
Smb2eg8AAAAJ,zDgqPOsAAAAJ,0.42177870869636536,0.0729825422167778,False,Nanang Hoesen. H. A.,Mustaji
CxdwNaYAAAAJ,FZ00CQ8AAAAJ,0.4214044213294983,0.04808975011110306,False,Wiyli Yustanti,Rizky Basatha
Thp8jg0AAAAJ,t5f89iIAAAAJ,0.4206441342830658,0.040849506855010986,False,Dodik Arwin Dermawan,Andi Iwan Nurhidayat
Jzuk6doAAAAJ,N6RJilIAAAAJ,0.4200400412082672,0.08377734571695328,False,Aries Dwi Indriyanti,Anita Qoiriah
LsydBAMAAAAJ,pb3-UjwAAAAJ,0.41979730129241943,0.07938113808631897,True,Puput Wanarti Rusimamto,Moch Deny Pratama
-gGGkMcAAAAJ,hn5jrnAAAAAJ,0.41954463720321655,0.05113926902413368,False,Faris Abdi El Hakim,Yuni Yamasari
1hm7MM8AAAAJ,TAAC1-AAAAAJ,0.4189409911632538,0.07010844349861145,False,Reza Rahmadian,I Gde Agung Sri Sidhimantra
A9L19RMAAAAJ,tzjThtIAAAAJ,0.4186359941959381,0.025289716199040413,False,Pradini Puspitaningayu,Elly Matul Imah
-BuJoD0AAAAJ,cY1QGVEAAAAJ,0.41760483384132385,0.07778037339448929,False,Ratih Amelia,Muhammad Sonhaji Akbar
34CwHgkAAAAJ,cPj-iOIAAAAJ,0.4167601764202118,0.056947529315948486,False,Riza Akhsani Setyo Prayoga,Ricky Eka Putra
EBgY5K0AAAAJ,bTjH6IgAAAAJ,0.4164090156555176,0.06406214833259583,True,Moch. Badrus Oleh,Achmad Kautsar
bTjH6IgAAAAJ,jPKU5cAAAAAJ,0.4147127568721771,0.04672486335039139,False,Achmad Kautsar,Anggraeni Widya Purwita
VwvPnrcAAAAJ,_VFGVQQAAAAJ,0.4135141670703888,0.05377182736992836,False,Nisa Dwi Septiyanti,Berlian Maulidya Izzati
2lw6P3IAAAAJ,DrE0Lf8AAAAJ,0.4129549264907837,0.05330057442188263,False,Muhammad Febrilian Dwi Syahputra,Fresha Kharisma
IJIEntMAAAAJ,ZjPpHWsAAAAJ,0.4121786653995514,0.019177746027708054,False,Yeni Anistyasari,Erik Rahman
nbtuM4IAAAAJ,pb3-UjwAAAAJ,0.4111270010471344,0.06559279561042786,False,Parama Diptya Widayaka,Moch Deny Pratama
MZCJPuIAAAAJ,WdhKN0sAAAAJ,0.41019144654273987,0.08297349512577057,False,Fajar Arianto,Aditya Prapanca
Iq3gzh4AAAAJ,cPj-iOIAAAAJ,0.41005629301071167,0.0752599909901619,False,Andi Mariono,Ricky Eka Putra
AaC4eAwAAAAJ,nWPONc8AAAAJ,0.40992456674575806,0.02918485924601555,False,Fadhilah Qalbi Annisa,Lusia Rakhmawati
9BWyE0UAAAAJ,nyyfjCgAAAAJ,0.40971803665161133,0.10234702378511429,True,Endryansyah,Rifqi Abdillah
AYI1rosAAAAJ,WdhKN0sAAAAJ,0.40958136320114136,0.1120574027299881,False,Nurhayati,Aditya Prapanca
MnI3Tm0AAAAJ,z7RWDi0AAAAJ,0.4091755747795105,0.055180300027132034,False,Sayyidul Aulia Alamsyah,Tri Rijanto
b4_EdJYAAAAJ,nyyfjCgAAAAJ,0.4091587960720062,0.007755527272820473,False,Moh. Khoridatul Huda,Rifqi Abdillah
8wFXNjYAAAAJ,t5f89iIAAAAJ,0.4085061550140381,0.06163787096738815,True,Naim Rochmawati,Andi Iwan Nurhidayat
b4_EdJYAAAAJ,cY1QGVEAAAAJ,0.40841034054756165,0.03784520924091339,False,Moh. Khoridatul Huda,Muhammad Sonhaji Akbar
JsEkeOsAAAAJ,W7ncZRgAAAAJ,0.4078965485095978,0.09871213138103485,False,Ari Kurniawan,Hafid Kholidi Hadi
DrE0Lf8AAAAJ,XdEn69YAAAAJ,0.40754976868629456,0.05037844926118851,False,Fresha Kharisma,Cendra Devayana Putra
i0pkJZoAAAAJ,y_OiarcAAAAJ,0.4066781997680664,0.016566606238484383,False,Yuni Rosita Dewi,Yandhika Surya Akbar Gumilang
ne31is4AAAAJ,y_OiarcAAAAJ,0.40616005659103394,0.016953226178884506,False,Danang Ary Dewangga,Yandhika Surya Akbar Gumilang
Thp8jg0AAAAJ,WdhKN0sAAAAJ,0.4059305191040039,0.09528343379497528,False,Dodik Arwin Dermawan,Aditya Prapanca
CxdwNaYAAAAJ,LsydBAMAAAAJ,0.4056912660598755,0.06485898792743683,False,Wiyli Yustanti,Puput Wanarti Rusimamto
MZCJPuIAAAAJ,z7RWDi0AAAAJ,0.40531009435653687,0.0696527436375618,False,Fajar Arianto,Tri Rijanto
N40Vh64AAAAJ,tzjThtIAAAAJ,0.4051875174045563,0.034852396696805954,False,Raden Roro Hapsari Peni Agustin T,Elly Matul Imah
Smb2eg8AAAAJ,hrVTt4kAAAAJ,0.40487122535705566,0.028623005375266075,False,Nanang Hoesen. H. A.,Monica Cinthya
IJIEntMAAAAJ,pb3-UjwAAAAJ,0.4040892422199249,0.047930408269166946,False,Yeni Anistyasari,Moch Deny Pratama
ZhJ08JkAAAAJ,z7RWDi0AAAAJ,0.40380609035491943,0.053195834159851074,False,Bachtiar Syaiful Bachri,Tri Rijanto
hn5jrnAAAAAJ,nbtuM4IAAAAJ,0.40367186069488525,0.07346080243587494,False,Yuni Yamasari,Parama Diptya Widayaka
2lw6P3IAAAAJ,UL2-upoAAAAJ,0.40221577882766724,0.06932760030031204,False,Muhammad Febrilian Dwi Syahputra,Dana Azizah Rahmat
FZ00CQ8AAAAJ,nyyfjCgAAAAJ,0.40163207054138184,0.011693356558680534,False,Rizky Basatha,Rifqi Abdillah
RNJ3vNQAAAAJ,lFCI_vsAAAAJ,0.40153971314430237,0.011592177674174309,False,Harmon Prayogi,Atik Wintarti
N40Vh64AAAAJ,nyyfjCgAAAAJ,0.401062935590744,0.01925329491496086,False,Raden Roro Hapsari Peni Agustin T,Rifqi Abdillah
8wFXNjYAAAAJ,AX-w0AEAAAAJ,0.40095749497413635,0.05525780841708183,False,Naim Rochmawati,Hasanuddin Al-Habib
lFCI_vsAAAAJ,zDgqPOsAAAAJ,0.40016576647758484,0.0708027109503746,False,Atik Wintarti,Mustaji
IJIEntMAAAAJ,eEtHoOAAAAAJ,0.39911213517189026,0.04577642306685448,False,Yeni Anistyasari,Rahadian Bisma
NO8mJucAAAAJ,wwhACXoAAAAJ,0.3989151120185852,0.03098386898636818,False,Wahyu Sasongko Putro,M Adamu Islam Mashuri
WdhKN0sAAAAJ,psg8hdoAAAAJ,0.39860230684280396,0.05683193355798721,False,Aditya Prapanca,Bonda Sisephaputra
ZhJ08JkAAAAJ,cPj-iOIAAAAJ,0.39829736948013306,0.052889633923769,False,Bachtiar Syaiful Bachri,Ricky Eka Putra
2lw6P3IAAAAJ,VwvPnrcAAAAJ,0.3956529200077057,0.06495922058820724,False,Muhammad Febrilian Dwi Syahputra,Nisa Dwi Septiyanti
LsydBAMAAAAJ,ZjPpHWsAAAAJ,0.3953199088573456,0.009721445851027966,False,Puput Wanarti Rusimamto,Erik Rahman
6RBIukkAAAAJ,Jzuk6doAAAAJ,0.3947421908378601,0.029127608984708786,False,Yatim Riyanto,Aries Dwi Indriyanti
6MXDzBQAAAAJ,MnI3Tm0AAAAJ,0.3940236270427704,0.08049145340919495,True,Lilik Anifah,Sayyidul Aulia Alamsyah
8wFXNjYAAAAJ,p1pK7E4AAAAJ,0.39382609724998474,0.07875237613916397,False,Naim Rochmawati,Subuh Isnur Haryudo
cPj-iOIAAAAJ,lmlBHlsAAAAJ,0.39245808124542236,0.10037697106599808,False,Ricky Eka Putra,Widi Aribowo
-BuJoD0AAAAJ,-tpBKawAAAAJ,0.3923923969268799,0.058582890778779984,False,Ratih Amelia,Dimas Novian Aditia Syahputra
-gGGkMcAAAAJ,7EQjv9wAAAAJ,0.3921327590942383,0.0564967542886734,False,Faris Abdi El Hakim,Asmunin
Thp8jg0AAAAJ,nWPONc8AAAAJ,0.391267329454422,0.03902089223265648,False,Dodik Arwin Dermawan,Lusia Rakhmawati
ZhJ08JkAAAAJ,b4_EdJYAAAAJ,0.39110633730888367,0.023433977738022804,False,Bachtiar Syaiful Bachri,Moh. Khoridatul Huda
6RBIukkAAAAJ,b4_EdJYAAAAJ,0.3910614252090454,0.034403473138809204,False,Yatim Riyanto,Moh. Khoridatul Huda
aW1lSOYAAAAJ,yObeL8gAAAAJ,0.39045655727386475,0.15123368799686432,False,Aditya Chandra Hermawan,I Gusti Putu Asto Buditjahjanto
DrE0Lf8AAAAJ,FZ00CQ8AAAAJ,0.3893173933029175,0.07020235806703568,False,Fresha Kharisma,Rizky Basatha
VwvPnrcAAAAJ,yXy6kW0AAAAJ,0.3892999589443207,0.03986717760562897,False,Nisa Dwi Septiyanti,Harun Al Rosyid
-_VNTSIAAAAJ,b4_EdJYAAAAJ,0.3888698220252991,0.06717786192893982,False,Agus Prihanto,Moh. Khoridatul Huda
EBgY5K0AAAAJ,dfwr-2YAAAAJ,0.388542503118515,0.05537585914134979,False,Moch. Badrus Oleh,Muhammad Fajar Wahyudi Rahman
2lw6P3IAAAAJ,7EQjv9wAAAAJ,0.3867699205875397,0.03758001700043678,False,Muhammad Febrilian Dwi Syahputra,Asmunin
IJIEntMAAAAJ,p4gdgRgAAAAJ,0.3862425684928894,0.047752656042575836,False,Yeni Anistyasari,Rusijono
A9L19RMAAAAJ,q-sbahIAAAAJ,0.3854982256889343,0.01751938834786415,True,Pradini Puspitaningayu,Ulfa Siti Nuraini
nWPONc8AAAAJ,sHANI1gAAAAJ,0.3851233720779419,0.05627214163541794,False,Lusia Rakhmawati,Rifqi Firmansyah
Hl6bqU8AAAAJ,nWPONc8AAAAJ,0.3850078582763672,0.03535659611225128,True,Rindu Puspita Wibawa,Lusia Rakhmawati
Jzuk6doAAAAJ,jJBtZPgAAAAJ,0.3847487270832062,0.017434794455766678,False,Aries Dwi Indriyanti,Siska Puspitaningsih
FZ00CQ8AAAAJ,OffRzhoAAAAJ,0.3842334747314453,0.051651518791913986,False,Rizky Basatha,Dwi Fatrianto Suyatno
b4_EdJYAAAAJ,qtFw9UMAAAAJ,0.3840096592903137,0.03658822178840637,False,Moh. Khoridatul Huda,Bambang Sujatmiko
AX-w0AEAAAAJ,Mr22rjsAAAAJ,0.38377895951271057,0.028147412464022636,False,Hasanuddin Al-Habib,Hesti Khuzaimah Nurul Yusufiyah
WdhKN0sAAAAJ,XdEn69YAAAAJ,0.38341009616851807,0.0952661857008934,False,Aditya Prapanca,Cendra Devayana Putra
LeRoniwAAAAJ,wwhACXoAAAAJ,0.38237231969833374,0.025100618600845337,False,Farhanna Mari,M Adamu Islam Mashuri
L6O1lvkAAAAJ,ZjPpHWsAAAAJ,0.3816359341144562,0.00901531521230936,False,Tri Wrahatnolo,Erik Rahman
W7ncZRgAAAAJ,wlGfsB0AAAAJ,0.38082802295684814,0.0756569653749466,False,Hafid Kholidi Hadi,Salamun Rohman Nudin
6MXDzBQAAAAJ,MZCJPuIAAAAJ,0.38015949726104736,0.042342208325862885,False,Lilik Anifah,Fajar Arianto
hjllQ9gAAAAJ,lFCI_vsAAAAJ,0.38003942370414734,0.031763821840286255,False,Nur Kholis,Atik Wintarti
34CwHgkAAAAJ,ne31is4AAAAJ,0.37982290983200073,0.03264389932155609,False,Riza Akhsani Setyo Prayoga,Danang Ary Dewangga
MZCJPuIAAAAJ,MnI3Tm0AAAAJ,0.37914344668388367,0.01814289763569832,True,Fajar Arianto,Sayyidul Aulia Alamsyah
DsVi_OAAAAAJ,Thp8jg0AAAAJ,0.3791038393974304,0.06610012799501419,False,Nadia Nur Thahirrah,Dodik Arwin Dermawan
MZCJPuIAAAAJ,N6RJilIAAAAJ,0.37895235419273376,0.05941571295261383,False,Fajar Arianto,Anita Qoiriah
OffRzhoAAAAJ,WdhKN0sAAAAJ,0.3784622550010681,0.043923307210206985,True,Dwi Fatrianto Suyatno,Aditya Prapanca
-gGGkMcAAAAJ,wlGfsB0AAAAJ,0.3782668709754944,0.052841201424598694,False,Faris Abdi El Hakim,Salamun Rohman Nudin
5uDKOUMAAAAJ,AjvtBWIAAAAJ,0.3769614100456238,0.015821266919374466,False,Heri Purnawan,Siti Masitoh
CxdwNaYAAAAJ,OffRzhoAAAAJ,0.3767310380935669,0.037557151168584824,False,Wiyli Yustanti,Dwi Fatrianto Suyatno
YADiqesAAAAJ,hjllQ9gAAAAJ,0.37660303711891174,0.10432007163763046,False,Ekohariadi,Nur Kholis
hn5jrnAAAAAJ,j8HRV1wAAAAJ,0.37552720308303833,0.08362457156181335,False,Yuni Yamasari,Bambang Suprianto
OffRzhoAAAAJ,o4zdesUAAAAJ,0.3752215802669525,0.034955307841300964,False,Dwi Fatrianto Suyatno,Rakha Asyrofi
Jzuk6doAAAAJ,ZhJ08JkAAAAJ,0.3750309348106384,0.03265691176056862,False,Aries Dwi Indriyanti,Bachtiar Syaiful Bachri
FZ00CQ8AAAAJ,yXy6kW0AAAAJ,0.374663770198822,0.05944563075900078,False,Rizky Basatha,Harun Al Rosyid
DsVi_OAAAAAJ,itwnm-AAAAAJ,0.373582124710083,0.03945714607834816,False,Nadia Nur Thahirrah,Achmad Fitro
UL2-upoAAAAJ,XdEn69YAAAAJ,0.3727905750274658,0.024270614609122276,False,Dana Azizah Rahmat,Cendra Devayana Putra
RvG7jG4AAAAJ,nyyfjCgAAAAJ,0.372621089220047,0.04881088808178902,False,I Made Suartana,Rifqi Abdillah
ZhJ08JkAAAAJ,hn5jrnAAAAAJ,0.3721747100353241,0.05086154863238335,False,Bachtiar Syaiful Bachri,Yuni Yamasari
Iq3gzh4AAAAJ,b4_EdJYAAAAJ,0.37208276987075806,0.025667833164334297,False,Andi Mariono,Moh. Khoridatul Huda
4d_6xxEAAAAJ,XdEn69YAAAAJ,0.37199917435646057,0.03698081895709038,False,Ghea Sekar Palupi,Cendra Devayana Putra
N6RJilIAAAAJ,lFCI_vsAAAAJ,0.37141913175582886,0.08401231467723846,False,Anita Qoiriah,Atik Wintarti
-gGGkMcAAAAJ,4VXQFKYAAAAJ,0.37122032046318054,0.07411058247089386,False,Faris Abdi El Hakim,Renny Sari Dewi
6RBIukkAAAAJ,z7RWDi0AAAAJ,0.37119555473327637,0.028420457616448402,False,Yatim Riyanto,Tri Rijanto
LsydBAMAAAAJ,MZCJPuIAAAAJ,0.37034115195274353,0.05066313594579697,True,Puput Wanarti Rusimamto,Fajar Arianto
ZhJ08JkAAAAJ,psg8hdoAAAAJ,0.3702053725719452,0.05292263627052307,False,Bachtiar Syaiful Bachri,Bonda Sisephaputra
N6RJilIAAAAJ,nyyfjCgAAAAJ,0.3700667917728424,0.0632571205496788,False,Anita Qoiriah,Rifqi Abdillah
34CwHgkAAAAJ,nyyfjCgAAAAJ,0.3697606027126312,0.011327782645821571,True,Riza Akhsani Setyo Prayoga,Rifqi Abdillah
EBgY5K0AAAAJ,wlGfsB0AAAAJ,0.3695068359375,0.05358980968594551,False,Moch. Badrus Oleh,Salamun Rohman Nudin
IJIEntMAAAAJ,sHANI1gAAAAJ,0.3694010376930237,0.04345514997839928,False,Yeni Anistyasari,Rifqi Firmansyah
EBgY5K0AAAAJ,XdEn69YAAAAJ,0.3693734109401703,0.027489036321640015,False,Moch. Badrus Oleh,Cendra Devayana Putra
IJIEntMAAAAJ,ZBAnb64AAAAJ,0.36925065517425537,0.02939518541097641,False,Yeni Anistyasari,Ardhini Warih Utami
6ifThF0AAAAJ,y_OiarcAAAAJ,0.36899900436401367,0.01558403018862009,False,Ika Diyah Candra Arifah,Yandhika Surya Akbar Gumilang
DrE0Lf8AAAAJ,wlGfsB0AAAAJ,0.36850714683532715,0.07083244621753693,False,Fresha Kharisma,Salamun Rohman Nudin
bTjH6IgAAAAJ,y_OiarcAAAAJ,0.3682899475097656,0.017486436292529106,False,Achmad Kautsar,Yandhika Surya Akbar Gumilang
4d_6xxEAAAAJ,WdhKN0sAAAAJ,0.3674820363521576,0.04667433351278305,False,Ghea Sekar Palupi,Aditya Prapanca
Smb2eg8AAAAJ,VwvPnrcAAAAJ,0.36658594012260437,0.03865988552570343,False,Nanang Hoesen. H. A.,Nisa Dwi Septiyanti
_n2j0ZAAAAAJ,jPKU5cAAAAAJ,0.3663359582424164,0.032434865832328796,False,I Gusti Lanang Putra Eka Prismana,Anggraeni Widya Purwita
LeRoniwAAAAJ,wlGfsB0AAAAJ,0.36631524562835693,0.02415214292705059,False,Farhanna Mari,Salamun Rohman Nudin
b81qaDkAAAAJ,hjllQ9gAAAAJ,0.3662179708480835,0.05311090871691704,False,Anita Safitri,Nur Kholis
ZjPpHWsAAAAJ,z7RWDi0AAAAJ,0.36481717228889465,0.022618431597948074,False,Erik Rahman,Tri Rijanto
-tpBKawAAAAJ,UL2-upoAAAAJ,0.3642607033252716,0.06210806220769882,False,Dimas Novian Aditia Syahputra,Dana Azizah Rahmat
Thp8jg0AAAAJ,jJBtZPgAAAAJ,0.3641575872898102,0.020822156220674515,False,Dodik Arwin Dermawan,Siska Puspitaningsih
FZ00CQ8AAAAJ,RvG7jG4AAAAJ,0.3630375266075134,0.038336142897605896,False,Rizky Basatha,I Made Suartana
FZ00CQ8AAAAJ,_VFGVQQAAAAJ,0.3623811602592468,0.024924105033278465,False,Rizky Basatha,Berlian Maulidya Izzati
AjvtBWIAAAAJ,fkxhjZ4AAAAJ,0.3619577884674072,0.060515016317367554,False,Siti Masitoh,Ronggo Alit
LeRoniwAAAAJ,Thp8jg0AAAAJ,0.3602053225040436,0.028291502967476845,False,Farhanna Mari,Dodik Arwin Dermawan
TAAC1-AAAAAJ,n7ykK-IAAAAJ,0.3599865436553955,0.043192435055971146,False,I Gde Agung Sri Sidhimantra,Dhiyan Septa Wihara
fkxhjZ4AAAAJ,zDgqPOsAAAAJ,0.35874760150909424,0.06809680908918381,False,Ronggo Alit,Mustaji
AaC4eAwAAAAJ,nyyfjCgAAAAJ,0.35866495966911316,0.02488732896745205,False,Fadhilah Qalbi Annisa,Rifqi Abdillah
LeRoniwAAAAJ,hrVTt4kAAAAJ,0.35821232199668884,0.016273973509669304,False,Farhanna Mari,Monica Cinthya
7EQjv9wAAAAJ,y_OiarcAAAAJ,0.3578018844127655,0.019055098295211792,False,Asmunin,Yandhika Surya Akbar Gumilang
4Yhmpg0AAAAJ,wlGfsB0AAAAJ,0.3562666177749634,0.05941278114914894,False,Hujjatullah Fazlurrahman,Salamun Rohman Nudin
MZCJPuIAAAAJ,OwdLKtQAAAAJ,0.3562275767326355,0.03311960771679878,True,Fajar Arianto,Fitria
cY1QGVEAAAAJ,n7ykK-IAAAAJ,0.3549066185951233,0.03963211551308632,False,Muhammad Sonhaji Akbar,Dhiyan Septa Wihara
b4_EdJYAAAAJ,fkxhjZ4AAAAJ,0.35394909977912903,0.029555872082710266,True,Moh. Khoridatul Huda,Ronggo Alit
1hm7MM8AAAAJ,N6RJilIAAAAJ,0.3538220226764679,0.09707321971654892,False,Reza Rahmadian,Anita Qoiriah
NO8mJucAAAAJ,cY1QGVEAAAAJ,0.3537006378173828,0.034503694623708725,False,Wahyu Sasongko Putro,Muhammad Sonhaji Akbar
IJIEntMAAAAJ,zDgqPOsAAAAJ,0.3536706566810608,0.08729851990938187,False,Yeni Anistyasari,Mustaji
-gGGkMcAAAAJ,jJBtZPgAAAAJ,0.353514701128006,0.037389758974313736,False,Faris Abdi El Hakim,Siska Puspitaningsih
Hl6bqU8AAAAJ,hjllQ9gAAAAJ,0.353508323431015,0.03711569681763649,True,Rindu Puspita Wibawa,Nur Kholis
CxdwNaYAAAAJ,ZBAnb64AAAAJ,0.35265645384788513,0.043400589376688004,True,Wiyli Yustanti,Ardhini Warih Utami
Em3aIV0AAAAJ,lFCI_vsAAAAJ,0.3524591326713562,0.04030812531709671,False,Ramadhan Cakra Wibawa,Atik Wintarti
MZCJPuIAAAAJ,TAAC1-AAAAAJ,0.3521200716495514,0.06098991632461548,False,Fajar Arianto,I Gde Agung Sri Sidhimantra
6MXDzBQAAAAJ,6RBIukkAAAAJ,0.35175609588623047,0.011657677590847015,False,Lilik Anifah,Yatim Riyanto
DsVi_OAAAAAJ,wlGfsB0AAAAJ,0.3516577184200287,0.04952406883239746,False,Nadia Nur Thahirrah,Salamun Rohman Nudin
Jzuk6doAAAAJ,WdhKN0sAAAAJ,0.35123640298843384,0.0728009045124054,True,Aries Dwi Indriyanti,Aditya Prapanca
o4zdesUAAAAJ,y_OiarcAAAAJ,0.35099610686302185,0.02251112461090088,False,Rakha Asyrofi,Yandhika Surya Akbar Gumilang
Jzuk6doAAAAJ,UL2-upoAAAAJ,0.3508930504322052,0.016692573204636574,True,Aries Dwi Indriyanti,Dana Azizah Rahmat
FZ00CQ8AAAAJ,q24bD6AAAAAJ,0.3494431674480438,0.060781992971897125,False,Rizky Basatha,Martini Dwi Endah Susanti
RvG7jG4AAAAJ,psg8hdoAAAAJ,0.3487011194229126,0.039319705218076706,False,I Made Suartana,Bonda Sisephaputra
hjllQ9gAAAAJ,pb3-UjwAAAAJ,0.34869346022605896,0.05566074699163437,True,Nur Kholis,Moch Deny Pratama
CxdwNaYAAAAJ,Thp8jg0AAAAJ,0.34736931324005127,0.08396704494953156,False,Wiyli Yustanti,Dodik Arwin Dermawan
W7ncZRgAAAAJ,XdEn69YAAAAJ,0.34695228934288025,0.05128602311015129,False,Hafid Kholidi Hadi,Cendra Devayana Putra
Thp8jg0AAAAJ,_VFGVQQAAAAJ,0.34674862027168274,0.019156163558363914,False,Dodik Arwin Dermawan,Berlian Maulidya Izzati
A9L19RMAAAAJ,fkxhjZ4AAAAJ,0.34664440155029297,0.017969125881791115,False,Pradini Puspitaningayu,Ronggo Alit
8wFXNjYAAAAJ,Jzuk6doAAAAJ,0.344461053609848,0.06860208511352539,False,Naim Rochmawati,Aries Dwi Indriyanti
Mr22rjsAAAAJ,q-sbahIAAAAJ,0.3443453907966614,0.01799742504954338,False,Hesti Khuzaimah Nurul Yusufiyah,Ulfa Siti Nuraini
cPj-iOIAAAAJ,z7RWDi0AAAAJ,0.3436078131198883,0.06199530512094498,False,Ricky Eka Putra,Tri Rijanto
JsEkeOsAAAAJ,wlGfsB0AAAAJ,0.3432965576648712,0.08396938443183899,False,Ari Kurniawan,Salamun Rohman Nudin
bTjH6IgAAAAJ,wwhACXoAAAAJ,0.3431491553783417,0.036749500781297684,False,Achmad Kautsar,M Adamu Islam Mashuri
Iq3gzh4AAAAJ,nWPONc8AAAAJ,0.34303784370422363,0.03478660807013512,False,Andi Mariono,Lusia Rakhmawati
Tp_X_bYAAAAJ,fkxhjZ4AAAAJ,0.34281542897224426,0.04689162224531174,False,Farid Baskoro,Ronggo Alit
ZhJ08JkAAAAJ,nWPONc8AAAAJ,0.34269657731056213,0.02475404366850853,False,Bachtiar Syaiful Bachri,Lusia Rakhmawati
-tpBKawAAAAJ,LeRoniwAAAAJ,0.34261563420295715,0.01956244744360447,False,Dimas Novian Aditia Syahputra,Farhanna Mari
lFCI_vsAAAAJ,psg8hdoAAAAJ,0.34148913621902466,0.03665008768439293,False,Atik Wintarti,Bonda Sisephaputra
AYI1rosAAAAJ,ZhJ08JkAAAAJ,0.3413987457752228,0.026863573119044304,True,Nurhayati,Bachtiar Syaiful Bachri
WdhKN0sAAAAJ,ZBAnb64AAAAJ,0.34038081765174866,0.03480140119791031,False,Aditya Prapanca,Ardhini Warih Utami
XdEn69YAAAAJ,qtFw9UMAAAAJ,0.3393804728984833,0.02301926724612713,False,Cendra Devayana Putra,Bambang Sujatmiko
b81qaDkAAAAJ,nyyfjCgAAAAJ,0.33887621760368347,0.021015411242842674,False,Anita Safitri,Rifqi Abdillah
-_VNTSIAAAAJ,7EQjv9wAAAAJ,0.3387460708618164,0.08194123208522797,False,Agus Prihanto,Asmunin
6RBIukkAAAAJ,MnI3Tm0AAAAJ,0.33824366331100464,0.007243085652589798,False,Yatim Riyanto,Sayyidul Aulia Alamsyah
LsydBAMAAAAJ,cPj-iOIAAAAJ,0.338008850812912,0.08041910082101822,False,Puput Wanarti Rusimamto,Ricky Eka Putra
IJIEntMAAAAJ,cY1QGVEAAAAJ,0.33760809898376465,0.05082958564162254,True,Yeni Anistyasari,Muhammad Sonhaji Akbar
LeRoniwAAAAJ,lFCI_vsAAAAJ,0.3373473882675171,0.023565324023365974,False,Farhanna Mari,Atik Wintarti
-tpBKawAAAAJ,VwvPnrcAAAAJ,0.3369388282299042,0.05142609402537346,False,Dimas Novian Aditia Syahputra,Nisa Dwi Septiyanti
cY1QGVEAAAAJ,o4zdesUAAAAJ,0.33430686593055725,0.025447161868214607,False,Muhammad Sonhaji Akbar,Rakha Asyrofi
2lw6P3IAAAAJ,EBgY5K0AAAAJ,0.3340177834033966,0.05920998007059097,False,Muhammad Febrilian Dwi Syahputra,Moch. Badrus Oleh
7EQjv9wAAAAJ,IJIEntMAAAAJ,0.3331950902938843,0.03935195505619049,False,Asmunin,Yeni Anistyasari
A9L19RMAAAAJ,sHANI1gAAAAJ,0.3329068124294281,0.05944784730672836,False,Pradini Puspitaningayu,Rifqi Firmansyah
6RBIukkAAAAJ,nWPONc8AAAAJ,0.33213597536087036,0.01568787917494774,False,Yatim Riyanto,Lusia Rakhmawati
RES4QIQAAAAJ,pb3-UjwAAAAJ,0.33137378096580505,0.06124131754040718,False,Arif Widodo,Moch Deny Pratama
AjvtBWIAAAAJ,RNJ3vNQAAAAJ,0.3313574492931366,0.013121114112436771,False,Siti Masitoh,Harmon Prayogi
6RBIukkAAAAJ,cY1QGVEAAAAJ,0.3309019207954407,0.04091998562216759,False,Yatim Riyanto,Muhammad Sonhaji Akbar
XdEn69YAAAAJ,nWPONc8AAAAJ,0.3302328288555145,0.033660463988780975,False,Cendra Devayana Putra,Lusia Rakhmawati
ZhJ08JkAAAAJ,cY1QGVEAAAAJ,0.32980188727378845,0.043248508125543594,False,Bachtiar Syaiful Bachri,Muhammad Sonhaji Akbar
XdEn69YAAAAJ,_n2j0ZAAAAAJ,0.3281068205833435,0.028457999229431152,False,Cendra Devayana Putra,I Gusti Lanang Putra Eka Prismana
FZ00CQ8AAAAJ,W7ncZRgAAAAJ,0.32776185870170593,0.07669362425804138,False,Rizky Basatha,Hafid Kholidi Hadi
C_EGqeMAAAAJ,o4zdesUAAAAJ,0.3264971375465393,0.014208042062819004,False,Namira Roudlotul Jannah,Rakha Asyrofi
Em3aIV0AAAAJ,b4_EdJYAAAAJ,0.3263404071331024,0.024660086259245872,False,Ramadhan Cakra Wibawa,Moh. Khoridatul Huda
AjvtBWIAAAAJ,CxdwNaYAAAAJ,0.32560625672340393,0.040289148688316345,True,Siti Masitoh,Wiyli Yustanti
CxdwNaYAAAAJ,j8HRV1wAAAAJ,0.32518067955970764,0.06512999534606934,False,Wiyli Yustanti,Bambang Suprianto
Iq3gzh4AAAAJ,WdhKN0sAAAAJ,0.32490304112434387,0.07659400999546051,True,Andi Mariono,Aditya Prapanca
Iq3gzh4AAAAJ,psg8hdoAAAAJ,0.32480403780937195,0.061707109212875366,False,Andi Mariono,Bonda Sisephaputra
IJIEntMAAAAJ,Jzuk6doAAAAJ,0.3247150182723999,0.0548684298992157,False,Yeni Anistyasari,Aries Dwi Indriyanti
34CwHgkAAAAJ,WdhKN0sAAAAJ,0.3236241042613983,0.0445421040058136,False,Riza Akhsani Setyo Prayoga,Aditya Prapanca
6MXDzBQAAAAJ,ZjPpHWsAAAAJ,0.32305049896240234,0.007832439616322517,False,Lilik Anifah,Erik Rahman
FZ00CQ8AAAAJ,jJBtZPgAAAAJ,0.3230249285697937,0.02427021972835064,False,Rizky Basatha,Siska Puspitaningsih
C_EGqeMAAAAJ,cY1QGVEAAAAJ,0.322837233543396,0.014796617440879345,False,Namira Roudlotul Jannah,Muhammad Sonhaji Akbar
7EQjv9wAAAAJ,nWPONc8AAAAJ,0.32279786467552185,0.024000121280550957,True,Asmunin,Lusia Rakhmawati
i0pkJZoAAAAJ,jPKU5cAAAAAJ,0.32268330454826355,0.05445901304483414,False,Yuni Rosita Dewi,Anggraeni Widya Purwita
jJBtZPgAAAAJ,wEGsLv4AAAAJ,0.3217064142227173,0.06676457822322845,False,Siska Puspitaningsih,Ike Fitriyaningsih
MZCJPuIAAAAJ,RNJ3vNQAAAAJ,0.32119613885879517,0.012995843775570393,False,Fajar Arianto,Harmon Prayogi
fkxhjZ4AAAAJ,j8HRV1wAAAAJ,0.32109135389328003,0.03901242837309837,False,Ronggo Alit,Bambang Suprianto
Smb2eg8AAAAJ,y_OiarcAAAAJ,0.3208979368209839,0.009703011251986027,False,Nanang Hoesen. H. A.,Yandhika Surya Akbar Gumilang
A9L19RMAAAAJ,n7IAKI0AAAAJ,0.32066264748573303,0.03318691998720169,False,Pradini Puspitaningayu,Joko
Iq3gzh4AAAAJ,cY1QGVEAAAAJ,0.3194989860057831,0.05754224210977554,False,Andi Mariono,Muhammad Sonhaji Akbar
lFCI_vsAAAAJ,pb3-UjwAAAAJ,0.31913504004478455,0.02182767540216446,False,Atik Wintarti,Moch Deny Pratama
C_EGqeMAAAAJ,i0pkJZoAAAAJ,0.31862181425094604,0.021000811830163002,False,Namira Roudlotul Jannah,Yuni Rosita Dewi
RvG7jG4AAAAJ,XdEn69YAAAAJ,0.3167705535888672,0.060110002756118774,False,I Made Suartana,Cendra Devayana Putra
CxdwNaYAAAAJ,TB0QfMoAAAAJ,0.316618949174881,0.061580102890729904,True,Wiyli Yustanti,Miftahur Rohman
-_VNTSIAAAAJ,WdhKN0sAAAAJ,0.3160909116268158,0.10774362832307816,True,Agus Prihanto,Aditya Prapanca
n7ykK-IAAAAJ,y_OiarcAAAAJ,0.31595951318740845,0.009849964641034603,False,Dhiyan Septa Wihara,Yandhika Surya Akbar Gumilang
CxdwNaYAAAAJ,z7RWDi0AAAAJ,0.3158735930919647,0.05231365188956261,False,Wiyli Yustanti,Tri Rijanto
1hm7MM8AAAAJ,4Yhmpg0AAAAJ,0.3158494532108307,0.07055254280567169,False,Reza Rahmadian,Hujjatullah Fazlurrahman
Iq3gzh4AAAAJ,TAAC1-AAAAAJ,0.3155428171157837,0.07017634063959122,False,Andi Mariono,I Gde Agung Sri Sidhimantra
TB0QfMoAAAAJ,hn5jrnAAAAAJ,0.31460344791412354,0.08172713965177536,True,Miftahur Rohman,Yuni Yamasari
_n2j0ZAAAAAJ,jJBtZPgAAAAJ,0.3145933449268341,0.018352679908275604,False,I Gusti Lanang Putra Eka Prismana,Siska Puspitaningsih
6RBIukkAAAAJ,psg8hdoAAAAJ,0.31458643078804016,0.04870161786675453,False,Yatim Riyanto,Bonda Sisephaputra
Thp8jg0AAAAJ,hjllQ9gAAAAJ,0.3142247200012207,0.050076548010110855,False,Dodik Arwin Dermawan,Nur Kholis
WdhKN0sAAAAJ,lFCI_vsAAAAJ,0.313850075006485,0.05915404111146927,False,Aditya Prapanca,Atik Wintarti
MnI3Tm0AAAAJ,yObeL8gAAAAJ,0.31376320123672485,0.06660060584545135,False,Sayyidul Aulia Alamsyah,I Gusti Putu Asto Buditjahjanto
-BuJoD0AAAAJ,hn5jrnAAAAAJ,0.3124793767929077,0.06308907270431519,False,Ratih Amelia,Yuni Yamasari
S6IJ51cAAAAJ,cPj-iOIAAAAJ,0.3124406933784485,0.08673467487096786,False,Unit Three Kartini,Ricky Eka Putra
Hl6bqU8AAAAJ,hrVTt4kAAAAJ,0.31149041652679443,0.034384023398160934,False,Rindu Puspita Wibawa,Monica Cinthya
AYI1rosAAAAJ,ZjPpHWsAAAAJ,0.31111687421798706,0.007232738193124533,False,Nurhayati,Erik Rahman
EBgY5K0AAAAJ,W7ncZRgAAAAJ,0.3104647397994995,0.06599631160497665,False,Moch. Badrus Oleh,Hafid Kholidi Hadi
FZ00CQ8AAAAJ,MZCJPuIAAAAJ,0.31032150983810425,0.06508889049291611,False,Rizky Basatha,Fajar Arianto
RNJ3vNQAAAAJ,ZhJ08JkAAAAJ,0.30879834294319153,0.01852201297879219,False,Harmon Prayogi,Bachtiar Syaiful Bachri
8wFXNjYAAAAJ,pb3-UjwAAAAJ,0.3085883855819702,0.0485161654651165,False,Naim Rochmawati,Moch Deny Pratama
JsEkeOsAAAAJ,cPj-iOIAAAAJ,0.308582603931427,0.0528588630259037,False,Ari Kurniawan,Ricky Eka Putra
Thp8jg0AAAAJ,eEtHoOAAAAAJ,0.3078860938549042,0.06403397023677826,False,Dodik Arwin Dermawan,Rahadian Bisma
-BuJoD0AAAAJ,1hm7MM8AAAAJ,0.307387113571167,0.05530543997883797,False,Ratih Amelia,Reza Rahmadian
ZhJ08JkAAAAJ,n7IAKI0AAAAJ,0.3054758608341217,0.0157728660851717,False,Bachtiar Syaiful Bachri,Joko
cY1QGVEAAAAJ,hjllQ9gAAAAJ,0.30510109663009644,0.029890689998865128,False,Muhammad Sonhaji Akbar,Nur Kholis
nyyfjCgAAAAJ,tzjThtIAAAAJ,0.30473533272743225,0.0264901015907526,False,Rifqi Abdillah,Elly Matul Imah
34CwHgkAAAAJ,CxdwNaYAAAAJ,0.3043321967124939,0.04607555270195007,False,Riza Akhsani Setyo Prayoga,Wiyli Yustanti
lmlBHlsAAAAJ,nWPONc8AAAAJ,0.3041880130767822,0.13733789324760437,False,Widi Aribowo,Lusia Rakhmawati
1xVR-fgAAAAJ,XdEn69YAAAAJ,0.30416634678840637,0.021453481167554855,False,1xVR-fgAAAAJ,Cendra Devayana Putra
XdEn69YAAAAJ,q24bD6AAAAAJ,0.3040722608566284,0.03198271244764328,False,Cendra Devayana Putra,Martini Dwi Endah Susanti
1hm7MM8AAAAJ,JsEkeOsAAAAJ,0.30338501930236816,0.024628490209579468,False,Reza Rahmadian,Ari Kurniawan
A9L19RMAAAAJ,pb3-UjwAAAAJ,0.3029713034629822,0.04025157913565636,False,Pradini Puspitaningayu,Moch Deny Pratama
XdEn69YAAAAJ,hjllQ9gAAAAJ,0.3024844527244568,0.03699307516217232,True,Cendra Devayana Putra,Nur Kholis
6f4j4TYAAAAJ,ZjPpHWsAAAAJ,0.301959365606308,0.01090223528444767,False,Mahendra Widyartono,Erik Rahman
YADiqesAAAAJ,aW1lSOYAAAAJ,0.30150800943374634,0.07771099358797073,False,Ekohariadi,Aditya Chandra Hermawan
-BuJoD0AAAAJ,hrVTt4kAAAAJ,0.3013326823711395,0.04614122956991196,False,Ratih Amelia,Monica Cinthya
MZCJPuIAAAAJ,pb3-UjwAAAAJ,0.3009241819381714,0.016478653997182846,False,Fajar Arianto,Moch Deny Pratama
AjvtBWIAAAAJ,OwdLKtQAAAAJ,0.3003082573413849,0.04241018369793892,False,Siti Masitoh,Fitria
LsydBAMAAAAJ,ZhJ08JkAAAAJ,0.3001525402069092,0.03258843719959259,False,Puput Wanarti Rusimamto,Bachtiar Syaiful Bachri
CxdwNaYAAAAJ,jJBtZPgAAAAJ,0.2986750304698944,0.01886816881597042,False,Wiyli Yustanti,Siska Puspitaningsih
Smb2eg8AAAAJ,_VFGVQQAAAAJ,0.29829707741737366,0.019751867279410362,False,Nanang Hoesen. H. A.,Berlian Maulidya Izzati
Mr22rjsAAAAJ,tzjThtIAAAAJ,0.2981615960597992,0.027462393045425415,False,Hesti Khuzaimah Nurul Yusufiyah,Elly Matul Imah
8wFXNjYAAAAJ,Em3aIV0AAAAJ,0.29730725288391113,0.06222454831004143,False,Naim Rochmawati,Ramadhan Cakra Wibawa
5uDKOUMAAAAJ,MZCJPuIAAAAJ,0.2973061501979828,0.02006833627820015,True,Heri Purnawan,Fajar Arianto
Hl6bqU8AAAAJ,pb3-UjwAAAAJ,0.29703792929649353,0.01784329116344452,False,Rindu Puspita Wibawa,Moch Deny Pratama
4Yhmpg0AAAAJ,5nAJx9wAAAAJ,0.2969445288181305,0.01900702528655529,False,Hujjatullah Fazlurrahman,Muhammad Fachmi
TAAC1-AAAAAJ,hjllQ9gAAAAJ,0.29689428210258484,0.03753155469894409,False,I Gde Agung Sri Sidhimantra,Nur Kholis
cPj-iOIAAAAJ,pb3-UjwAAAAJ,0.2956830859184265,0.03985372558236122,False,Ricky Eka Putra,Moch Deny Pratama
MZCJPuIAAAAJ,hjllQ9gAAAAJ,0.2955949604511261,0.05694475397467613,False,Fajar Arianto,Nur Kholis
Em3aIV0AAAAJ,hrVTt4kAAAAJ,0.29519784450531006,0.033271729946136475,False,Ramadhan Cakra Wibawa,Monica Cinthya
cPj-iOIAAAAJ,nbtuM4IAAAAJ,0.29456669092178345,0.05631758272647858,True,Ricky Eka Putra,Parama Diptya Widayaka
FZ00CQ8AAAAJ,b4_EdJYAAAAJ,0.2945554852485657,0.025157341733574867,False,Rizky Basatha,Moh. Khoridatul Huda
MnI3Tm0AAAAJ,p1pK7E4AAAAJ,0.294278085231781,0.07385555654764175,False,Sayyidul Aulia Alamsyah,Subuh Isnur Haryudo
Tp_X_bYAAAAJ,cPj-iOIAAAAJ,0.2939150929450989,0.08404065668582916,False,Farid Baskoro,Ricky Eka Putra
34CwHgkAAAAJ,jJBtZPgAAAAJ,0.29390084743499756,0.022924216464161873,False,Riza Akhsani Setyo Prayoga,Siska Puspitaningsih
1hm7MM8AAAAJ,4VXQFKYAAAAJ,0.29366564750671387,0.04845891147851944,False,Reza Rahmadian,Renny Sari Dewi
IJIEntMAAAAJ,OffRzhoAAAAJ,0.2933512032032013,0.025044413283467293,False,Yeni Anistyasari,Dwi Fatrianto Suyatno
6RBIukkAAAAJ,n7IAKI0AAAAJ,0.29293715953826904,0.009712113067507744,False,Yatim Riyanto,Joko
hrVTt4kAAAAJ,nyyfjCgAAAAJ,0.29254022240638733,0.011184659786522388,False,Monica Cinthya,Rifqi Abdillah
1hm7MM8AAAAJ,ZjPpHWsAAAAJ,0.29231253266334534,0.0106858741492033,False,Reza Rahmadian,Erik Rahman
MZCJPuIAAAAJ,UL2-upoAAAAJ,0.29227152466773987,0.02908017486333847,False,Fajar Arianto,Dana Azizah Rahmat
Hl6bqU8AAAAJ,p4gdgRgAAAAJ,0.2913828194141388,0.06651734560728073,False,Rindu Puspita Wibawa,Rusijono
lFCI_vsAAAAJ,nbtuM4IAAAAJ,0.291355162858963,0.020989764481782913,False,Atik Wintarti,Parama Diptya Widayaka
MnI3Tm0AAAAJ,sHANI1gAAAAJ,0.2913501262664795,0.057070065289735794,False,Sayyidul Aulia Alamsyah,Rifqi Firmansyah
8wFXNjYAAAAJ,j8HRV1wAAAAJ,0.29107365012168884,0.07233522087335587,False,Naim Rochmawati,Bambang Suprianto
p1pK7E4AAAAJ,pb3-UjwAAAAJ,0.2896883189678192,0.07252369076013565,True,Subuh Isnur Haryudo,Moch Deny Pratama
YADiqesAAAAJ,lmlBHlsAAAAJ,0.2894322872161865,0.09144273400306702,False,Ekohariadi,Widi Aribowo
-BuJoD0AAAAJ,Iq3gzh4AAAAJ,0.28918036818504333,0.13148237764835358,True,Ratih Amelia,Andi Mariono
EBgY5K0AAAAJ,Thp8jg0AAAAJ,0.2890448570251465,0.04990075156092644,False,Moch. Badrus Oleh,Dodik Arwin Dermawan
Jzuk6doAAAAJ,hrVTt4kAAAAJ,0.2885168194770813,0.015650620684027672,False,Aries Dwi Indriyanti,Monica Cinthya
A9L19RMAAAAJ,ZhJ08JkAAAAJ,0.28804492950439453,0.0109704053029418,False,Pradini Puspitaningayu,Bachtiar Syaiful Bachri
Hl6bqU8AAAAJ,zDgqPOsAAAAJ,0.28779110312461853,0.10193012654781342,False,Rindu Puspita Wibawa,Mustaji
OffRzhoAAAAJ,fkxhjZ4AAAAJ,0.28697940707206726,0.03994309902191162,False,Dwi Fatrianto Suyatno,Ronggo Alit
WdhKN0sAAAAJ,pb3-UjwAAAAJ,0.2864498496055603,0.0586053840816021,False,Aditya Prapanca,Moch Deny Pratama
hn5jrnAAAAAJ,z7RWDi0AAAAJ,0.2854687571525574,0.06915933638811111,False,Yuni Yamasari,Tri Rijanto
7EQjv9wAAAAJ,yXy6kW0AAAAJ,0.28527751564979553,0.040859006345272064,False,Asmunin,Harun Al Rosyid
cY1QGVEAAAAJ,nWPONc8AAAAJ,0.2851916253566742,0.029393954202532768,False,Muhammad Sonhaji Akbar,Lusia Rakhmawati
YADiqesAAAAJ,nbtuM4IAAAAJ,0.2839345633983612,0.0885230079293251,False,Ekohariadi,Parama Diptya Widayaka
b4_EdJYAAAAJ,wEGsLv4AAAAJ,0.2838355004787445,0.043075356632471085,False,Moh. Khoridatul Huda,Ike Fitriyaningsih
MnI3Tm0AAAAJ,ZhJ08JkAAAAJ,0.28290924429893494,0.013531260192394257,False,Sayyidul Aulia Alamsyah,Bachtiar Syaiful Bachri
VwvPnrcAAAAJ,ZBAnb64AAAAJ,0.28287965059280396,0.04856553301215172,False,Nisa Dwi Septiyanti,Ardhini Warih Utami
-tpBKawAAAAJ,DrE0Lf8AAAAJ,0.2827390432357788,0.054877687245607376,False,Dimas Novian Aditia Syahputra,Fresha Kharisma
1xVR-fgAAAAJ,wlGfsB0AAAAJ,0.28226757049560547,0.028977002948522568,False,1xVR-fgAAAAJ,Salamun Rohman Nudin
nyyfjCgAAAAJ,psg8hdoAAAAJ,0.28175535798072815,0.014653912745416164,False,Rifqi Abdillah,Bonda Sisephaputra
WdhKN0sAAAAJ,ZhJ08JkAAAAJ,0.28173550963401794,0.05181689187884331,False,Aditya Prapanca,Bachtiar Syaiful Bachri
AYI1rosAAAAJ,RNJ3vNQAAAAJ,0.2813355028629303,0.010166020132601261,False,Nurhayati,Harmon Prayogi
8wFXNjYAAAAJ,XdEn69YAAAAJ,0.28120291233062744,0.06397467106580734,False,Naim Rochmawati,Cendra Devayana Putra
LsydBAMAAAAJ,qtFw9UMAAAAJ,0.2811281681060791,0.017492908984422684,False,Puput Wanarti Rusimamto,Bambang Sujatmiko
N6RJilIAAAAJ,nWPONc8AAAAJ,0.2809973359107971,0.07406385987997055,False,Anita Qoiriah,Lusia Rakhmawati
DiBTIz4AAAAJ,nWPONc8AAAAJ,0.28068792819976807,0.03101733699440956,False,Riskyana Dewi Intan P,Lusia Rakhmawati
UL2-upoAAAAJ,hrVTt4kAAAAJ,0.28053510189056396,0.029638035222887993,False,Dana Azizah Rahmat,Monica Cinthya
Jzuk6doAAAAJ,p4gdgRgAAAAJ,0.28004276752471924,0.025317493826150894,False,Aries Dwi Indriyanti,Rusijono
RES4QIQAAAAJ,ZjPpHWsAAAAJ,0.2796555161476135,0.007264929823577404,False,Arif Widodo,Erik Rahman
Jzuk6doAAAAJ,t5f89iIAAAAJ,0.27907925844192505,0.03009667433798313,False,Aries Dwi Indriyanti,Andi Iwan Nurhidayat
Iq3gzh4AAAAJ,Jzuk6doAAAAJ,0.27895066142082214,0.03792934864759445,False,Andi Mariono,Aries Dwi Indriyanti
6MXDzBQAAAAJ,ZhJ08JkAAAAJ,0.27878645062446594,0.026589112356305122,False,Lilik Anifah,Bachtiar Syaiful Bachri
fkxhjZ4AAAAJ,itwnm-AAAAAJ,0.2786879241466522,0.022508306428790092,True,Ronggo Alit,Achmad Fitro
6RBIukkAAAAJ,pb3-UjwAAAAJ,0.2783859670162201,0.008823621086776257,False,Yatim Riyanto,Moch Deny Pratama
NO8mJucAAAAJ,fkxhjZ4AAAAJ,0.2780226767063141,0.02099663019180298,False,Wahyu Sasongko Putro,Ronggo Alit
MZCJPuIAAAAJ,nbtuM4IAAAAJ,0.2778663635253906,0.030975395813584328,False,Fajar Arianto,Parama Diptya Widayaka
AjvtBWIAAAAJ,IJIEntMAAAAJ,0.27781450748443604,0.06587760150432587,False,Siti Masitoh,Yeni Anistyasari
AjvtBWIAAAAJ,nWPONc8AAAAJ,0.27716055512428284,0.01993698440492153,False,Siti Masitoh,Lusia Rakhmawati
b81qaDkAAAAJ,lFCI_vsAAAAJ,0.2766764163970947,0.03720500320196152,True,Anita Safitri,Atik Wintarti
Iq3gzh4AAAAJ,z7RWDi0AAAAJ,0.27591651678085327,0.06317293643951416,False,Andi Mariono,Tri Rijanto
RvG7jG4AAAAJ,q24bD6AAAAAJ,0.2756817936897278,0.03565557301044464,False,I Made Suartana,Martini Dwi Endah Susanti
5uDKOUMAAAAJ,n7IAKI0AAAAJ,0.2755694091320038,0.025252820923924446,True,Heri Purnawan,Joko
4VXQFKYAAAAJ,C_EGqeMAAAAJ,0.275344580411911,0.019316960126161575,False,Renny Sari Dewi,Namira Roudlotul Jannah
Iq3gzh4AAAAJ,XdEn69YAAAAJ,0.27529218792915344,0.044995617121458054,False,Andi Mariono,Cendra Devayana Putra
MZCJPuIAAAAJ,wlGfsB0AAAAJ,0.2751854658126831,0.04009360074996948,False,Fajar Arianto,Salamun Rohman Nudin
EBgY5K0AAAAJ,fkxhjZ4AAAAJ,0.2750454246997833,0.03237690031528473,False,Moch. Badrus Oleh,Ronggo Alit
-tpBKawAAAAJ,b81qaDkAAAAJ,0.2749890387058258,0.05093460530042648,False,Dimas Novian Aditia Syahputra,Anita Safitri
8wFXNjYAAAAJ,AaC4eAwAAAAJ,0.274904727935791,0.046768397092819214,False,Naim Rochmawati,Fadhilah Qalbi Annisa
Tp_X_bYAAAAJ,ZjPpHWsAAAAJ,0.274826318025589,0.007711017969995737,False,Farid Baskoro,Erik Rahman
VwvPnrcAAAAJ,bTjH6IgAAAAJ,0.2742389142513275,0.04374702274799347,False,Nisa Dwi Septiyanti,Achmad Kautsar
1hm7MM8AAAAJ,6RBIukkAAAAJ,0.2740074098110199,0.021950257942080498,False,Reza Rahmadian,Yatim Riyanto
Smb2eg8AAAAJ,jPKU5cAAAAAJ,0.2738518714904785,0.03279269114136696,False,Nanang Hoesen. H. A.,Anggraeni Widya Purwita
Iq3gzh4AAAAJ,bTjH6IgAAAAJ,0.27376997470855713,0.1384177803993225,False,Andi Mariono,Achmad Kautsar
hn5jrnAAAAAJ,pb3-UjwAAAAJ,0.27290111780166626,0.041746411472558975,False,Yuni Yamasari,Moch Deny Pratama
4d_6xxEAAAAJ,Thp8jg0AAAAJ,0.2725805938243866,0.060745589435100555,False,Ghea Sekar Palupi,Dodik Arwin Dermawan
6RBIukkAAAAJ,A9L19RMAAAAJ,0.2725263237953186,0.006588405463844538,False,Yatim Riyanto,Pradini Puspitaningayu
34CwHgkAAAAJ,Jzuk6doAAAAJ,0.2721739113330841,0.027246253564953804,False,Riza Akhsani Setyo Prayoga,Aries Dwi Indriyanti
nWPONc8AAAAJ,q-sbahIAAAAJ,0.27199164032936096,0.014422229491174221,False,Lusia Rakhmawati,Ulfa Siti Nuraini
N6RJilIAAAAJ,ZBAnb64AAAAJ,0.2718247175216675,0.05500731244683266,False,Anita Qoiriah,Ardhini Warih Utami
5uDKOUMAAAAJ,ZhJ08JkAAAAJ,0.2716958820819855,0.017485732212662697,False,Heri Purnawan,Bachtiar Syaiful Bachri
34CwHgkAAAAJ,hjllQ9gAAAAJ,0.2713766396045685,0.0180351659655571,False,Riza Akhsani Setyo Prayoga,Nur Kholis
MZCJPuIAAAAJ,n7IAKI0AAAAJ,0.27088284492492676,0.01743200793862343,True,Fajar Arianto,Joko
ZBAnb64AAAAJ,hn5jrnAAAAAJ,0.2705898880958557,0.051579736173152924,False,Ardhini Warih Utami,Yuni Yamasari
-gGGkMcAAAAJ,UL2-upoAAAAJ,0.2704153060913086,0.037387434393167496,False,Faris Abdi El Hakim,Dana Azizah Rahmat
8wFXNjYAAAAJ,LsydBAMAAAAJ,0.27032989263534546,0.06123163551092148,False,Naim Rochmawati,Puput Wanarti Rusimamto
qtFw9UMAAAAJ,z7RWDi0AAAAJ,0.2702666223049164,0.022275594994425774,False,Bambang Sujatmiko,Tri Rijanto
8wFXNjYAAAAJ,TB0QfMoAAAAJ,0.27010437846183777,0.0662195160984993,False,Naim Rochmawati,Miftahur Rohman
hrVTt4kAAAAJ,jJBtZPgAAAAJ,0.2700612545013428,0.02137201651930809,False,Monica Cinthya,Siska Puspitaningsih
fkxhjZ4AAAAJ,z7RWDi0AAAAJ,0.2699393033981323,0.0404459610581398,False,Ronggo Alit,Tri Rijanto
cPj-iOIAAAAJ,j8HRV1wAAAAJ,0.2698877155780792,0.07097771018743515,False,Ricky Eka Putra,Bambang Suprianto
Em3aIV0AAAAJ,nWPONc8AAAAJ,0.2696938216686249,0.028139203786849976,False,Ramadhan Cakra Wibawa,Lusia Rakhmawati
Jzuk6doAAAAJ,OffRzhoAAAAJ,0.26810330152511597,0.0296198558062315,False,Aries Dwi Indriyanti,Dwi Fatrianto Suyatno
EBgY5K0AAAAJ,TAAC1-AAAAAJ,0.2678784728050232,0.04146861657500267,False,Moch. Badrus Oleh,I Gde Agung Sri Sidhimantra
hrVTt4kAAAAJ,n7ykK-IAAAAJ,0.26774731278419495,0.03091326542198658,False,Monica Cinthya,Dhiyan Septa Wihara
34CwHgkAAAAJ,o4zdesUAAAAJ,0.2674703598022461,0.01844765804708004,False,Riza Akhsani Setyo Prayoga,Rakha Asyrofi
AjvtBWIAAAAJ,Smb2eg8AAAAJ,0.2669698894023895,0.0840287059545517,False,Siti Masitoh,Nanang Hoesen. H. A.
RES4QIQAAAAJ,ZhJ08JkAAAAJ,0.2661232650279999,0.024299221113324165,False,Arif Widodo,Bachtiar Syaiful Bachri
A9L19RMAAAAJ,Iq3gzh4AAAAJ,0.26610270142555237,0.015473801642656326,False,Pradini Puspitaningayu,Andi Mariono
4d_6xxEAAAAJ,nyyfjCgAAAAJ,0.26555171608924866,0.014557807706296444,False,Ghea Sekar Palupi,Rifqi Abdillah
A9L19RMAAAAJ,AjvtBWIAAAAJ,0.2654229700565338,0.009041993878781796,False,Pradini Puspitaningayu,Siti Masitoh
aW1lSOYAAAAJ,nbtuM4IAAAAJ,0.2654183506965637,0.15462130308151245,False,Aditya Chandra Hermawan,Parama Diptya Widayaka
6ifThF0AAAAJ,jPKU5cAAAAAJ,0.26526060700416565,0.04303666576743126,False,Ika Diyah Candra Arifah,Anggraeni Widya Purwita
-tpBKawAAAAJ,ne31is4AAAAJ,0.26523688435554504,0.041143257170915604,False,Dimas Novian Aditia Syahputra,Danang Ary Dewangga
YADiqesAAAAJ,sHANI1gAAAAJ,0.2649369239807129,0.05773301050066948,False,Ekohariadi,Rifqi Firmansyah
6MXDzBQAAAAJ,hn5jrnAAAAAJ,0.26443374156951904,0.07498788088560104,False,Lilik Anifah,Yuni Yamasari
-tpBKawAAAAJ,4Yhmpg0AAAAJ,0.26382941007614136,0.04383207485079765,False,Dimas Novian Aditia Syahputra,Hujjatullah Fazlurrahman
1hm7MM8AAAAJ,ZhJ08JkAAAAJ,0.2627836763858795,0.04833785444498062,True,Reza Rahmadian,Bachtiar Syaiful Bachri
MnI3Tm0AAAAJ,TB0QfMoAAAAJ,0.26271289587020874,0.08127262443304062,False,Sayyidul Aulia Alamsyah,Miftahur Rohman
Thp8jg0AAAAJ,q24bD6AAAAAJ,0.26265496015548706,0.04388835281133652,False,Dodik Arwin Dermawan,Martini Dwi Endah Susanti
8wFXNjYAAAAJ,Iq3gzh4AAAAJ,0.26264017820358276,0.051413606852293015,False,Naim Rochmawati,Andi Mariono
2lw6P3IAAAAJ,LeRoniwAAAAJ,0.2624903619289398,0.01823563128709793,False,Muhammad Febrilian Dwi Syahputra,Farhanna Mari
Iq3gzh4AAAAJ,OwdLKtQAAAAJ,0.26170259714126587,0.03487614169716835,True,Andi Mariono,Fitria
Tz8EfXcAAAAJ,UL2-upoAAAAJ,0.261409193277359,0.044115956872701645,False,Yuliani Puji Astuti,Dana Azizah Rahmat
cY1QGVEAAAAJ,pb3-UjwAAAAJ,0.2612418234348297,0.012649732641875744,False,Muhammad Sonhaji Akbar,Moch Deny Pratama
FZ00CQ8AAAAJ,hjllQ9gAAAAJ,0.2604294717311859,0.018081333488225937,False,Rizky Basatha,Nur Kholis
1hm7MM8AAAAJ,n7IAKI0AAAAJ,0.25909513235092163,0.03738943487405777,False,Reza Rahmadian,Joko
Em3aIV0AAAAJ,MZCJPuIAAAAJ,0.25881460309028625,0.04529896751046181,False,Ramadhan Cakra Wibawa,Fajar Arianto
CxdwNaYAAAAJ,RES4QIQAAAAJ,0.2587382197380066,0.043645575642585754,False,Wiyli Yustanti,Arif Widodo
i0pkJZoAAAAJ,wwhACXoAAAAJ,0.2581090033054352,0.03608822822570801,False,Yuni Rosita Dewi,M Adamu Islam Mashuri
qtFw9UMAAAAJ,zDgqPOsAAAAJ,0.2579658329486847,0.07831486314535141,False,Bambang Sujatmiko,Mustaji
-BuJoD0AAAAJ,1xVR-fgAAAAJ,0.2578626275062561,0.04238929599523544,False,Ratih Amelia,1xVR-fgAAAAJ
cPj-iOIAAAAJ,yObeL8gAAAAJ,0.2571692168712616,0.06273340433835983,False,Ricky Eka Putra,I Gusti Putu Asto Buditjahjanto
L6O1lvkAAAAJ,WdhKN0sAAAAJ,0.25672033429145813,0.09385231882333755,False,Tri Wrahatnolo,Aditya Prapanca
8wFXNjYAAAAJ,jJBtZPgAAAAJ,0.2566938102245331,0.02141307108104229,False,Naim Rochmawati,Siska Puspitaningsih
7EQjv9wAAAAJ,MeGE8WAAAAAJ,0.2565593421459198,0.029575446620583534,False,Asmunin,Binti Kholifah
S6IJ51cAAAAJ,lFCI_vsAAAAJ,0.2564874291419983,0.02556425891816616,True,Unit Three Kartini,Atik Wintarti
1hm7MM8AAAAJ,XdEn69YAAAAJ,0.2562744915485382,0.059674523770809174,False,Reza Rahmadian,Cendra Devayana Putra
AjvtBWIAAAAJ,MnI3Tm0AAAAJ,0.25613364577293396,0.009809596464037895,False,Siti Masitoh,Sayyidul Aulia Alamsyah
1xVR-fgAAAAJ,34CwHgkAAAAJ,0.2543201148509979,0.026949530467391014,False,1xVR-fgAAAAJ,Riza Akhsani Setyo Prayoga
Em3aIV0AAAAJ,hjllQ9gAAAAJ,0.25423726439476013,0.026077410206198692,False,Ramadhan Cakra Wibawa,Nur Kholis
1hm7MM8AAAAJ,FZ00CQ8AAAAJ,0.2542102634906769,0.03039521351456642,False,Reza Rahmadian,Rizky Basatha
6MXDzBQAAAAJ,8wFXNjYAAAAJ,0.2540666460990906,0.07064107805490494,False,Lilik Anifah,Naim Rochmawati
Em3aIV0AAAAJ,jJBtZPgAAAAJ,0.2537970542907715,0.02179340086877346,False,Ramadhan Cakra Wibawa,Siska Puspitaningsih
Iq3gzh4AAAAJ,JsEkeOsAAAAJ,0.2537740170955658,0.059670355170965195,False,Andi Mariono,Ari Kurniawan
-tpBKawAAAAJ,W7ncZRgAAAAJ,0.2537701427936554,0.05498175695538521,False,Dimas Novian Aditia Syahputra,Hafid Kholidi Hadi
OwdLKtQAAAAJ,b4_EdJYAAAAJ,0.2535232603549957,0.03567783907055855,False,Fitria,Moh. Khoridatul Huda
n7IAKI0AAAAJ,nyyfjCgAAAAJ,0.253140926361084,0.03584398701786995,False,Joko,Rifqi Abdillah
UL2-upoAAAAJ,psg8hdoAAAAJ,0.2528689205646515,0.03278133273124695,False,Dana Azizah Rahmat,Bonda Sisephaputra
6RBIukkAAAAJ,cPj-iOIAAAAJ,0.25226160883903503,0.0359857939183712,False,Yatim Riyanto,Ricky Eka Putra
_VFGVQQAAAAJ,bTjH6IgAAAAJ,0.25067588686943054,0.021078718826174736,False,Berlian Maulidya Izzati,Achmad Kautsar
cPj-iOIAAAAJ,hrVTt4kAAAAJ,0.25053927302360535,0.03602035343647003,False,Ricky Eka Putra,Monica Cinthya
DiBTIz4AAAAJ,nyyfjCgAAAAJ,0.250044584274292,0.02582138404250145,False,Riskyana Dewi Intan P,Rifqi Abdillah
NO8mJucAAAAJ,t5f89iIAAAAJ,0.24958185851573944,0.032145049422979355,False,Wahyu Sasongko Putro,Andi Iwan Nurhidayat
ZhJ08JkAAAAJ,pb3-UjwAAAAJ,0.24954187870025635,0.012132925912737846,False,Bachtiar Syaiful Bachri,Moch Deny Pratama
_ecYpyYAAAAJ,wwhACXoAAAAJ,0.24943307042121887,0.018324535340070724,False,Dinda Galuh Guminta,M Adamu Islam Mashuri
8wFXNjYAAAAJ,ZhJ08JkAAAAJ,0.24898551404476166,0.03815276548266411,False,Naim Rochmawati,Bachtiar Syaiful Bachri
ZhJ08JkAAAAJ,hjllQ9gAAAAJ,0.24874591827392578,0.03415113314986229,False,Bachtiar Syaiful Bachri,Nur Kholis
6RBIukkAAAAJ,hjllQ9gAAAAJ,0.24829939007759094,0.016726620495319366,False,Yatim Riyanto,Nur Kholis
b81qaDkAAAAJ,hn5jrnAAAAAJ,0.24777379631996155,0.059960462152957916,False,Anita Safitri,Yuni Yamasari
4d_6xxEAAAAJ,N6RJilIAAAAJ,0.24708139896392822,0.04908963665366173,False,Ghea Sekar Palupi,Anita Qoiriah
6RBIukkAAAAJ,8wFXNjYAAAAJ,0.246863454580307,0.0269249826669693,False,Yatim Riyanto,Naim Rochmawati
7EQjv9wAAAAJ,MZCJPuIAAAAJ,0.24648576974868774,0.05508144572377205,False,Asmunin,Fajar Arianto
A9L19RMAAAAJ,AaC4eAwAAAAJ,0.24642741680145264,0.01891283132135868,False,Pradini Puspitaningayu,Fadhilah Qalbi Annisa
Thp8jg0AAAAJ,dfwr-2YAAAAJ,0.24605807662010193,0.08826260268688202,False,Dodik Arwin Dermawan,Muhammad Fajar Wahyudi Rahman
34CwHgkAAAAJ,RvG7jG4AAAAJ,0.24593491852283478,0.032890986651182175,False,Riza Akhsani Setyo Prayoga,I Made Suartana
6MXDzBQAAAAJ,pb3-UjwAAAAJ,0.24534383416175842,0.059288643300533295,False,Lilik Anifah,Moch Deny Pratama
pb3-UjwAAAAJ,yObeL8gAAAAJ,0.24491450190544128,0.04970112442970276,False,Moch Deny Pratama,I Gusti Putu Asto Buditjahjanto
4d_6xxEAAAAJ,JsEkeOsAAAAJ,0.2448454201221466,0.07266336679458618,False,Ghea Sekar Palupi,Ari Kurniawan
-_VNTSIAAAAJ,AX-w0AEAAAAJ,0.24435052275657654,0.0926799401640892,False,Agus Prihanto,Hasanuddin Al-Habib
WdhKN0sAAAAJ,sHANI1gAAAAJ,0.24398685991764069,0.05436171591281891,False,Aditya Prapanca,Rifqi Firmansyah
bTjH6IgAAAAJ,zDgqPOsAAAAJ,0.24353548884391785,0.09110210835933685,False,Achmad Kautsar,Mustaji
N6RJilIAAAAJ,jJBtZPgAAAAJ,0.24350616335868835,0.032315582036972046,False,Anita Qoiriah,Siska Puspitaningsih
CxdwNaYAAAAJ,yObeL8gAAAAJ,0.2429865151643753,0.055326659232378006,False,Wiyli Yustanti,I Gusti Putu Asto Buditjahjanto
7EQjv9wAAAAJ,wwhACXoAAAAJ,0.24288307130336761,0.05047197267413139,False,Asmunin,M Adamu Islam Mashuri
1hm7MM8AAAAJ,zDgqPOsAAAAJ,0.24262934923171997,0.059830088168382645,True,Reza Rahmadian,Mustaji
JsEkeOsAAAAJ,OffRzhoAAAAJ,0.24231749773025513,0.06452678889036179,False,Ari Kurniawan,Dwi Fatrianto Suyatno
z7RWDi0AAAAJ,zDgqPOsAAAAJ,0.24175092577934265,0.06246130168437958,False,Tri Rijanto,Mustaji
AaC4eAwAAAAJ,Mr22rjsAAAAJ,0.2416045367717743,0.028576165437698364,False,Fadhilah Qalbi Annisa,Hesti Khuzaimah Nurul Yusufiyah
Hl6bqU8AAAAJ,UL2-upoAAAAJ,0.24128569662570953,0.03639194741845131,False,Rindu Puspita Wibawa,Dana Azizah Rahmat
Iq3gzh4AAAAJ,hjllQ9gAAAAJ,0.24113182723522186,0.054199498146772385,False,Andi Mariono,Nur Kholis
_n2j0ZAAAAAJ,t5f89iIAAAAJ,0.24056032299995422,0.027665812522172928,False,I Gusti Lanang Putra Eka Prismana,Andi Iwan Nurhidayat
-tpBKawAAAAJ,t5f89iIAAAAJ,0.24040904641151428,0.03459300473332405,False,Dimas Novian Aditia Syahputra,Andi Iwan Nurhidayat
MnI3Tm0AAAAJ,lmlBHlsAAAAJ,0.23990054428577423,0.08396614342927933,False,Sayyidul Aulia Alamsyah,Widi Aribowo
8wFXNjYAAAAJ,Thp8jg0AAAAJ,0.2398190051317215,0.06127782166004181,True,Naim Rochmawati,Dodik Arwin Dermawan
34CwHgkAAAAJ,b4_EdJYAAAAJ,0.23969434201717377,0.020809026435017586,False,Riza Akhsani Setyo Prayoga,Moh. Khoridatul Huda
7EQjv9wAAAAJ,hjllQ9gAAAAJ,0.23950959742069244,0.017311612144112587,False,Asmunin,Nur Kholis
6RBIukkAAAAJ,Smb2eg8AAAAJ,0.23911860585212708,0.06449204683303833,True,Yatim Riyanto,Nanang Hoesen. H. A.
1hm7MM8AAAAJ,W7ncZRgAAAAJ,0.23876486718654633,0.06640879809856415,False,Reza Rahmadian,Hafid Kholidi Hadi
Thp8jg0AAAAJ,ne31is4AAAAJ,0.23853738605976105,0.024431664496660233,False,Dodik Arwin Dermawan,Danang Ary Dewangga
XdEn69YAAAAJ,ne31is4AAAAJ,0.23770032823085785,0.016172805801033974,False,Cendra Devayana Putra,Danang Ary Dewangga
_n2j0ZAAAAAJ,nyyfjCgAAAAJ,0.2375703752040863,0.010027197189629078,False,I Gusti Lanang Putra Eka Prismana,Rifqi Abdillah
AYI1rosAAAAJ,Iq3gzh4AAAAJ,0.23742470145225525,0.03433313965797424,False,Nurhayati,Andi Mariono
AjvtBWIAAAAJ,Jzuk6doAAAAJ,0.23733393847942352,0.02703961730003357,False,Siti Masitoh,Aries Dwi Indriyanti
-tpBKawAAAAJ,EBgY5K0AAAAJ,0.23715054988861084,0.04807589203119278,False,Dimas Novian Aditia Syahputra,Moch. Badrus Oleh
FZ00CQ8AAAAJ,IJIEntMAAAAJ,0.23692686855793,0.034861307591199875,True,Rizky Basatha,Yeni Anistyasari
fkxhjZ4AAAAJ,pb3-UjwAAAAJ,0.23657169938087463,0.014941832982003689,False,Ronggo Alit,Moch Deny Pratama
NO8mJucAAAAJ,o4zdesUAAAAJ,0.23656269907951355,0.018146419897675514,False,Wahyu Sasongko Putro,Rakha Asyrofi
6MXDzBQAAAAJ,Iq3gzh4AAAAJ,0.2363920956850052,0.038593512028455734,False,Lilik Anifah,Andi Mariono
4d_6xxEAAAAJ,hn5jrnAAAAAJ,0.2359994500875473,0.045657966285943985,False,Ghea Sekar Palupi,Yuni Yamasari
AjvtBWIAAAAJ,cY1QGVEAAAAJ,0.2340066283941269,0.04282368719577789,False,Siti Masitoh,Muhammad Sonhaji Akbar
34CwHgkAAAAJ,_n2j0ZAAAAAJ,0.23392613232135773,0.036159105598926544,False,Riza Akhsani Setyo Prayoga,I Gusti Lanang Putra Eka Prismana
nyyfjCgAAAAJ,zDgqPOsAAAAJ,0.23385606706142426,0.019463930279016495,False,Rifqi Abdillah,Mustaji
A9L19RMAAAAJ,IJIEntMAAAAJ,0.23330818116664886,0.03173132240772247,True,Pradini Puspitaningayu,Yeni Anistyasari
AYI1rosAAAAJ,AjvtBWIAAAAJ,0.23326259851455688,0.018214697018265724,False,Nurhayati,Siti Masitoh
FZ00CQ8AAAAJ,ne31is4AAAAJ,0.23308540880680084,0.031219221651554108,False,Rizky Basatha,Danang Ary Dewangga
-tpBKawAAAAJ,jPKU5cAAAAAJ,0.23296988010406494,0.04348759725689888,False,Dimas Novian Aditia Syahputra,Anggraeni Widya Purwita
JsEkeOsAAAAJ,dfwr-2YAAAAJ,0.2327500581741333,0.0700622946023941,False,Ari Kurniawan,Muhammad Fajar Wahyudi Rahman
Iq3gzh4AAAAJ,MnI3Tm0AAAAJ,0.2325601428747177,0.01353005412966013,False,Andi Mariono,Sayyidul Aulia Alamsyah
hjllQ9gAAAAJ,psg8hdoAAAAJ,0.23248016834259033,0.02464781329035759,False,Nur Kholis,Bonda Sisephaputra
6MXDzBQAAAAJ,CxdwNaYAAAAJ,0.23229806125164032,0.06313969939947128,False,Lilik Anifah,Wiyli Yustanti
AYI1rosAAAAJ,aW1lSOYAAAAJ,0.2322218120098114,0.08656966686248779,False,Nurhayati,Aditya Chandra Hermawan
DsVi_OAAAAAJ,fkxhjZ4AAAAJ,0.2321062535047531,0.03593837842345238,False,Nadia Nur Thahirrah,Ronggo Alit
IJIEntMAAAAJ,RvG7jG4AAAAJ,0.23199579119682312,0.043686822056770325,True,Yeni Anistyasari,I Made Suartana
fkxhjZ4AAAAJ,jJBtZPgAAAAJ,0.23195309937000275,0.013907840475440025,False,Ronggo Alit,Siska Puspitaningsih
Smb2eg8AAAAJ,Tz8EfXcAAAAJ,0.23121003806591034,0.01644635759294033,False,Nanang Hoesen. H. A.,Yuliani Puji Astuti
6ifThF0AAAAJ,Iq3gzh4AAAAJ,0.2310713678598404,0.09150092303752899,False,Ika Diyah Candra Arifah,Andi Mariono
RvG7jG4AAAAJ,nWPONc8AAAAJ,0.23106396198272705,0.06036485359072685,False,I Made Suartana,Lusia Rakhmawati
8wFXNjYAAAAJ,RES4QIQAAAAJ,0.23096595704555511,0.04493061825633049,False,Naim Rochmawati,Arif Widodo
AYI1rosAAAAJ,lFCI_vsAAAAJ,0.23037226498126984,0.019856182858347893,False,Nurhayati,Atik Wintarti
bTjH6IgAAAAJ,t5f89iIAAAAJ,0.23017388582229614,0.03411248326301575,False,Achmad Kautsar,Andi Iwan Nurhidayat
6RBIukkAAAAJ,AYI1rosAAAAJ,0.22970464825630188,0.012004900723695755,False,Yatim Riyanto,Nurhayati
Iq3gzh4AAAAJ,N6RJilIAAAAJ,0.22954094409942627,0.05522278696298599,False,Andi Mariono,Anita Qoiriah
2lw6P3IAAAAJ,_VFGVQQAAAAJ,0.22931703925132751,0.04233142361044884,False,Muhammad Febrilian Dwi Syahputra,Berlian Maulidya Izzati
RvG7jG4AAAAJ,y_OiarcAAAAJ,0.2291242778301239,0.024646766483783722,False,I Made Suartana,Yandhika Surya Akbar Gumilang
DrE0Lf8AAAAJ,hrVTt4kAAAAJ,0.2287093698978424,0.03356672823429108,False,Fresha Kharisma,Monica Cinthya
RvG7jG4AAAAJ,hrVTt4kAAAAJ,0.22836698591709137,0.032208289951086044,False,I Made Suartana,Monica Cinthya
6RBIukkAAAAJ,XdEn69YAAAAJ,0.228242889046669,0.022524671629071236,False,Yatim Riyanto,Cendra Devayana Putra
Hl6bqU8AAAAJ,LeRoniwAAAAJ,0.22798937559127808,0.022272808477282524,False,Rindu Puspita Wibawa,Farhanna Mari
Smb2eg8AAAAJ,p4gdgRgAAAAJ,0.22774222493171692,0.04860301688313484,False,Nanang Hoesen. H. A.,Rusijono
DsVi_OAAAAAJ,wwhACXoAAAAJ,0.22755905985832214,0.02570927143096924,False,Nadia Nur Thahirrah,M Adamu Islam Mashuri
JsEkeOsAAAAJ,b81qaDkAAAAJ,0.22752365469932556,0.08311991393566132,False,Ari Kurniawan,Anita Safitri
TAAC1-AAAAAJ,nWPONc8AAAAJ,0.22728319466114044,0.02394873835146427,False,I Gde Agung Sri Sidhimantra,Lusia Rakhmawati
RES4QIQAAAAJ,RNJ3vNQAAAAJ,0.22710971534252167,0.010286640375852585,True,Arif Widodo,Harmon Prayogi
FZ00CQ8AAAAJ,o4zdesUAAAAJ,0.22710385918617249,0.019858065992593765,False,Rizky Basatha,Rakha Asyrofi
VNrCn4gAAAAJ,b4_EdJYAAAAJ,0.2263258397579193,0.010061800479888916,False,Ersha Aisyah Elfaiz,Moh. Khoridatul Huda
pb3-UjwAAAAJ,sHANI1gAAAAJ,0.2261219024658203,0.045778874307870865,False,Moch Deny Pratama,Rifqi Firmansyah
RNJ3vNQAAAAJ,nyyfjCgAAAAJ,0.2261076420545578,0.00950132217258215,False,Harmon Prayogi,Rifqi Abdillah
fkxhjZ4AAAAJ,yObeL8gAAAAJ,0.2260856032371521,0.03353874385356903,False,Ronggo Alit,I Gusti Putu Asto Buditjahjanto
fkxhjZ4AAAAJ,p4gdgRgAAAAJ,0.2260705977678299,0.037729278206825256,False,Ronggo Alit,Rusijono
ZRCJXO0AAAAJ,jPKU5cAAAAAJ,0.22572895884513855,0.02606271021068096,False,Riska Dhenabayu,Anggraeni Widya Purwita
MZCJPuIAAAAJ,S6IJ51cAAAAJ,0.225377157330513,0.03585405647754669,True,Fajar Arianto,Unit Three Kartini
2lw6P3IAAAAJ,NO8mJucAAAAJ,0.22524091601371765,0.03939253091812134,False,Muhammad Febrilian Dwi Syahputra,Wahyu Sasongko Putro
AYI1rosAAAAJ,pb3-UjwAAAAJ,0.2251361757516861,0.05245589092373848,False,Nurhayati,Moch Deny Pratama
9BWyE0UAAAAJ,WdhKN0sAAAAJ,0.2250966876745224,0.10184828191995621,False,Endryansyah,Aditya Prapanca
RvG7jG4AAAAJ,qtFw9UMAAAAJ,0.22474540770053864,0.027235565707087517,False,I Made Suartana,Bambang Sujatmiko
b81qaDkAAAAJ,lmlBHlsAAAAJ,0.22469556331634521,0.041521571576595306,False,Anita Safitri,Widi Aribowo
hn5jrnAAAAAJ,qtFw9UMAAAAJ,0.22461046278476715,0.04432883858680725,False,Yuni Yamasari,Bambang Sujatmiko
Em3aIV0AAAAJ,pb3-UjwAAAAJ,0.2243931144475937,0.01770160347223282,False,Ramadhan Cakra Wibawa,Moch Deny Pratama
1hm7MM8AAAAJ,cY1QGVEAAAAJ,0.22377073764801025,0.045659974217414856,False,Reza Rahmadian,Muhammad Sonhaji Akbar
S6IJ51cAAAAJ,pb3-UjwAAAAJ,0.22369788587093353,0.05859740450978279,False,Unit Three Kartini,Moch Deny Pratama
YADiqesAAAAJ,hn5jrnAAAAAJ,0.22367213666439056,0.0544472374022007,False,Ekohariadi,Yuni Yamasari
Iq3gzh4AAAAJ,RNJ3vNQAAAAJ,0.22353586554527283,0.0120667340233922,False,Andi Mariono,Harmon Prayogi
ne31is4AAAAJ,wlGfsB0AAAAJ,0.22342300415039062,0.027179500088095665,False,Danang Ary Dewangga,Salamun Rohman Nudin
nyyfjCgAAAAJ,q-sbahIAAAAJ,0.22325143218040466,0.015777025371789932,False,Rifqi Abdillah,Ulfa Siti Nuraini
XdEn69YAAAAJ,itwnm-AAAAAJ,0.22296659648418427,0.019601762294769287,False,Cendra Devayana Putra,Achmad Fitro
eEtHoOAAAAAJ,nyyfjCgAAAAJ,0.22292956709861755,0.016627630218863487,False,Rahadian Bisma,Rifqi Abdillah
OffRzhoAAAAJ,q24bD6AAAAAJ,0.2228991687297821,0.045119911432266235,False,Dwi Fatrianto Suyatno,Martini Dwi Endah Susanti
p4gdgRgAAAAJ,psg8hdoAAAAJ,0.22286325693130493,0.042375095188617706,False,Rusijono,Bonda Sisephaputra
XdEn69YAAAAJ,ZhJ08JkAAAAJ,0.2225421816110611,0.026401851326227188,False,Cendra Devayana Putra,Bachtiar Syaiful Bachri
MZCJPuIAAAAJ,RES4QIQAAAAJ,0.22247976064682007,0.033960361033678055,False,Fajar Arianto,Arif Widodo
jPKU5cAAAAAJ,y_OiarcAAAAJ,0.22232401371002197,0.007071617525070906,False,Anggraeni Widya Purwita,Yandhika Surya Akbar Gumilang
AjvtBWIAAAAJ,UL2-upoAAAAJ,0.2222176045179367,0.0341111458837986,False,Siti Masitoh,Dana Azizah Rahmat
4Yhmpg0AAAAJ,Iq3gzh4AAAAJ,0.22194625437259674,0.09678595513105392,False,Hujjatullah Fazlurrahman,Andi Mariono
N6RJilIAAAAJ,hjllQ9gAAAAJ,0.22149407863616943,0.06645302474498749,False,Anita Qoiriah,Nur Kholis
-BuJoD0AAAAJ,wlGfsB0AAAAJ,0.22147803008556366,0.07821589708328247,False,Ratih Amelia,Salamun Rohman Nudin
ZBAnb64AAAAJ,yXy6kW0AAAAJ,0.221211239695549,0.05260009691119194,False,Ardhini Warih Utami,Harun Al Rosyid
jPKU5cAAAAAJ,qtFw9UMAAAAJ,0.22051118314266205,0.033492784947156906,False,Anggraeni Widya Purwita,Bambang Sujatmiko
6ifThF0AAAAJ,UL2-upoAAAAJ,0.2202407270669937,0.0393102653324604,True,Ika Diyah Candra Arifah,Dana Azizah Rahmat
jPKU5cAAAAAJ,yXy6kW0AAAAJ,0.2197488248348236,0.03964347764849663,False,Anggraeni Widya Purwita,Harun Al Rosyid
1xVR-fgAAAAJ,2lw6P3IAAAAJ,0.2197159230709076,0.01828903518617153,False,1xVR-fgAAAAJ,Muhammad Febrilian Dwi Syahputra
-gGGkMcAAAAJ,bTjH6IgAAAAJ,0.21884632110595703,0.06541643291711807,False,Faris Abdi El Hakim,Achmad Kautsar
n7ykK-IAAAAJ,wwhACXoAAAAJ,0.218814417719841,0.03210289031267166,False,Dhiyan Septa Wihara,M Adamu Islam Mashuri
5nAJx9wAAAAJ,aW1lSOYAAAAJ,0.2187047004699707,0.028524130582809448,False,Muhammad Fachmi,Aditya Chandra Hermawan
EBgY5K0AAAAJ,cY1QGVEAAAAJ,0.21859514713287354,0.03297722712159157,False,Moch. Badrus Oleh,Muhammad Sonhaji Akbar
b81qaDkAAAAJ,cPj-iOIAAAAJ,0.21825090050697327,0.06684116274118423,False,Anita Safitri,Ricky Eka Putra
MZCJPuIAAAAJ,yObeL8gAAAAJ,0.21819037199020386,0.050843462347984314,False,Fajar Arianto,I Gusti Putu Asto Buditjahjanto
Jzuk6doAAAAJ,hjllQ9gAAAAJ,0.2179403305053711,0.0281610619276762,False,Aries Dwi Indriyanti,Nur Kholis
-gGGkMcAAAAJ,NO8mJucAAAAJ,0.21771998703479767,0.029987551271915436,False,Faris Abdi El Hakim,Wahyu Sasongko Putro
1hm7MM8AAAAJ,i0pkJZoAAAAJ,0.21756309270858765,0.04191211238503456,False,Reza Rahmadian,Yuni Rosita Dewi
b81qaDkAAAAJ,hrVTt4kAAAAJ,0.21742169559001923,0.026430537924170494,False,Anita Safitri,Monica Cinthya
N6RJilIAAAAJ,lmlBHlsAAAAJ,0.21724455058574677,0.07130978256464005,False,Anita Qoiriah,Widi Aribowo
-_VNTSIAAAAJ,Hl6bqU8AAAAJ,0.21723060309886932,0.07759139686822891,False,Agus Prihanto,Rindu Puspita Wibawa
JsEkeOsAAAAJ,wwhACXoAAAAJ,0.2169596552848816,0.0624253936111927,False,Ari Kurniawan,M Adamu Islam Mashuri
jJBtZPgAAAAJ,t5f89iIAAAAJ,0.21692456305027008,0.06590034067630768,False,Siska Puspitaningsih,Andi Iwan Nurhidayat
8wFXNjYAAAAJ,DiBTIz4AAAAJ,0.216606006026268,0.06058823689818382,False,Naim Rochmawati,Riskyana Dewi Intan P
ZhJ08JkAAAAJ,yObeL8gAAAAJ,0.21650296449661255,0.03720683977007866,False,Bachtiar Syaiful Bachri,I Gusti Putu Asto Buditjahjanto
6RBIukkAAAAJ,hn5jrnAAAAAJ,0.2163989394903183,0.036921966820955276,False,Yatim Riyanto,Yuni Yamasari
lFCI_vsAAAAJ,n7IAKI0AAAAJ,0.21633081138134003,0.011072216555476189,False,Atik Wintarti,Joko
34CwHgkAAAAJ,8wFXNjYAAAAJ,0.21631577610969543,0.030870268121361732,False,Riza Akhsani Setyo Prayoga,Naim Rochmawati
A9L19RMAAAAJ,RNJ3vNQAAAAJ,0.2161228358745575,0.006556203588843346,False,Pradini Puspitaningayu,Harmon Prayogi
1hm7MM8AAAAJ,Thp8jg0AAAAJ,0.21595580875873566,0.08542996644973755,False,Reza Rahmadian,Dodik Arwin Dermawan
Thp8jg0AAAAJ,itwnm-AAAAAJ,0.21581654250621796,0.030027315020561218,False,Dodik Arwin Dermawan,Achmad Fitro
_n2j0ZAAAAAJ,wlGfsB0AAAAJ,0.21500295400619507,0.043905626982450485,False,I Gusti Lanang Putra Eka Prismana,Salamun Rohman Nudin
34CwHgkAAAAJ,N6RJilIAAAAJ,0.21488246321678162,0.056050222367048264,False,Riza Akhsani Setyo Prayoga,Anita Qoiriah
6f4j4TYAAAAJ,nyyfjCgAAAAJ,0.21479351818561554,0.08870863914489746,False,Mahendra Widyartono,Rifqi Abdillah
UL2-upoAAAAJ,i0pkJZoAAAAJ,0.2147444486618042,0.069222092628479,False,Dana Azizah Rahmat,Yuni Rosita Dewi
b4_EdJYAAAAJ,psg8hdoAAAAJ,0.2144380658864975,0.022085243836045265,False,Moh. Khoridatul Huda,Bonda Sisephaputra
2lw6P3IAAAAJ,b81qaDkAAAAJ,0.21417619287967682,0.04430568963289261,False,Muhammad Febrilian Dwi Syahputra,Anita Safitri
jPKU5cAAAAAJ,q24bD6AAAAAJ,0.21377670764923096,0.03334539383649826,False,Anggraeni Widya Purwita,Martini Dwi Endah Susanti
hn5jrnAAAAAJ,yObeL8gAAAAJ,0.21375790238380432,0.06456955522298813,False,Yuni Yamasari,I Gusti Putu Asto Buditjahjanto
RNJ3vNQAAAAJ,p4gdgRgAAAAJ,0.21362616121768951,0.016243034973740578,False,Harmon Prayogi,Rusijono
ZBAnb64AAAAJ,o4zdesUAAAAJ,0.21358254551887512,0.022485937923192978,False,Ardhini Warih Utami,Rakha Asyrofi
7EQjv9wAAAAJ,LeRoniwAAAAJ,0.21283020079135895,0.024968573823571205,False,Asmunin,Farhanna Mari
AjvtBWIAAAAJ,cPj-iOIAAAAJ,0.2126486450433731,0.04314630106091499,False,Siti Masitoh,Ricky Eka Putra
N6RJilIAAAAJ,psg8hdoAAAAJ,0.21239632368087769,0.05351334065198898,False,Anita Qoiriah,Bonda Sisephaputra
Hl6bqU8AAAAJ,TAAC1-AAAAAJ,0.21235743165016174,0.05260623246431351,False,Rindu Puspita Wibawa,I Gde Agung Sri Sidhimantra
-BuJoD0AAAAJ,7EQjv9wAAAAJ,0.21217705309391022,0.05459398031234741,False,Ratih Amelia,Asmunin
XdEn69YAAAAJ,ZBAnb64AAAAJ,0.21194632351398468,0.025919897481799126,False,Cendra Devayana Putra,Ardhini Warih Utami
CxdwNaYAAAAJ,aW1lSOYAAAAJ,0.2114848643541336,0.05996868014335632,False,Wiyli Yustanti,Aditya Chandra Hermawan
1xVR-fgAAAAJ,UL2-upoAAAAJ,0.2112322449684143,0.017128372564911842,False,1xVR-fgAAAAJ,Dana Azizah Rahmat
N6RJilIAAAAJ,b4_EdJYAAAAJ,0.21122625470161438,0.03886156156659126,False,Anita Qoiriah,Moh. Khoridatul Huda
6ifThF0AAAAJ,C_EGqeMAAAAJ,0.21117693185806274,0.01630738191306591,False,Ika Diyah Candra Arifah,Namira Roudlotul Jannah
Iq3gzh4AAAAJ,UL2-upoAAAAJ,0.21013565361499786,0.03370974212884903,False,Andi Mariono,Dana Azizah Rahmat
nWPONc8AAAAJ,psg8hdoAAAAJ,0.20983687043190002,0.017442459240555763,False,Lusia Rakhmawati,Bonda Sisephaputra
RNJ3vNQAAAAJ,z7RWDi0AAAAJ,0.20982109010219574,0.01826522685587406,False,Harmon Prayogi,Tri Rijanto
Yw9l51IAAAAJ,cY1QGVEAAAAJ,0.20969951152801514,0.004240220878273249,False,Riza Akhsani Setyo Prayoga,Muhammad Sonhaji Akbar
N40Vh64AAAAJ,nWPONc8AAAAJ,0.20963245630264282,0.019547222182154655,False,Raden Roro Hapsari Peni Agustin T,Lusia Rakhmawati
hrVTt4kAAAAJ,o4zdesUAAAAJ,0.20955556631088257,0.018205266445875168,False,Monica Cinthya,Rakha Asyrofi
DsVi_OAAAAAJ,hrVTt4kAAAAJ,0.20908010005950928,0.028775477781891823,False,Nadia Nur Thahirrah,Monica Cinthya
Thp8jg0AAAAJ,nbtuM4IAAAAJ,0.2088177502155304,0.02021004445850849,True,Dodik Arwin Dermawan,Parama Diptya Widayaka
DiBTIz4AAAAJ,b4_EdJYAAAAJ,0.2086775302886963,0.026956191286444664,False,Riskyana Dewi Intan P,Moh. Khoridatul Huda
6RBIukkAAAAJ,OwdLKtQAAAAJ,0.20769093930721283,0.03932289034128189,False,Yatim Riyanto,Fitria
EBgY5K0AAAAJ,FZ00CQ8AAAAJ,0.2076481431722641,0.05270998552441597,False,Moch. Badrus Oleh,Rizky Basatha
n7IAKI0AAAAJ,pb3-UjwAAAAJ,0.20745165646076202,0.029534505680203438,False,Joko,Moch Deny Pratama
JsEkeOsAAAAJ,Jzuk6doAAAAJ,0.20718693733215332,0.0356120690703392,False,Ari Kurniawan,Aries Dwi Indriyanti
JsEkeOsAAAAJ,hn5jrnAAAAAJ,0.20650126039981842,0.05073677748441696,True,Ari Kurniawan,Yuni Yamasari
N6RJilIAAAAJ,qtFw9UMAAAAJ,0.2062900811433792,0.048448480665683746,False,Anita Qoiriah,Bambang Sujatmiko
LsydBAMAAAAJ,lFCI_vsAAAAJ,0.20622490346431732,0.027005046606063843,False,Puput Wanarti Rusimamto,Atik Wintarti
XdEn69YAAAAJ,nbtuM4IAAAAJ,0.20621198415756226,0.01752283424139023,False,Cendra Devayana Putra,Parama Diptya Widayaka
ZjPpHWsAAAAJ,yObeL8gAAAAJ,0.20620833337306976,0.016274379566311836,False,Erik Rahman,I Gusti Putu Asto Buditjahjanto
JsEkeOsAAAAJ,VwvPnrcAAAAJ,0.20603719353675842,0.08919786661863327,False,Ari Kurniawan,Nisa Dwi Septiyanti
LeRoniwAAAAJ,Tz8EfXcAAAAJ,0.20564688742160797,0.016676492989063263,False,Farhanna Mari,Yuliani Puji Astuti
TB0QfMoAAAAJ,ZjPpHWsAAAAJ,0.20493414998054504,0.006535083521157503,False,Miftahur Rohman,Erik Rahman
Iq3gzh4AAAAJ,wlGfsB0AAAAJ,0.20484426617622375,0.046828776597976685,False,Andi Mariono,Salamun Rohman Nudin
1xVR-fgAAAAJ,Thp8jg0AAAAJ,0.2045835554599762,0.03547326847910881,False,1xVR-fgAAAAJ,Dodik Arwin Dermawan
-tpBKawAAAAJ,DsVi_OAAAAAJ,0.20421753823757172,0.04762395843863487,False,Dimas Novian Aditia Syahputra,Nadia Nur Thahirrah
Jzuk6doAAAAJ,jPKU5cAAAAAJ,0.2041778564453125,0.016507264226675034,False,Aries Dwi Indriyanti,Anggraeni Widya Purwita
JsEkeOsAAAAJ,ZBAnb64AAAAJ,0.20395030081272125,0.07605539262294769,False,Ari Kurniawan,Ardhini Warih Utami
RES4QIQAAAAJ,fkxhjZ4AAAAJ,0.20373833179473877,0.028887320309877396,False,Arif Widodo,Ronggo Alit
34CwHgkAAAAJ,4d_6xxEAAAAJ,0.20314441621303558,0.04439195618033409,False,Riza Akhsani Setyo Prayoga,Ghea Sekar Palupi
-BuJoD0AAAAJ,-gGGkMcAAAAJ,0.20266826450824738,0.05406029522418976,False,Ratih Amelia,Faris Abdi El Hakim
JsEkeOsAAAAJ,TAAC1-AAAAAJ,0.20222526788711548,0.06136411800980568,False,Ari Kurniawan,I Gde Agung Sri Sidhimantra
6RBIukkAAAAJ,RES4QIQAAAAJ,0.20210810005664825,0.011885055340826511,False,Yatim Riyanto,Arif Widodo
Iq3gzh4AAAAJ,pb3-UjwAAAAJ,0.2019818276166916,0.0138631546869874,False,Andi Mariono,Moch Deny Pratama
ZhJ08JkAAAAJ,nbtuM4IAAAAJ,0.20185187458992004,0.018253596499562263,False,Bachtiar Syaiful Bachri,Parama Diptya Widayaka
b81qaDkAAAAJ,nWPONc8AAAAJ,0.20174455642700195,0.026440085843205452,False,Anita Safitri,Lusia Rakhmawati
CxdwNaYAAAAJ,hrVTt4kAAAAJ,0.20122885704040527,0.030936064198613167,False,Wiyli Yustanti,Monica Cinthya
lFCI_vsAAAAJ,z7RWDi0AAAAJ,0.2011748105287552,0.03021787293255329,False,Atik Wintarti,Tri Rijanto
Tp_X_bYAAAAJ,pb3-UjwAAAAJ,0.20115512609481812,0.06647485494613647,False,Farid Baskoro,Moch Deny Pratama
ZhJ08JkAAAAJ,_n2j0ZAAAAAJ,0.20110563933849335,0.04892708733677864,False,Bachtiar Syaiful Bachri,I Gusti Lanang Putra Eka Prismana
RES4QIQAAAAJ,lFCI_vsAAAAJ,0.2008873075246811,0.020883649587631226,False,Arif Widodo,Atik Wintarti
6RBIukkAAAAJ,nbtuM4IAAAAJ,0.20079059898853302,0.00918932631611824,False,Yatim Riyanto,Parama Diptya Widayaka
6RBIukkAAAAJ,UL2-upoAAAAJ,0.20056338608264923,0.040633589029312134,False,Yatim Riyanto,Dana Azizah Rahmat
RNJ3vNQAAAAJ,n7IAKI0AAAAJ,0.20055213570594788,0.013139861635863781,False,Harmon Prayogi,Joko
DrE0Lf8AAAAJ,cY1QGVEAAAAJ,0.2002284973859787,0.04792330414056778,False,Fresha Kharisma,Muhammad Sonhaji Akbar
S6IJ51cAAAAJ,ZhJ08JkAAAAJ,0.19925440847873688,0.022120431065559387,False,Unit Three Kartini,Bachtiar Syaiful Bachri
hjllQ9gAAAAJ,zDgqPOsAAAAJ,0.19915632903575897,0.043108854442834854,False,Nur Kholis,Mustaji
6RBIukkAAAAJ,yObeL8gAAAAJ,0.1986701786518097,0.018192099407315254,False,Yatim Riyanto,I Gusti Putu Asto Buditjahjanto
34CwHgkAAAAJ,itwnm-AAAAAJ,0.198584645986557,0.0228724367916584,False,Riza Akhsani Setyo Prayoga,Achmad Fitro
1hm7MM8AAAAJ,MnI3Tm0AAAAJ,0.19825591146945953,0.055262405425310135,False,Reza Rahmadian,Sayyidul Aulia Alamsyah
AX-w0AEAAAAJ,nyyfjCgAAAAJ,0.1980254203081131,0.015336359851062298,False,Hasanuddin Al-Habib,Rifqi Abdillah
fkxhjZ4AAAAJ,o4zdesUAAAAJ,0.19790473580360413,0.022044925019145012,False,Ronggo Alit,Rakha Asyrofi
lmlBHlsAAAAJ,n7IAKI0AAAAJ,0.1977142095565796,0.04937217757105827,False,Widi Aribowo,Joko
LeRoniwAAAAJ,TAAC1-AAAAAJ,0.19761088490486145,0.014169345609843731,False,Farhanna Mari,I Gde Agung Sri Sidhimantra
TAAC1-AAAAAJ,ZhJ08JkAAAAJ,0.19748294353485107,0.04692582041025162,False,I Gde Agung Sri Sidhimantra,Bachtiar Syaiful Bachri
fkxhjZ4AAAAJ,sHANI1gAAAAJ,0.1973610371351242,0.01423556823283434,False,Ronggo Alit,Rifqi Firmansyah
CxdwNaYAAAAJ,JsEkeOsAAAAJ,0.1973407119512558,0.03226006403565407,False,Wiyli Yustanti,Ari Kurniawan
JsEkeOsAAAAJ,y_OiarcAAAAJ,0.19731475412845612,0.019350824877619743,False,Ari Kurniawan,Yandhika Surya Akbar Gumilang
CxdwNaYAAAAJ,p4gdgRgAAAAJ,0.19726938009262085,0.032208386808633804,False,Wiyli Yustanti,Rusijono
AX-w0AEAAAAJ,CxdwNaYAAAAJ,0.19715841114521027,0.045772772282361984,False,Hasanuddin Al-Habib,Wiyli Yustanti
N40Vh64AAAAJ,q-sbahIAAAAJ,0.1969582885503769,0.020038407295942307,False,Raden Roro Hapsari Peni Agustin T,Ulfa Siti Nuraini
cY1QGVEAAAAJ,nbtuM4IAAAAJ,0.1969335377216339,0.015518044121563435,True,Muhammad Sonhaji Akbar,Parama Diptya Widayaka
VwvPnrcAAAAJ,y_OiarcAAAAJ,0.19663791358470917,0.008457179181277752,False,Nisa Dwi Septiyanti,Yandhika Surya Akbar Gumilang
1xVR-fgAAAAJ,y_OiarcAAAAJ,0.19637374579906464,0.01017425674945116,False,1xVR-fgAAAAJ,Yandhika Surya Akbar Gumilang
UL2-upoAAAAJ,wwhACXoAAAAJ,0.19584910571575165,0.03728267177939415,False,Dana Azizah Rahmat,M Adamu Islam Mashuri
VNrCn4gAAAAJ,XdEn69YAAAAJ,0.1958295851945877,0.002530761994421482,False,Ersha Aisyah Elfaiz,Cendra Devayana Putra
bTjH6IgAAAAJ,lmlBHlsAAAAJ,0.19545906782150269,0.0432811975479126,True,Achmad Kautsar,Widi Aribowo
VwvPnrcAAAAJ,b4_EdJYAAAAJ,0.19544363021850586,0.02449878305196762,False,Nisa Dwi Septiyanti,Moh. Khoridatul Huda
Iq3gzh4AAAAJ,_n2j0ZAAAAAJ,0.19542960822582245,0.054296914488077164,False,Andi Mariono,I Gusti Lanang Putra Eka Prismana
JsEkeOsAAAAJ,Smb2eg8AAAAJ,0.19542467594146729,0.08768574148416519,False,Ari Kurniawan,Nanang Hoesen. H. A.
_VFGVQQAAAAJ,_n2j0ZAAAAAJ,0.1952400505542755,0.020333996042609215,False,Berlian Maulidya Izzati,I Gusti Lanang Putra Eka Prismana
JsEkeOsAAAAJ,eEtHoOAAAAAJ,0.19511301815509796,0.08680040389299393,False,Ari Kurniawan,Rahadian Bisma
1hm7MM8AAAAJ,dfwr-2YAAAAJ,0.1946912407875061,0.07307665795087814,False,Reza Rahmadian,Muhammad Fajar Wahyudi Rahman
bTjH6IgAAAAJ,nyyfjCgAAAAJ,0.1946687400341034,0.02019701711833477,False,Achmad Kautsar,Rifqi Abdillah
TAAC1-AAAAAJ,lmlBHlsAAAAJ,0.19424468278884888,0.03866193816065788,False,I Gde Agung Sri Sidhimantra,Widi Aribowo
WdhKN0sAAAAJ,q24bD6AAAAAJ,0.19365960359573364,0.04031161218881607,True,Aditya Prapanca,Martini Dwi Endah Susanti
Hl6bqU8AAAAJ,nbtuM4IAAAAJ,0.19329242408275604,0.018692582845687866,False,Rindu Puspita Wibawa,Parama Diptya Widayaka
DsVi_OAAAAAJ,y_OiarcAAAAJ,0.193169504404068,0.011472012847661972,False,Nadia Nur Thahirrah,Yandhika Surya Akbar Gumilang
AaC4eAwAAAAJ,b4_EdJYAAAAJ,0.1927836537361145,0.0224747397005558,False,Fadhilah Qalbi Annisa,Moh. Khoridatul Huda
b4_EdJYAAAAJ,cPj-iOIAAAAJ,0.1919744908809662,0.024038078263401985,False,Moh. Khoridatul Huda,Ricky Eka Putra
2lw6P3IAAAAJ,ne31is4AAAAJ,0.191780224442482,0.05158524587750435,False,Muhammad Febrilian Dwi Syahputra,Danang Ary Dewangga
LsydBAMAAAAJ,MnI3Tm0AAAAJ,0.19171486794948578,0.06861571967601776,False,Puput Wanarti Rusimamto,Sayyidul Aulia Alamsyah
9BWyE0UAAAAJ,nWPONc8AAAAJ,0.1916385442018509,0.09825754165649414,False,Endryansyah,Lusia Rakhmawati
1xVR-fgAAAAJ,fkxhjZ4AAAAJ,0.19145216047763824,0.02441406436264515,False,1xVR-fgAAAAJ,Ronggo Alit
EBgY5K0AAAAJ,hrVTt4kAAAAJ,0.19133096933364868,0.027817687019705772,False,Moch. Badrus Oleh,Monica Cinthya
cY1QGVEAAAAJ,yXy6kW0AAAAJ,0.19118374586105347,0.044689275324344635,False,Muhammad Sonhaji Akbar,Harun Al Rosyid
W7ncZRgAAAAJ,hrVTt4kAAAAJ,0.1910921186208725,0.035316139459609985,False,Hafid Kholidi Hadi,Monica Cinthya
Jzuk6doAAAAJ,wlGfsB0AAAAJ,0.1906428039073944,0.02513129822909832,False,Aries Dwi Indriyanti,Salamun Rohman Nudin
1hm7MM8AAAAJ,DrE0Lf8AAAAJ,0.19049349427223206,0.060595761984586716,False,Reza Rahmadian,Fresha Kharisma
hrVTt4kAAAAJ,ne31is4AAAAJ,0.19048020243644714,0.03301948308944702,False,Monica Cinthya,Danang Ary Dewangga
nyyfjCgAAAAJ,y_OiarcAAAAJ,0.19032558798789978,0.012546857818961143,False,Rifqi Abdillah,Yandhika Surya Akbar Gumilang
YADiqesAAAAJ,pb3-UjwAAAAJ,0.19014398753643036,0.04071476683020592,False,Ekohariadi,Moch Deny Pratama
bTjH6IgAAAAJ,hjllQ9gAAAAJ,0.18973302841186523,0.04329562187194824,False,Achmad Kautsar,Nur Kholis
8wFXNjYAAAAJ,z7RWDi0AAAAJ,0.18956531584262848,0.05378333851695061,False,Naim Rochmawati,Tri Rijanto
MnI3Tm0AAAAJ,fkxhjZ4AAAAJ,0.1887935847043991,0.015496243722736835,False,Sayyidul Aulia Alamsyah,Ronggo Alit
9BWyE0UAAAAJ,A9L19RMAAAAJ,0.1887083202600479,0.1057710126042366,False,Endryansyah,Pradini Puspitaningayu
R9rGmc4AAAAJ,tzjThtIAAAAJ,0.18864214420318604,0.011948144994676113,False,Kartika Chandra Dewi,Elly Matul Imah
RvG7jG4AAAAJ,o4zdesUAAAAJ,0.18842662870883942,0.038890354335308075,False,I Made Suartana,Rakha Asyrofi
ZRCJXO0AAAAJ,_VFGVQQAAAAJ,0.1882656216621399,0.03749523684382439,False,Riska Dhenabayu,Berlian Maulidya Izzati
MZCJPuIAAAAJ,YADiqesAAAAJ,0.1882174164056778,0.04809606447815895,False,Fajar Arianto,Ekohariadi
nWPONc8AAAAJ,zDgqPOsAAAAJ,0.18805542588233948,0.02475949004292488,False,Lusia Rakhmawati,Mustaji
AjvtBWIAAAAJ,hn5jrnAAAAAJ,0.18786130845546722,0.04153672233223915,False,Siti Masitoh,Yuni Yamasari
4Yhmpg0AAAAJ,hrVTt4kAAAAJ,0.18785102665424347,0.03408000245690346,False,Hujjatullah Fazlurrahman,Monica Cinthya
N6RJilIAAAAJ,p1pK7E4AAAAJ,0.18773844838142395,0.05697765573859215,False,Anita Qoiriah,Subuh Isnur Haryudo
TAAC1-AAAAAJ,hn5jrnAAAAAJ,0.18755027651786804,0.05664629489183426,False,I Gde Agung Sri Sidhimantra,Yuni Yamasari
TB0QfMoAAAAJ,cPj-iOIAAAAJ,0.18703490495681763,0.07257411628961563,False,Miftahur Rohman,Ricky Eka Putra
-tpBKawAAAAJ,C_EGqeMAAAAJ,0.186792254447937,0.019480278715491295,False,Dimas Novian Aditia Syahputra,Namira Roudlotul Jannah
4VXQFKYAAAAJ,UL2-upoAAAAJ,0.18634295463562012,0.06210393086075783,False,Renny Sari Dewi,Dana Azizah Rahmat
IJIEntMAAAAJ,q24bD6AAAAAJ,0.1860085427761078,0.03658565133810043,False,Yeni Anistyasari,Martini Dwi Endah Susanti
4d_6xxEAAAAJ,hjllQ9gAAAAJ,0.18598315119743347,0.018794313073158264,False,Ghea Sekar Palupi,Nur Kholis
hn5jrnAAAAAJ,o4zdesUAAAAJ,0.1857917159795761,0.04739488288760185,False,Yuni Yamasari,Rakha Asyrofi
AjvtBWIAAAAJ,psg8hdoAAAAJ,0.1856822818517685,0.049800559878349304,False,Siti Masitoh,Bonda Sisephaputra
S6IJ51cAAAAJ,b81qaDkAAAAJ,0.18556807935237885,0.03203807771205902,False,Unit Three Kartini,Anita Safitri
eEtHoOAAAAAJ,o4zdesUAAAAJ,0.18542641401290894,0.0246402770280838,False,Rahadian Bisma,Rakha Asyrofi
itwnm-AAAAAJ,lmlBHlsAAAAJ,0.18540950119495392,0.030608797445893288,False,Achmad Fitro,Widi Aribowo
8wFXNjYAAAAJ,qtFw9UMAAAAJ,0.18518328666687012,0.032898616045713425,False,Naim Rochmawati,Bambang Sujatmiko
BIrtbD8AAAAJ,MnI3Tm0AAAAJ,0.1851033717393875,0.012571812607347965,False,Ibnu Febry Kurniawan,Sayyidul Aulia Alamsyah
ZRCJXO0AAAAJ,fkxhjZ4AAAAJ,0.18500369787216187,0.008071482181549072,False,Riska Dhenabayu,Ronggo Alit
8wFXNjYAAAAJ,aW1lSOYAAAAJ,0.1846839338541031,0.06800033897161484,False,Naim Rochmawati,Aditya Chandra Hermawan
Yw9l51IAAAAJ,fkxhjZ4AAAAJ,0.18464988470077515,0.002754138084128499,False,Riza Akhsani Setyo Prayoga,Ronggo Alit
2lw6P3IAAAAJ,DsVi_OAAAAAJ,0.18425363302230835,0.04654054343700409,False,Muhammad Febrilian Dwi Syahputra,Nadia Nur Thahirrah
MeGE8WAAAAAJ,XdEn69YAAAAJ,0.18411628901958466,0.013495060615241528,False,Binti Kholifah,Cendra Devayana Putra
Iq3gzh4AAAAJ,nbtuM4IAAAAJ,0.1839393824338913,0.025084679946303368,False,Andi Mariono,Parama Diptya Widayaka
hn5jrnAAAAAJ,psg8hdoAAAAJ,0.18380755186080933,0.052110277116298676,False,Yuni Yamasari,Bonda Sisephaputra
bTjH6IgAAAAJ,hn5jrnAAAAAJ,0.1837722510099411,0.061144787818193436,True,Achmad Kautsar,Yuni Yamasari
LeRoniwAAAAJ,nyyfjCgAAAAJ,0.18349136412143707,0.006127397529780865,False,Farhanna Mari,Rifqi Abdillah
OwdLKtQAAAAJ,p4gdgRgAAAAJ,0.18339000642299652,0.05661417543888092,False,Fitria,Rusijono
pb3-UjwAAAAJ,psg8hdoAAAAJ,0.18327584862709045,0.011922567151486874,False,Moch Deny Pratama,Bonda Sisephaputra
R9rGmc4AAAAJ,q-sbahIAAAAJ,0.18275077641010284,0.008661968633532524,False,Kartika Chandra Dewi,Ulfa Siti Nuraini
ZhJ08JkAAAAJ,ZjPpHWsAAAAJ,0.18237270414829254,0.027666667476296425,False,Bachtiar Syaiful Bachri,Erik Rahman
VwvPnrcAAAAJ,wwhACXoAAAAJ,0.18229994177818298,0.030635545030236244,False,Nisa Dwi Septiyanti,M Adamu Islam Mashuri
MnI3Tm0AAAAJ,pb3-UjwAAAAJ,0.1820984035730362,0.02777671255171299,False,Sayyidul Aulia Alamsyah,Moch Deny Pratama
LeRoniwAAAAJ,MZCJPuIAAAAJ,0.18185384571552277,0.02167152613401413,False,Farhanna Mari,Fajar Arianto
1hm7MM8AAAAJ,7EQjv9wAAAAJ,0.1818048506975174,0.025351498275995255,False,Reza Rahmadian,Asmunin
OwdLKtQAAAAJ,ZhJ08JkAAAAJ,0.18172739446163177,0.0472172275185585,False,Fitria,Bachtiar Syaiful Bachri
-tpBKawAAAAJ,7EQjv9wAAAAJ,0.18166914582252502,0.02879285253584385,False,Dimas Novian Aditia Syahputra,Asmunin
FZ00CQ8AAAAJ,Iq3gzh4AAAAJ,0.1814764142036438,0.06807208061218262,False,Rizky Basatha,Andi Mariono
6MXDzBQAAAAJ,cPj-iOIAAAAJ,0.18132995069026947,0.06491176784038544,False,Lilik Anifah,Ricky Eka Putra
_ecYpyYAAAAJ,jJBtZPgAAAAJ,0.18130633234977722,0.03057613968849182,False,Dinda Galuh Guminta,Siska Puspitaningsih
MeGE8WAAAAAJ,wwhACXoAAAAJ,0.1812404990196228,0.044510580599308014,False,Binti Kholifah,M Adamu Islam Mashuri
DrE0Lf8AAAAJ,y_OiarcAAAAJ,0.18120354413986206,0.015220464207231998,False,Fresha Kharisma,Yandhika Surya Akbar Gumilang
Hl6bqU8AAAAJ,b81qaDkAAAAJ,0.18098889291286469,0.08318550139665604,False,Rindu Puspita Wibawa,Anita Safitri
AjvtBWIAAAAJ,z7RWDi0AAAAJ,0.18095694482326508,0.03864573687314987,False,Siti Masitoh,Tri Rijanto
7EQjv9wAAAAJ,VwvPnrcAAAAJ,0.18089596927165985,0.039053115993738174,False,Asmunin,Nisa Dwi Septiyanti
-BuJoD0AAAAJ,cPj-iOIAAAAJ,0.18037162721157074,0.05785089358687401,False,Ratih Amelia,Ricky Eka Putra
1hm7MM8AAAAJ,pb3-UjwAAAAJ,0.1800239086151123,0.040855538100004196,False,Reza Rahmadian,Moch Deny Pratama
AjvtBWIAAAAJ,XdEn69YAAAAJ,0.17994540929794312,0.02625356800854206,False,Siti Masitoh,Cendra Devayana Putra
_n2j0ZAAAAAJ,p4gdgRgAAAAJ,0.1795819103717804,0.043585967272520065,False,I Gusti Lanang Putra Eka Prismana,Rusijono
6RBIukkAAAAJ,LsydBAMAAAAJ,0.17951062321662903,0.01610264927148819,False,Yatim Riyanto,Puput Wanarti Rusimamto
EBgY5K0AAAAJ,zDgqPOsAAAAJ,0.1787419468164444,0.04258212074637413,False,Moch. Badrus Oleh,Mustaji
7EQjv9wAAAAJ,S6IJ51cAAAAJ,0.17872706055641174,0.013438903726637363,False,Asmunin,Unit Three Kartini
N6RJilIAAAAJ,S6IJ51cAAAAJ,0.1786552220582962,0.057061128318309784,False,Anita Qoiriah,Unit Three Kartini
p4gdgRgAAAAJ,z7RWDi0AAAAJ,0.17855243384838104,0.031446151435375214,False,Rusijono,Tri Rijanto
-_VNTSIAAAAJ,Jzuk6doAAAAJ,0.17852075397968292,0.060430511832237244,False,Agus Prihanto,Aries Dwi Indriyanti
Jzuk6doAAAAJ,Tz8EfXcAAAAJ,0.17834672331809998,0.010073191486299038,False,Aries Dwi Indriyanti,Yuliani Puji Astuti
1hm7MM8AAAAJ,Hl6bqU8AAAAJ,0.17833152413368225,0.048340991139411926,False,Reza Rahmadian,Rindu Puspita Wibawa
b4_EdJYAAAAJ,nWPONc8AAAAJ,0.17829521000385284,0.009809181094169617,False,Moh. Khoridatul Huda,Lusia Rakhmawati
N6RJilIAAAAJ,Thp8jg0AAAAJ,0.178273007273674,0.08920420706272125,False,Anita Qoiriah,Dodik Arwin Dermawan
b81qaDkAAAAJ,j8HRV1wAAAAJ,0.17821037769317627,0.03168894350528717,False,Anita Safitri,Bambang Suprianto
L6O1lvkAAAAJ,nyyfjCgAAAAJ,0.17813876271247864,0.06195227801799774,False,Tri Wrahatnolo,Rifqi Abdillah
34CwHgkAAAAJ,ZBAnb64AAAAJ,0.178049698472023,0.040430162101984024,False,Riza Akhsani Setyo Prayoga,Ardhini Warih Utami
IJIEntMAAAAJ,_n2j0ZAAAAAJ,0.1773327887058258,0.040896523743867874,False,Yeni Anistyasari,I Gusti Lanang Putra Eka Prismana
A9L19RMAAAAJ,CxdwNaYAAAAJ,0.17684385180473328,0.036061085760593414,False,Pradini Puspitaningayu,Wiyli Yustanti
JsEkeOsAAAAJ,MZCJPuIAAAAJ,0.17677101492881775,0.06828823685646057,False,Ari Kurniawan,Fajar Arianto
FZ00CQ8AAAAJ,MeGE8WAAAAAJ,0.1767560839653015,0.020114608108997345,False,Rizky Basatha,Binti Kholifah
W7ncZRgAAAAJ,cY1QGVEAAAAJ,0.17666976153850555,0.04807079955935478,False,Hafid Kholidi Hadi,Muhammad Sonhaji Akbar
2lw6P3IAAAAJ,dfwr-2YAAAAJ,0.17664536833763123,0.039458081126213074,False,Muhammad Febrilian Dwi Syahputra,Muhammad Fajar Wahyudi Rahman
6MXDzBQAAAAJ,RNJ3vNQAAAAJ,0.17655281722545624,0.010412130504846573,True,Lilik Anifah,Harmon Prayogi
JsEkeOsAAAAJ,LeRoniwAAAAJ,0.17633162438869476,0.026945559307932854,False,Ari Kurniawan,Farhanna Mari
b81qaDkAAAAJ,nbtuM4IAAAAJ,0.1763271540403366,0.01840093918144703,False,Anita Safitri,Parama Diptya Widayaka
VwvPnrcAAAAJ,t5f89iIAAAAJ,0.17587877810001373,0.027440225705504417,False,Nisa Dwi Septiyanti,Andi Iwan Nurhidayat
b4_EdJYAAAAJ,hn5jrnAAAAAJ,0.17586088180541992,0.03480374813079834,False,Moh. Khoridatul Huda,Yuni Yamasari
Hl6bqU8AAAAJ,S6IJ51cAAAAJ,0.17567236721515656,0.023056630045175552,False,Rindu Puspita Wibawa,Unit Three Kartini
-_VNTSIAAAAJ,nyyfjCgAAAAJ,0.17555569112300873,0.04336726292967796,False,Agus Prihanto,Rifqi Abdillah
-gGGkMcAAAAJ,8wFXNjYAAAAJ,0.1755308210849762,0.031893886625766754,False,Faris Abdi El Hakim,Naim Rochmawati
-gGGkMcAAAAJ,MeGE8WAAAAAJ,0.17548511922359467,0.033923279494047165,False,Faris Abdi El Hakim,Binti Kholifah
6f4j4TYAAAAJ,hn5jrnAAAAAJ,0.17535312473773956,0.08666352927684784,False,Mahendra Widyartono,Yuni Yamasari
-BuJoD0AAAAJ,WdhKN0sAAAAJ,0.17532718181610107,0.05180252715945244,True,Ratih Amelia,Aditya Prapanca
MZCJPuIAAAAJ,bTjH6IgAAAAJ,0.17529155313968658,0.10986626148223877,False,Fajar Arianto,Achmad Kautsar
XdEn69YAAAAJ,o4zdesUAAAAJ,0.17525266110897064,0.020468931645154953,False,Cendra Devayana Putra,Rakha Asyrofi
34CwHgkAAAAJ,MeGE8WAAAAAJ,0.17513422667980194,0.017115985974669456,False,Riza Akhsani Setyo Prayoga,Binti Kholifah
FZ00CQ8AAAAJ,NO8mJucAAAAJ,0.1750715672969818,0.026571936905384064,False,Rizky Basatha,Wahyu Sasongko Putro
9BWyE0UAAAAJ,MnI3Tm0AAAAJ,0.17445062100887299,0.08556953072547913,False,Endryansyah,Sayyidul Aulia Alamsyah
N6RJilIAAAAJ,o4zdesUAAAAJ,0.17428824305534363,0.0483260415494442,False,Anita Qoiriah,Rakha Asyrofi
b81qaDkAAAAJ,z7RWDi0AAAAJ,0.17420539259910583,0.0386989526450634,True,Anita Safitri,Tri Rijanto
eEtHoOAAAAAJ,hjllQ9gAAAAJ,0.1741987019777298,0.022951627150177956,False,Rahadian Bisma,Nur Kholis
hn5jrnAAAAAJ,hrVTt4kAAAAJ,0.17405541241168976,0.04262290149927139,False,Yuni Yamasari,Monica Cinthya
Hl6bqU8AAAAJ,wlGfsB0AAAAJ,0.17399443686008453,0.05584578588604927,False,Rindu Puspita Wibawa,Salamun Rohman Nudin
34CwHgkAAAAJ,OffRzhoAAAAJ,0.1739070862531662,0.03866305947303772,False,Riza Akhsani Setyo Prayoga,Dwi Fatrianto Suyatno
lFCI_vsAAAAJ,q24bD6AAAAAJ,0.173694908618927,0.03335844725370407,False,Atik Wintarti,Martini Dwi Endah Susanti
i0pkJZoAAAAJ,t5f89iIAAAAJ,0.1734764277935028,0.03647206351161003,False,Yuni Rosita Dewi,Andi Iwan Nurhidayat
VwvPnrcAAAAJ,cPj-iOIAAAAJ,0.17337444424629211,0.018524445593357086,False,Nisa Dwi Septiyanti,Ricky Eka Putra
4Yhmpg0AAAAJ,cY1QGVEAAAAJ,0.17328226566314697,0.04216773062944412,False,Hujjatullah Fazlurrahman,Muhammad Sonhaji Akbar
CxdwNaYAAAAJ,YADiqesAAAAJ,0.17317864298820496,0.03444405645132065,False,Wiyli Yustanti,Ekohariadi
6MXDzBQAAAAJ,fkxhjZ4AAAAJ,0.17310601472854614,0.03333258628845215,False,Lilik Anifah,Ronggo Alit
8wFXNjYAAAAJ,AYI1rosAAAAJ,0.1728874295949936,0.04078218713402748,False,Naim Rochmawati,Nurhayati
-gGGkMcAAAAJ,N6RJilIAAAAJ,0.17274099588394165,0.054668936878442764,False,Faris Abdi El Hakim,Anita Qoiriah
i0pkJZoAAAAJ,nyyfjCgAAAAJ,0.17254698276519775,0.012511740438640118,False,Yuni Rosita Dewi,Rifqi Abdillah
Jzuk6doAAAAJ,y_OiarcAAAAJ,0.17243608832359314,0.009529062546789646,False,Aries Dwi Indriyanti,Yandhika Surya Akbar Gumilang
Jzuk6doAAAAJ,TAAC1-AAAAAJ,0.17215386033058167,0.023965435102581978,False,Aries Dwi Indriyanti,I Gde Agung Sri Sidhimantra
34CwHgkAAAAJ,_ecYpyYAAAAJ,0.1720665991306305,0.007460596971213818,False,Riza Akhsani Setyo Prayoga,Dinda Galuh Guminta
TB0QfMoAAAAJ,fkxhjZ4AAAAJ,0.17198266088962555,0.03471508249640465,False,Miftahur Rohman,Ronggo Alit
iFSMsegAAAAJ,q-sbahIAAAAJ,0.17195968329906464,0.008216583169996738,False,Elvira Wardah,Ulfa Siti Nuraini
-gGGkMcAAAAJ,o4zdesUAAAAJ,0.1717909276485443,0.02472965233027935,False,Faris Abdi El Hakim,Rakha Asyrofi
AX-w0AEAAAAJ,N40Vh64AAAAJ,0.17148196697235107,0.020725134760141373,False,Hasanuddin Al-Habib,Raden Roro Hapsari Peni Agustin T
t5f89iIAAAAJ,y_OiarcAAAAJ,0.17140990495681763,0.029126787558197975,False,Andi Iwan Nurhidayat,Yandhika Surya Akbar Gumilang
34CwHgkAAAAJ,yXy6kW0AAAAJ,0.17093077301979065,0.034003209322690964,False,Riza Akhsani Setyo Prayoga,Harun Al Rosyid
Iq3gzh4AAAAJ,S6IJ51cAAAAJ,0.17084987461566925,0.029972784221172333,False,Andi Mariono,Unit Three Kartini
AYI1rosAAAAJ,fkxhjZ4AAAAJ,0.17061962187290192,0.027126625180244446,False,Nurhayati,Ronggo Alit
34CwHgkAAAAJ,MZCJPuIAAAAJ,0.17053112387657166,0.04652465507388115,False,Riza Akhsani Setyo Prayoga,Fajar Arianto
C_EGqeMAAAAJ,bTjH6IgAAAAJ,0.17027252912521362,0.018067486584186554,False,Namira Roudlotul Jannah,Achmad Kautsar
b4_EdJYAAAAJ,tzjThtIAAAAJ,0.16992121934890747,0.03528668358922005,False,Moh. Khoridatul Huda,Elly Matul Imah
8wFXNjYAAAAJ,hrVTt4kAAAAJ,0.1694931834936142,0.029148424044251442,False,Naim Rochmawati,Monica Cinthya
MZCJPuIAAAAJ,ZjPpHWsAAAAJ,0.16946953535079956,0.023853236809372902,False,Fajar Arianto,Erik Rahman
Iq3gzh4AAAAJ,n7IAKI0AAAAJ,0.1692640632390976,0.01361028291285038,False,Andi Mariono,Joko
6MXDzBQAAAAJ,lFCI_vsAAAAJ,0.16914284229278564,0.020977025851607323,False,Lilik Anifah,Atik Wintarti
A9L19RMAAAAJ,lmlBHlsAAAAJ,0.16902385652065277,0.07187647372484207,False,Pradini Puspitaningayu,Widi Aribowo
AjvtBWIAAAAJ,TAAC1-AAAAAJ,0.16822603344917297,0.043343666940927505,False,Siti Masitoh,I Gde Agung Sri Sidhimantra
-tpBKawAAAAJ,_VFGVQQAAAAJ,0.16754083335399628,0.031534016132354736,False,Dimas Novian Aditia Syahputra,Berlian Maulidya Izzati
TB0QfMoAAAAJ,pb3-UjwAAAAJ,0.16740526258945465,0.07089494913816452,False,Miftahur Rohman,Moch Deny Pratama
_n2j0ZAAAAAJ,hrVTt4kAAAAJ,0.1670546978712082,0.017252536490559578,False,I Gusti Lanang Putra Eka Prismana,Monica Cinthya
qtFw9UMAAAAJ,yXy6kW0AAAAJ,0.1668921709060669,0.042791128158569336,False,Bambang Sujatmiko,Harun Al Rosyid
1hm7MM8AAAAJ,lFCI_vsAAAAJ,0.1668509691953659,0.030240273103117943,True,Reza Rahmadian,Atik Wintarti
IJIEntMAAAAJ,Thp8jg0AAAAJ,0.1666751503944397,0.07528235763311386,False,Yeni Anistyasari,Dodik Arwin Dermawan
nyyfjCgAAAAJ,p4gdgRgAAAAJ,0.166537344455719,0.009331827983260155,False,Rifqi Abdillah,Rusijono
4Yhmpg0AAAAJ,jPKU5cAAAAAJ,0.16633731126785278,0.03388389199972153,False,Hujjatullah Fazlurrahman,Anggraeni Widya Purwita
6RBIukkAAAAJ,S6IJ51cAAAAJ,0.1658293455839157,0.011012297123670578,False,Yatim Riyanto,Unit Three Kartini
ZRCJXO0AAAAJ,wlGfsB0AAAAJ,0.16574214398860931,0.015636883676052094,False,Riska Dhenabayu,Salamun Rohman Nudin
7EQjv9wAAAAJ,pb3-UjwAAAAJ,0.16546756029129028,0.01178586483001709,False,Asmunin,Moch Deny Pratama
ZBAnb64AAAAJ,jPKU5cAAAAAJ,0.16504554450511932,0.044649723917245865,False,Ardhini Warih Utami,Anggraeni Widya Purwita
_n2j0ZAAAAAJ,hjllQ9gAAAAJ,0.16490529477596283,0.01609177514910698,False,I Gusti Lanang Putra Eka Prismana,Nur Kholis
8wFXNjYAAAAJ,yObeL8gAAAAJ,0.16489870846271515,0.054829444736242294,True,Naim Rochmawati,I Gusti Putu Asto Buditjahjanto
UL2-upoAAAAJ,b81qaDkAAAAJ,0.1647677719593048,0.05257080867886543,False,Dana Azizah Rahmat,Anita Safitri
eEtHoOAAAAAJ,hrVTt4kAAAAJ,0.16472934186458588,0.040505897253751755,False,Rahadian Bisma,Monica Cinthya
8wFXNjYAAAAJ,AjvtBWIAAAAJ,0.1647283434867859,0.03279239311814308,False,Naim Rochmawati,Siti Masitoh
MZCJPuIAAAAJ,j8HRV1wAAAAJ,0.1645868867635727,0.04465210810303688,False,Fajar Arianto,Bambang Suprianto
1hm7MM8AAAAJ,34CwHgkAAAAJ,0.16423293948173523,0.031630951911211014,False,Reza Rahmadian,Riza Akhsani Setyo Prayoga
C_EGqeMAAAAJ,NO8mJucAAAAJ,0.16388055682182312,0.01966625079512596,False,Namira Roudlotul Jannah,Wahyu Sasongko Putro
j8HRV1wAAAAJ,pb3-UjwAAAAJ,0.16378125548362732,0.055302027612924576,False,Bambang Suprianto,Moch Deny Pratama
AjvtBWIAAAAJ,pb3-UjwAAAAJ,0.1637757569551468,0.009299356490373611,False,Siti Masitoh,Moch Deny Pratama
_n2j0ZAAAAAJ,pb3-UjwAAAAJ,0.1634458601474762,0.007983756251633167,False,I Gusti Lanang Putra Eka Prismana,Moch Deny Pratama
n7ykK-IAAAAJ,t5f89iIAAAAJ,0.16339604556560516,0.02478979155421257,False,Dhiyan Septa Wihara,Andi Iwan Nurhidayat
MeGE8WAAAAAJ,_ecYpyYAAAAJ,0.16334132850170135,0.04429540038108826,False,Binti Kholifah,Dinda Galuh Guminta
DsVi_OAAAAAJ,JsEkeOsAAAAJ,0.16299164295196533,0.056486379355192184,False,Nadia Nur Thahirrah,Ari Kurniawan
nWPONc8AAAAJ,p4gdgRgAAAAJ,0.16207224130630493,0.011907380074262619,False,Lusia Rakhmawati,Rusijono
5uDKOUMAAAAJ,Iq3gzh4AAAAJ,0.16200532019138336,0.016998695209622383,False,Heri Purnawan,Andi Mariono
NO8mJucAAAAJ,hrVTt4kAAAAJ,0.1617632508277893,0.02736419253051281,False,Wahyu Sasongko Putro,Monica Cinthya
nbtuM4IAAAAJ,qtFw9UMAAAAJ,0.16144101321697235,0.01095372810959816,False,Parama Diptya Widayaka,Bambang Sujatmiko
TAAC1-AAAAAJ,nbtuM4IAAAAJ,0.16142316162586212,0.015129649080336094,False,I Gde Agung Sri Sidhimantra,Parama Diptya Widayaka
AjvtBWIAAAAJ,n7IAKI0AAAAJ,0.16118979454040527,0.011605150997638702,False,Siti Masitoh,Joko
9BWyE0UAAAAJ,pb3-UjwAAAAJ,0.16108280420303345,0.06718380004167557,False,Endryansyah,Moch Deny Pratama
8wFXNjYAAAAJ,FZ00CQ8AAAAJ,0.16087999939918518,0.03155791386961937,False,Naim Rochmawati,Rizky Basatha
MZCJPuIAAAAJ,sHANI1gAAAAJ,0.1608385294675827,0.01818183995783329,False,Fajar Arianto,Rifqi Firmansyah
XdEn69YAAAAJ,dfwr-2YAAAAJ,0.16043438017368317,0.03976118564605713,False,Cendra Devayana Putra,Muhammad Fajar Wahyudi Rahman
Yw9l51IAAAAJ,wwhACXoAAAAJ,0.16019272804260254,0.0061824265867471695,False,Riza Akhsani Setyo Prayoga,M Adamu Islam Mashuri
2lw6P3IAAAAJ,o4zdesUAAAAJ,0.1601376235485077,0.013975733891129494,False,Muhammad Febrilian Dwi Syahputra,Rakha Asyrofi
RvG7jG4AAAAJ,hjllQ9gAAAAJ,0.1600082367658615,0.05142512917518616,False,I Made Suartana,Nur Kholis
ZRCJXO0AAAAJ,cY1QGVEAAAAJ,0.15985028445720673,0.01045120321214199,False,Riska Dhenabayu,Muhammad Sonhaji Akbar
A9L19RMAAAAJ,DiBTIz4AAAAJ,0.15981481969356537,0.01978442631661892,False,Pradini Puspitaningayu,Riskyana Dewi Intan P
Tz8EfXcAAAAJ,wlGfsB0AAAAJ,0.15972882509231567,0.02326003462076187,False,Yuliani Puji Astuti,Salamun Rohman Nudin
-BuJoD0AAAAJ,eEtHoOAAAAAJ,0.15964727103710175,0.06028727814555168,False,Ratih Amelia,Rahadian Bisma
qtFw9UMAAAAJ,yObeL8gAAAAJ,0.15962941944599152,0.01667187176644802,False,Bambang Sujatmiko,I Gusti Putu Asto Buditjahjanto
MeGE8WAAAAAJ,yXy6kW0AAAAJ,0.1595141440629959,0.040580905973911285,False,Binti Kholifah,Harun Al Rosyid
Iq3gzh4AAAAJ,yObeL8gAAAAJ,0.15920832753181458,0.04611588642001152,False,Andi Mariono,I Gusti Putu Asto Buditjahjanto
AjvtBWIAAAAJ,_n2j0ZAAAAAJ,0.15910278260707855,0.05381631851196289,False,Siti Masitoh,I Gusti Lanang Putra Eka Prismana
Jzuk6doAAAAJ,zDgqPOsAAAAJ,0.15907511115074158,0.034527938812971115,False,Aries Dwi Indriyanti,Mustaji
IJIEntMAAAAJ,b81qaDkAAAAJ,0.15880240499973297,0.06889943778514862,False,Yeni Anistyasari,Anita Safitri
Smb2eg8AAAAJ,nyyfjCgAAAAJ,0.1582651287317276,0.008020266890525818,False,Nanang Hoesen. H. A.,Rifqi Abdillah
Yw9l51IAAAAJ,wlGfsB0AAAAJ,0.158196359872818,0.0037517647724598646,False,Riza Akhsani Setyo Prayoga,Salamun Rohman Nudin
Em3aIV0AAAAJ,y_OiarcAAAAJ,0.1581232100725174,0.012656927108764648,False,Ramadhan Cakra Wibawa,Yandhika Surya Akbar Gumilang
lFCI_vsAAAAJ,q-sbahIAAAAJ,0.15806831419467926,0.012690195813775063,False,Atik Wintarti,Ulfa Siti Nuraini
6RBIukkAAAAJ,sHANI1gAAAAJ,0.15791022777557373,0.008113116025924683,False,Yatim Riyanto,Rifqi Firmansyah
Tz8EfXcAAAAJ,XdEn69YAAAAJ,0.15774478018283844,0.010633952915668488,False,Yuliani Puji Astuti,Cendra Devayana Putra
Thp8jg0AAAAJ,yXy6kW0AAAAJ,0.15763473510742188,0.03423263132572174,False,Dodik Arwin Dermawan,Harun Al Rosyid
RES4QIQAAAAJ,hn5jrnAAAAAJ,0.1574324369430542,0.05814805254340172,False,Arif Widodo,Yuni Yamasari
Iq3gzh4AAAAJ,RES4QIQAAAAJ,0.15723292529582977,0.02891124226152897,False,Andi Mariono,Arif Widodo
4d_6xxEAAAAJ,pb3-UjwAAAAJ,0.15721632540225983,0.010727223940193653,False,Ghea Sekar Palupi,Moch Deny Pratama
ZhJ08JkAAAAJ,sHANI1gAAAAJ,0.15712130069732666,0.013232589699327946,False,Bachtiar Syaiful Bachri,Rifqi Firmansyah
Hl6bqU8AAAAJ,p1pK7E4AAAAJ,0.15706273913383484,0.026094825938344002,False,Rindu Puspita Wibawa,Subuh Isnur Haryudo
-BuJoD0AAAAJ,zDgqPOsAAAAJ,0.15703576803207397,0.10571947693824768,False,Ratih Amelia,Mustaji
6ifThF0AAAAJ,t5f89iIAAAAJ,0.15695813298225403,0.02852511592209339,False,Ika Diyah Candra Arifah,Andi Iwan Nurhidayat
A9L19RMAAAAJ,L6O1lvkAAAAJ,0.1568935513496399,0.05114266648888588,False,Pradini Puspitaningayu,Tri Wrahatnolo
CxdwNaYAAAAJ,_n2j0ZAAAAAJ,0.15687702596187592,0.03793945908546448,False,Wiyli Yustanti,I Gusti Lanang Putra Eka Prismana
b81qaDkAAAAJ,jPKU5cAAAAAJ,0.15680554509162903,0.032287802547216415,False,Anita Safitri,Anggraeni Widya Purwita
ZjPpHWsAAAAJ,hjllQ9gAAAAJ,0.15654124319553375,0.012498200871050358,False,Erik Rahman,Nur Kholis
4VXQFKYAAAAJ,hjllQ9gAAAAJ,0.15623512864112854,0.02011377364397049,False,Renny Sari Dewi,Nur Kholis
Iq3gzh4AAAAJ,LeRoniwAAAAJ,0.15615247189998627,0.016126057133078575,False,Andi Mariono,Farhanna Mari
JsEkeOsAAAAJ,qtFw9UMAAAAJ,0.15591482818126678,0.05200236663222313,False,Ari Kurniawan,Bambang Sujatmiko
MZCJPuIAAAAJ,hrVTt4kAAAAJ,0.1558280736207962,0.022502459585666656,False,Fajar Arianto,Monica Cinthya
Thp8jg0AAAAJ,pb3-UjwAAAAJ,0.15518952906131744,0.01008258294314146,False,Dodik Arwin Dermawan,Moch Deny Pratama
p1pK7E4AAAAJ,qtFw9UMAAAAJ,0.15517650544643402,0.016194568946957588,False,Subuh Isnur Haryudo,Bambang Sujatmiko
6ifThF0AAAAJ,MZCJPuIAAAAJ,0.15512754023075104,0.07176877558231354,False,Ika Diyah Candra Arifah,Fajar Arianto
Hl6bqU8AAAAJ,LsydBAMAAAAJ,0.1549266278743744,0.024867281317710876,False,Rindu Puspita Wibawa,Puput Wanarti Rusimamto
MZCJPuIAAAAJ,q24bD6AAAAAJ,0.1548004448413849,0.03274068981409073,False,Fajar Arianto,Martini Dwi Endah Susanti
p4gdgRgAAAAJ,pb3-UjwAAAAJ,0.15471604466438293,0.008768553845584393,False,Rusijono,Moch Deny Pratama
RES4QIQAAAAJ,cPj-iOIAAAAJ,0.15440808236598969,0.05085749179124832,False,Arif Widodo,Ricky Eka Putra
aW1lSOYAAAAJ,nyyfjCgAAAAJ,0.15432105958461761,0.08859048038721085,False,Aditya Chandra Hermawan,Rifqi Abdillah
-tpBKawAAAAJ,1xVR-fgAAAAJ,0.154316246509552,0.024173054844141006,False,Dimas Novian Aditia Syahputra,1xVR-fgAAAAJ
N6RJilIAAAAJ,aW1lSOYAAAAJ,0.15427649021148682,0.06336872279644012,False,Anita Qoiriah,Aditya Chandra Hermawan
7EQjv9wAAAAJ,nbtuM4IAAAAJ,0.15417833626270294,0.00968244206160307,False,Asmunin,Parama Diptya Widayaka
ne31is4AAAAJ,t5f89iIAAAAJ,0.15417084097862244,0.041264601051807404,False,Danang Ary Dewangga,Andi Iwan Nurhidayat
Hl6bqU8AAAAJ,MeGE8WAAAAAJ,0.1538970172405243,0.017978571355342865,False,Rindu Puspita Wibawa,Binti Kholifah
-BuJoD0AAAAJ,nyyfjCgAAAAJ,0.153683602809906,0.017915230244398117,False,Ratih Amelia,Rifqi Abdillah
-gGGkMcAAAAJ,6ifThF0AAAAJ,0.15357288718223572,0.06580548733472824,False,Faris Abdi El Hakim,Ika Diyah Candra Arifah
bTjH6IgAAAAJ,cPj-iOIAAAAJ,0.15356077253818512,0.060716662555933,False,Achmad Kautsar,Ricky Eka Putra
S6IJ51cAAAAJ,TAAC1-AAAAAJ,0.15337614715099335,0.024476338177919388,False,Unit Three Kartini,I Gde Agung Sri Sidhimantra
MnI3Tm0AAAAJ,zDgqPOsAAAAJ,0.15326686203479767,0.014063293114304543,False,Sayyidul Aulia Alamsyah,Mustaji
JsEkeOsAAAAJ,jPKU5cAAAAAJ,0.15322212874889374,0.07157482951879501,False,Ari Kurniawan,Anggraeni Widya Purwita
Jzuk6doAAAAJ,nbtuM4IAAAAJ,0.1532164067029953,0.017884068191051483,False,Aries Dwi Indriyanti,Parama Diptya Widayaka
YADiqesAAAAJ,ZjPpHWsAAAAJ,0.1531829833984375,0.01514083705842495,False,Ekohariadi,Erik Rahman
IJIEntMAAAAJ,RNJ3vNQAAAAJ,0.15310034155845642,0.009161419235169888,False,Yeni Anistyasari,Harmon Prayogi
LsydBAMAAAAJ,fkxhjZ4AAAAJ,0.1529894471168518,0.03846843168139458,False,Puput Wanarti Rusimamto,Ronggo Alit
jPKU5cAAAAAJ,t5f89iIAAAAJ,0.1524871289730072,0.022869184613227844,False,Anggraeni Widya Purwita,Andi Iwan Nurhidayat
1hm7MM8AAAAJ,6ifThF0AAAAJ,0.15247099101543427,0.05822354182600975,False,Reza Rahmadian,Ika Diyah Candra Arifah
AYI1rosAAAAJ,CxdwNaYAAAAJ,0.1523495316505432,0.051553141325712204,False,Nurhayati,Wiyli Yustanti
N6RJilIAAAAJ,XdEn69YAAAAJ,0.15173199772834778,0.0827658399939537,False,Anita Qoiriah,Cendra Devayana Putra
4d_6xxEAAAAJ,lFCI_vsAAAAJ,0.15173183381557465,0.03195818141102791,False,Ghea Sekar Palupi,Atik Wintarti
FZ00CQ8AAAAJ,lFCI_vsAAAAJ,0.1515626758337021,0.025705397129058838,False,Rizky Basatha,Atik Wintarti
YADiqesAAAAJ,cPj-iOIAAAAJ,0.15147832036018372,0.049233485013246536,True,Ekohariadi,Ricky Eka Putra
Thp8jg0AAAAJ,Tz8EfXcAAAAJ,0.15135957300662994,0.015011814422905445,False,Dodik Arwin Dermawan,Yuliani Puji Astuti
UL2-upoAAAAJ,n7ykK-IAAAAJ,0.15109898149967194,0.06807734817266464,False,Dana Azizah Rahmat,Dhiyan Septa Wihara
ZjPpHWsAAAAJ,j8HRV1wAAAAJ,0.15106098353862762,0.012300495989620686,False,Erik Rahman,Bambang Suprianto
nVac1BcAAAAJ,rnlvOfEAAAAJ,0.15099501609802246,0.01172503549605608,False,Rosita,Ibrohim
_n2j0ZAAAAAJ,hn5jrnAAAAAJ,0.15093004703521729,0.032029055058956146,False,I Gusti Lanang Putra Eka Prismana,Yuni Yamasari
Mr22rjsAAAAJ,jJBtZPgAAAAJ,0.15091361105442047,0.017025792971253395,False,Hesti Khuzaimah Nurul Yusufiyah,Siska Puspitaningsih
W7ncZRgAAAAJ,zDgqPOsAAAAJ,0.15052001178264618,0.07698913663625717,False,Hafid Kholidi Hadi,Mustaji
-BuJoD0AAAAJ,MZCJPuIAAAAJ,0.15017344057559967,0.10818032920360565,False,Ratih Amelia,Fajar Arianto
Hl6bqU8AAAAJ,y_OiarcAAAAJ,0.14970840513706207,0.011262059211730957,False,Rindu Puspita Wibawa,Yandhika Surya Akbar Gumilang
WdhKN0sAAAAJ,b81qaDkAAAAJ,0.14958572387695312,0.06903038173913956,False,Aditya Prapanca,Anita Safitri
LsydBAMAAAAJ,RNJ3vNQAAAAJ,0.1495290994644165,0.01058864500373602,False,Puput Wanarti Rusimamto,Harmon Prayogi
XdEn69YAAAAJ,_ecYpyYAAAAJ,0.14940039813518524,0.004917630925774574,False,Cendra Devayana Putra,Dinda Galuh Guminta
4d_6xxEAAAAJ,t5f89iIAAAAJ,0.14937059581279755,0.03905428573489189,False,Ghea Sekar Palupi,Andi Iwan Nurhidayat
b81qaDkAAAAJ,yObeL8gAAAAJ,0.14927254617214203,0.03021846152842045,False,Anita Safitri,I Gusti Putu Asto Buditjahjanto
ZhJ08JkAAAAJ,wlGfsB0AAAAJ,0.14915570616722107,0.03666989132761955,False,Bachtiar Syaiful Bachri,Salamun Rohman Nudin
ZjPpHWsAAAAJ,p1pK7E4AAAAJ,0.14889313280582428,0.011968987062573433,False,Erik Rahman,Subuh Isnur Haryudo
aW1lSOYAAAAJ,fkxhjZ4AAAAJ,0.1486390382051468,0.07129973918199539,False,Aditya Chandra Hermawan,Ronggo Alit
UL2-upoAAAAJ,y_OiarcAAAAJ,0.14861400425434113,0.014942455105483532,False,Dana Azizah Rahmat,Yandhika Surya Akbar Gumilang
LeRoniwAAAAJ,jJBtZPgAAAAJ,0.14850051701068878,0.023935677483677864,False,Farhanna Mari,Siska Puspitaningsih
dfwr-2YAAAAJ,hrVTt4kAAAAJ,0.14841094613075256,0.02878834493458271,False,Muhammad Fajar Wahyudi Rahman,Monica Cinthya
Tp_X_bYAAAAJ,ZhJ08JkAAAAJ,0.14824336767196655,0.02532896399497986,False,Farid Baskoro,Bachtiar Syaiful Bachri
ZhJ08JkAAAAJ,j8HRV1wAAAAJ,0.1482217013835907,0.029220106080174446,False,Bachtiar Syaiful Bachri,Bambang Suprianto
cPj-iOIAAAAJ,sHANI1gAAAAJ,0.14797498285770416,0.026544669643044472,False,Ricky Eka Putra,Rifqi Firmansyah
dfwr-2YAAAAJ,zDgqPOsAAAAJ,0.1476534903049469,0.07055982202291489,False,Muhammad Fajar Wahyudi Rahman,Mustaji
AjvtBWIAAAAJ,LeRoniwAAAAJ,0.1476474553346634,0.017213765531778336,True,Siti Masitoh,Farhanna Mari
MZCJPuIAAAAJ,p1pK7E4AAAAJ,0.14732713997364044,0.03971007466316223,False,Fajar Arianto,Subuh Isnur Haryudo
C_EGqeMAAAAJ,hrVTt4kAAAAJ,0.1470116823911667,0.025188662111759186,False,Namira Roudlotul Jannah,Monica Cinthya
AjvtBWIAAAAJ,wlGfsB0AAAAJ,0.14699110388755798,0.03886112570762634,False,Siti Masitoh,Salamun Rohman Nudin
RNJ3vNQAAAAJ,hjllQ9gAAAAJ,0.14687728881835938,0.013681787066161633,False,Harmon Prayogi,Nur Kholis
C_EGqeMAAAAJ,wwhACXoAAAAJ,0.14683231711387634,0.019022859632968903,False,Namira Roudlotul Jannah,M Adamu Islam Mashuri
4VXQFKYAAAAJ,nyyfjCgAAAAJ,0.14674614369869232,0.009483622387051582,False,Renny Sari Dewi,Rifqi Abdillah
Thp8jg0AAAAJ,ZBAnb64AAAAJ,0.14656655490398407,0.029900267720222473,False,Dodik Arwin Dermawan,Ardhini Warih Utami
j8HRV1wAAAAJ,lFCI_vsAAAAJ,0.14640282094478607,0.024023236706852913,False,Bambang Suprianto,Atik Wintarti
TAAC1-AAAAAJ,zDgqPOsAAAAJ,0.1462501436471939,0.050971124321222305,False,I Gde Agung Sri Sidhimantra,Mustaji
8wFXNjYAAAAJ,MnI3Tm0AAAAJ,0.14616024494171143,0.031958404928445816,False,Naim Rochmawati,Sayyidul Aulia Alamsyah
b81qaDkAAAAJ,p1pK7E4AAAAJ,0.14612138271331787,0.028980810195207596,False,Anita Safitri,Subuh Isnur Haryudo
A9L19RMAAAAJ,TAAC1-AAAAAJ,0.14598239958286285,0.008308584801852703,False,Pradini Puspitaningayu,I Gde Agung Sri Sidhimantra
AjvtBWIAAAAJ,hjllQ9gAAAAJ,0.14595669507980347,0.025088563561439514,False,Siti Masitoh,Nur Kholis
dfwr-2YAAAAJ,wlGfsB0AAAAJ,0.14572380483150482,0.04915013536810875,False,Muhammad Fajar Wahyudi Rahman,Salamun Rohman Nudin
CxdwNaYAAAAJ,o4zdesUAAAAJ,0.14563727378845215,0.032358091324567795,False,Wiyli Yustanti,Rakha Asyrofi
-gGGkMcAAAAJ,CxdwNaYAAAAJ,0.14558473229408264,0.03279466554522514,False,Faris Abdi El Hakim,Wiyli Yustanti
MZCJPuIAAAAJ,TB0QfMoAAAAJ,0.14554598927497864,0.02992161177098751,False,Fajar Arianto,Miftahur Rohman
Iq3gzh4AAAAJ,LsydBAMAAAAJ,0.1455397605895996,0.04061668738722801,False,Andi Mariono,Puput Wanarti Rusimamto
aW1lSOYAAAAJ,cPj-iOIAAAAJ,0.1455259621143341,0.09537101536989212,False,Aditya Chandra Hermawan,Ricky Eka Putra
-_VNTSIAAAAJ,cY1QGVEAAAAJ,0.14552144706249237,0.06570300459861755,False,Agus Prihanto,Muhammad Sonhaji Akbar
MZCJPuIAAAAJ,Tp_X_bYAAAAJ,0.145422101020813,0.03944883868098259,False,Fajar Arianto,Farid Baskoro
RvG7jG4AAAAJ,Thp8jg0AAAAJ,0.1454053819179535,0.04733773693442345,False,I Made Suartana,Dodik Arwin Dermawan
4Yhmpg0AAAAJ,zDgqPOsAAAAJ,0.14538027346134186,0.06743580102920532,False,Hujjatullah Fazlurrahman,Mustaji
-BuJoD0AAAAJ,hjllQ9gAAAAJ,0.14530012011528015,0.03157561272382736,False,Ratih Amelia,Nur Kholis
4VXQFKYAAAAJ,lmlBHlsAAAAJ,0.14507266879081726,0.02170776203274727,False,Renny Sari Dewi,Widi Aribowo
_VFGVQQAAAAJ,y_OiarcAAAAJ,0.14506034553050995,0.005943396128714085,False,Berlian Maulidya Izzati,Yandhika Surya Akbar Gumilang
cPj-iOIAAAAJ,p4gdgRgAAAAJ,0.14500753581523895,0.035453036427497864,False,Ricky Eka Putra,Rusijono
MeGE8WAAAAAJ,cY1QGVEAAAAJ,0.1449895203113556,0.02280614711344242,False,Binti Kholifah,Muhammad Sonhaji Akbar
UL2-upoAAAAJ,t5f89iIAAAAJ,0.1449454128742218,0.030351532623171806,False,Dana Azizah Rahmat,Andi Iwan Nurhidayat
C_EGqeMAAAAJ,n7ykK-IAAAAJ,0.14493153989315033,0.016664423048496246,False,Namira Roudlotul Jannah,Dhiyan Septa Wihara
CxdwNaYAAAAJ,sHANI1gAAAAJ,0.14434745907783508,0.02872954122722149,False,Wiyli Yustanti,Rifqi Firmansyah
wlGfsB0AAAAJ,zDgqPOsAAAAJ,0.14401721954345703,0.04076017439365387,False,Salamun Rohman Nudin,Mustaji
Thp8jg0AAAAJ,lmlBHlsAAAAJ,0.14383213222026825,0.04044794663786888,False,Dodik Arwin Dermawan,Widi Aribowo
RES4QIQAAAAJ,qtFw9UMAAAAJ,0.14343222975730896,0.011799857951700687,False,Arif Widodo,Bambang Sujatmiko
DsVi_OAAAAAJ,FZ00CQ8AAAAJ,0.14339151978492737,0.046693455427885056,False,Nadia Nur Thahirrah,Rizky Basatha
N6RJilIAAAAJ,pb3-UjwAAAAJ,0.14284399151802063,0.03447775915265083,False,Anita Qoiriah,Moch Deny Pratama
lFCI_vsAAAAJ,p1pK7E4AAAAJ,0.14270034432411194,0.02310889959335327,False,Atik Wintarti,Subuh Isnur Haryudo
jPKU5cAAAAAJ,nyyfjCgAAAAJ,0.14258915185928345,0.005053847096860409,False,Anggraeni Widya Purwita,Rifqi Abdillah
1hm7MM8AAAAJ,psg8hdoAAAAJ,0.14232169091701508,0.031568869948387146,False,Reza Rahmadian,Bonda Sisephaputra
cPj-iOIAAAAJ,zDgqPOsAAAAJ,0.14205406606197357,0.050646763294935226,False,Ricky Eka Putra,Mustaji
_n2j0ZAAAAAJ,nWPONc8AAAAJ,0.14200174808502197,0.012868748046457767,False,I Gusti Lanang Putra Eka Prismana,Lusia Rakhmawati
psg8hdoAAAAJ,zDgqPOsAAAAJ,0.14191602170467377,0.06875704973936081,False,Bonda Sisephaputra,Mustaji
lFCI_vsAAAAJ,sHANI1gAAAAJ,0.1415257304906845,0.011725607328116894,False,Atik Wintarti,Rifqi Firmansyah
TB0QfMoAAAAJ,ZhJ08JkAAAAJ,0.14115828275680542,0.021811068058013916,False,Miftahur Rohman,Bachtiar Syaiful Bachri
b81qaDkAAAAJ,y_OiarcAAAAJ,0.1409662961959839,0.00962042436003685,False,Anita Safitri,Yandhika Surya Akbar Gumilang
Em3aIV0AAAAJ,LeRoniwAAAAJ,0.14072778820991516,0.012960206717252731,False,Ramadhan Cakra Wibawa,Farhanna Mari
NO8mJucAAAAJ,_VFGVQQAAAAJ,0.14065222442150116,0.030901046469807625,False,Wahyu Sasongko Putro,Berlian Maulidya Izzati
LeRoniwAAAAJ,psg8hdoAAAAJ,0.1405816525220871,0.014401786960661411,False,Farhanna Mari,Bonda Sisephaputra
-BuJoD0AAAAJ,C_EGqeMAAAAJ,0.1404133290052414,0.015463086776435375,False,Ratih Amelia,Namira Roudlotul Jannah
Smb2eg8AAAAJ,b4_EdJYAAAAJ,0.14016276597976685,0.01292300783097744,False,Nanang Hoesen. H. A.,Moh. Khoridatul Huda
5uDKOUMAAAAJ,p4gdgRgAAAAJ,0.14010630548000336,0.01495383121073246,True,Heri Purnawan,Rusijono
WdhKN0sAAAAJ,zDgqPOsAAAAJ,0.14004860818386078,0.054195474833250046,False,Aditya Prapanca,Mustaji
N6RJilIAAAAJ,Tp_X_bYAAAAJ,0.13940221071243286,0.05176980048418045,False,Anita Qoiriah,Farid Baskoro
6RBIukkAAAAJ,WdhKN0sAAAAJ,0.13932883739471436,0.026006801053881645,False,Yatim Riyanto,Aditya Prapanca
-BuJoD0AAAAJ,UL2-upoAAAAJ,0.1388741284608841,0.04552294686436653,False,Ratih Amelia,Dana Azizah Rahmat
ZhJ08JkAAAAJ,p1pK7E4AAAAJ,0.13871026039123535,0.024920180439949036,False,Bachtiar Syaiful Bachri,Subuh Isnur Haryudo
7EQjv9wAAAAJ,jPKU5cAAAAAJ,0.13866038620471954,0.029835540801286697,False,Asmunin,Anggraeni Widya Purwita
DrE0Lf8AAAAJ,Iq3gzh4AAAAJ,0.13829532265663147,0.0872732549905777,False,Fresha Kharisma,Andi Mariono
AYI1rosAAAAJ,qtFw9UMAAAAJ,0.13804671168327332,0.011365343816578388,False,Nurhayati,Bambang Sujatmiko
b81qaDkAAAAJ,sHANI1gAAAAJ,0.138023242354393,0.01256501767784357,False,Anita Safitri,Rifqi Firmansyah
MZCJPuIAAAAJ,lmlBHlsAAAAJ,0.13781467080116272,0.04370671138167381,False,Fajar Arianto,Widi Aribowo
-BuJoD0AAAAJ,Hl6bqU8AAAAJ,0.13780532777309418,0.08665058761835098,False,Ratih Amelia,Rindu Puspita Wibawa
4Yhmpg0AAAAJ,lmlBHlsAAAAJ,0.13773614168167114,0.03267398849129677,False,Hujjatullah Fazlurrahman,Widi Aribowo
EBgY5K0AAAAJ,Iq3gzh4AAAAJ,0.137722447514534,0.04650915414094925,False,Moch. Badrus Oleh,Andi Mariono
A9L19RMAAAAJ,WdhKN0sAAAAJ,0.13772118091583252,0.054845355451107025,False,Pradini Puspitaningayu,Aditya Prapanca
i0pkJZoAAAAJ,lmlBHlsAAAAJ,0.13770867884159088,0.01930307038128376,False,Yuni Rosita Dewi,Widi Aribowo
Mr22rjsAAAAJ,wEGsLv4AAAAJ,0.1376575231552124,0.021101973950862885,False,Hesti Khuzaimah Nurul Yusufiyah,Ike Fitriyaningsih
6MXDzBQAAAAJ,AjvtBWIAAAAJ,0.13736294209957123,0.017796892672777176,False,Lilik Anifah,Siti Masitoh
6RBIukkAAAAJ,EBgY5K0AAAAJ,0.1369585245847702,0.035494621843099594,True,Yatim Riyanto,Moch. Badrus Oleh
RNJ3vNQAAAAJ,zDgqPOsAAAAJ,0.13691484928131104,0.016145985573530197,False,Harmon Prayogi,Mustaji
YADiqesAAAAJ,nyyfjCgAAAAJ,0.13684409856796265,0.04277898371219635,False,Ekohariadi,Rifqi Abdillah
N6RJilIAAAAJ,nbtuM4IAAAAJ,0.13683290779590607,0.04380354657769203,False,Anita Qoiriah,Parama Diptya Widayaka
b81qaDkAAAAJ,qtFw9UMAAAAJ,0.13677608966827393,0.047354087233543396,False,Anita Safitri,Bambang Sujatmiko
6ifThF0AAAAJ,zDgqPOsAAAAJ,0.13673223555088043,0.06551596522331238,False,Ika Diyah Candra Arifah,Mustaji
LeRoniwAAAAJ,Smb2eg8AAAAJ,0.1367243230342865,0.017809996381402016,False,Farhanna Mari,Nanang Hoesen. H. A.
b4_EdJYAAAAJ,p4gdgRgAAAAJ,0.1367216408252716,0.031202539801597595,False,Moh. Khoridatul Huda,Rusijono
FZ00CQ8AAAAJ,dfwr-2YAAAAJ,0.1366981416940689,0.0524790920317173,False,Rizky Basatha,Muhammad Fajar Wahyudi Rahman
6RBIukkAAAAJ,j8HRV1wAAAAJ,0.1366586536169052,0.013436918146908283,False,Yatim Riyanto,Bambang Suprianto
MeGE8WAAAAAJ,b4_EdJYAAAAJ,0.13654443621635437,0.04347490519285202,False,Binti Kholifah,Moh. Khoridatul Huda
lFCI_vsAAAAJ,yObeL8gAAAAJ,0.13587521016597748,0.022997571155428886,False,Atik Wintarti,I Gusti Putu Asto Buditjahjanto
1hm7MM8AAAAJ,RNJ3vNQAAAAJ,0.13526245951652527,0.012343048118054867,False,Reza Rahmadian,Harmon Prayogi
AjvtBWIAAAAJ,EBgY5K0AAAAJ,0.1349049210548401,0.03430718183517456,False,Siti Masitoh,Moch. Badrus Oleh
Iq3gzh4AAAAJ,W7ncZRgAAAAJ,0.1348540186882019,0.10018730908632278,False,Andi Mariono,Hafid Kholidi Hadi
FZ00CQ8AAAAJ,ZhJ08JkAAAAJ,0.13475455343723297,0.05112077295780182,False,Rizky Basatha,Bachtiar Syaiful Bachri
C_EGqeMAAAAJ,DrE0Lf8AAAAJ,0.13469626009464264,0.01881599612534046,False,Namira Roudlotul Jannah,Fresha Kharisma
RNJ3vNQAAAAJ,yObeL8gAAAAJ,0.13439680635929108,0.015517418272793293,False,Harmon Prayogi,I Gusti Putu Asto Buditjahjanto
2lw6P3IAAAAJ,Hl6bqU8AAAAJ,0.13419851660728455,0.04143134877085686,False,Muhammad Febrilian Dwi Syahputra,Rindu Puspita Wibawa
IJIEntMAAAAJ,MnI3Tm0AAAAJ,0.1341412365436554,0.023455092683434486,False,Yeni Anistyasari,Sayyidul Aulia Alamsyah
4d_6xxEAAAAJ,8wFXNjYAAAAJ,0.13381804525852203,0.02720605581998825,False,Ghea Sekar Palupi,Naim Rochmawati
A9L19RMAAAAJ,XdEn69YAAAAJ,0.1337088793516159,0.011779899708926678,False,Pradini Puspitaningayu,Cendra Devayana Putra
cPj-iOIAAAAJ,jJBtZPgAAAAJ,0.13355274498462677,0.01470854040235281,False,Ricky Eka Putra,Siska Puspitaningsih
7EQjv9wAAAAJ,TAAC1-AAAAAJ,0.13352616131305695,0.034002672880887985,True,Asmunin,I Gde Agung Sri Sidhimantra
JsEkeOsAAAAJ,o4zdesUAAAAJ,0.13344696164131165,0.021703310310840607,False,Ari Kurniawan,Rakha Asyrofi
N6RJilIAAAAJ,hrVTt4kAAAAJ,0.13343524932861328,0.047692976891994476,False,Anita Qoiriah,Monica Cinthya
4Yhmpg0AAAAJ,hjllQ9gAAAAJ,0.1334162950515747,0.0321398563683033,False,Hujjatullah Fazlurrahman,Nur Kholis
Hl6bqU8AAAAJ,TB0QfMoAAAAJ,0.1333034485578537,0.02057846449315548,False,Rindu Puspita Wibawa,Miftahur Rohman
4d_6xxEAAAAJ,nWPONc8AAAAJ,0.1332423835992813,0.015542607754468918,False,Ghea Sekar Palupi,Lusia Rakhmawati
Iq3gzh4AAAAJ,lmlBHlsAAAAJ,0.1331542432308197,0.0419282540678978,False,Andi Mariono,Widi Aribowo
TAAC1-AAAAAJ,cPj-iOIAAAAJ,0.1331203579902649,0.05072125419974327,False,I Gde Agung Sri Sidhimantra,Ricky Eka Putra
CxdwNaYAAAAJ,zDgqPOsAAAAJ,0.13290365040302277,0.04224785417318344,False,Wiyli Yustanti,Mustaji
1hm7MM8AAAAJ,A9L19RMAAAAJ,0.1326255351305008,0.050644759088754654,False,Reza Rahmadian,Pradini Puspitaningayu
RvG7jG4AAAAJ,_n2j0ZAAAAAJ,0.1325462907552719,0.029165813699364662,False,I Made Suartana,I Gusti Lanang Putra Eka Prismana
-gGGkMcAAAAJ,nyyfjCgAAAAJ,0.13250058889389038,0.00945380236953497,False,Faris Abdi El Hakim,Rifqi Abdillah
34CwHgkAAAAJ,qtFw9UMAAAAJ,0.1322997808456421,0.02707124687731266,False,Riza Akhsani Setyo Prayoga,Bambang Sujatmiko
FZ00CQ8AAAAJ,lmlBHlsAAAAJ,0.13207681477069855,0.01667194254696369,True,Rizky Basatha,Widi Aribowo
6RBIukkAAAAJ,LeRoniwAAAAJ,0.13204316794872284,0.019448429346084595,False,Yatim Riyanto,Farhanna Mari
FZ00CQ8AAAAJ,nWPONc8AAAAJ,0.1320284754037857,0.012579184025526047,False,Rizky Basatha,Lusia Rakhmawati
MnI3Tm0AAAAJ,XdEn69YAAAAJ,0.13198409974575043,0.010615529492497444,False,Sayyidul Aulia Alamsyah,Cendra Devayana Putra
Iq3gzh4AAAAJ,sHANI1gAAAAJ,0.13192808628082275,0.016789039596915245,False,Andi Mariono,Rifqi Firmansyah
S6IJ51cAAAAJ,ZjPpHWsAAAAJ,0.1317976713180542,0.006190349813550711,False,Unit Three Kartini,Erik Rahman
EBgY5K0AAAAJ,LeRoniwAAAAJ,0.13174965977668762,0.016287649050354958,False,Moch. Badrus Oleh,Farhanna Mari
Jzuk6doAAAAJ,RNJ3vNQAAAAJ,0.1316634565591812,0.0048825242556631565,False,Aries Dwi Indriyanti,Harmon Prayogi
Em3aIV0AAAAJ,Iq3gzh4AAAAJ,0.13160136342048645,0.04653085023164749,False,Ramadhan Cakra Wibawa,Andi Mariono
1hm7MM8AAAAJ,AjvtBWIAAAAJ,0.13148105144500732,0.034878749400377274,False,Reza Rahmadian,Siti Masitoh
VwvPnrcAAAAJ,nyyfjCgAAAAJ,0.1314002126455307,0.003925930242985487,False,Nisa Dwi Septiyanti,Rifqi Abdillah
-BuJoD0AAAAJ,y_OiarcAAAAJ,0.1311473250389099,0.013938517309725285,False,Ratih Amelia,Yandhika Surya Akbar Gumilang
Em3aIV0AAAAJ,o4zdesUAAAAJ,0.1309317946434021,0.019474023953080177,False,Ramadhan Cakra Wibawa,Rakha Asyrofi
Hl6bqU8AAAAJ,lmlBHlsAAAAJ,0.1309160441160202,0.028409142047166824,False,Rindu Puspita Wibawa,Widi Aribowo
TAAC1-AAAAAJ,Tp_X_bYAAAAJ,0.1308601200580597,0.023752303794026375,False,I Gde Agung Sri Sidhimantra,Farid Baskoro
4VXQFKYAAAAJ,t5f89iIAAAAJ,0.13080914318561554,0.032325539737939835,False,Renny Sari Dewi,Andi Iwan Nurhidayat
FZ00CQ8AAAAJ,S6IJ51cAAAAJ,0.13057750463485718,0.01155303418636322,False,Rizky Basatha,Unit Three Kartini
AjvtBWIAAAAJ,nbtuM4IAAAAJ,0.13053061068058014,0.013009259477257729,False,Siti Masitoh,Parama Diptya Widayaka
7EQjv9wAAAAJ,lmlBHlsAAAAJ,0.13031005859375,0.016067229211330414,False,Asmunin,Widi Aribowo
yObeL8gAAAAJ,zDgqPOsAAAAJ,0.13023051619529724,0.04221239686012268,False,I Gusti Putu Asto Buditjahjanto,Mustaji
Hl6bqU8AAAAJ,Tp_X_bYAAAAJ,0.1300625056028366,0.02320212312042713,True,Rindu Puspita Wibawa,Farid Baskoro
-BuJoD0AAAAJ,CxdwNaYAAAAJ,0.12981705367565155,0.04498094320297241,False,Ratih Amelia,Wiyli Yustanti
Tp_X_bYAAAAJ,b81qaDkAAAAJ,0.1295883059501648,0.03281916677951813,False,Farid Baskoro,Anita Safitri
Tz8EfXcAAAAJ,cY1QGVEAAAAJ,0.1295265108346939,0.015088004991412163,False,Yuliani Puji Astuti,Muhammad Sonhaji Akbar
8wFXNjYAAAAJ,TAAC1-AAAAAJ,0.1295025497674942,0.033444542437791824,False,Naim Rochmawati,I Gde Agung Sri Sidhimantra
Iq3gzh4AAAAJ,j8HRV1wAAAAJ,0.12943308055400848,0.04050968214869499,False,Andi Mariono,Bambang Suprianto
6MXDzBQAAAAJ,b81qaDkAAAAJ,0.12939153611660004,0.029505128040909767,True,Lilik Anifah,Anita Safitri
UL2-upoAAAAJ,bTjH6IgAAAAJ,0.12917464971542358,0.05295124650001526,False,Dana Azizah Rahmat,Achmad Kautsar
-BuJoD0AAAAJ,psg8hdoAAAAJ,0.12892434000968933,0.0554194301366806,False,Ratih Amelia,Bonda Sisephaputra
34CwHgkAAAAJ,lmlBHlsAAAAJ,0.12892021238803864,0.0161911454051733,False,Riza Akhsani Setyo Prayoga,Widi Aribowo
-_VNTSIAAAAJ,RvG7jG4AAAAJ,0.12865807116031647,0.08140138536691666,False,Agus Prihanto,I Made Suartana
FZ00CQ8AAAAJ,nbtuM4IAAAAJ,0.12858067452907562,0.008024631068110466,False,Rizky Basatha,Parama Diptya Widayaka
EBgY5K0AAAAJ,MZCJPuIAAAAJ,0.1284629851579666,0.03715861588716507,False,Moch. Badrus Oleh,Fajar Arianto
CxdwNaYAAAAJ,b81qaDkAAAAJ,0.12844553589820862,0.05083823949098587,False,Wiyli Yustanti,Anita Safitri
jPKU5cAAAAAJ,wwhACXoAAAAJ,0.1283644735813141,0.022601447999477386,False,Anggraeni Widya Purwita,M Adamu Islam Mashuri
4Yhmpg0AAAAJ,MZCJPuIAAAAJ,0.1282881647348404,0.0727522000670433,False,Hujjatullah Fazlurrahman,Fajar Arianto
n7ykK-IAAAAJ,psg8hdoAAAAJ,0.12818025052547455,0.027245759963989258,False,Dhiyan Septa Wihara,Bonda Sisephaputra
Hl6bqU8AAAAJ,_VFGVQQAAAAJ,0.12815499305725098,0.018068870529532433,False,Rindu Puspita Wibawa,Berlian Maulidya Izzati
Jzuk6doAAAAJ,RES4QIQAAAAJ,0.12806205451488495,0.017144476994872093,True,Aries Dwi Indriyanti,Arif Widodo
IJIEntMAAAAJ,t5f89iIAAAAJ,0.12783771753311157,0.02206624671816826,False,Yeni Anistyasari,Andi Iwan Nurhidayat
4VXQFKYAAAAJ,S6IJ51cAAAAJ,0.12781357765197754,0.013003984466195107,False,Renny Sari Dewi,Unit Three Kartini
AaC4eAwAAAAJ,R9rGmc4AAAAJ,0.12767823040485382,0.012316473759710789,False,Fadhilah Qalbi Annisa,Kartika Chandra Dewi
DiBTIz4AAAAJ,Mr22rjsAAAAJ,0.12766383588314056,0.02336135134100914,False,Riskyana Dewi Intan P,Hesti Khuzaimah Nurul Yusufiyah
YADiqesAAAAJ,ZhJ08JkAAAAJ,0.12754882872104645,0.046427495777606964,False,Ekohariadi,Bachtiar Syaiful Bachri
qtFw9UMAAAAJ,sHANI1gAAAAJ,0.12748925387859344,0.007467745803296566,False,Bambang Sujatmiko,Rifqi Firmansyah
S6IJ51cAAAAJ,XdEn69YAAAAJ,0.12718705832958221,0.02922242507338524,True,Unit Three Kartini,Cendra Devayana Putra
6RBIukkAAAAJ,p1pK7E4AAAAJ,0.12703652679920197,0.012594266794621944,False,Yatim Riyanto,Subuh Isnur Haryudo
Smb2eg8AAAAJ,lFCI_vsAAAAJ,0.12695494294166565,0.020133428275585175,False,Nanang Hoesen. H. A.,Atik Wintarti
MnI3Tm0AAAAJ,p4gdgRgAAAAJ,0.12652643024921417,0.008469095453619957,False,Sayyidul Aulia Alamsyah,Rusijono
4Yhmpg0AAAAJ,ZjPpHWsAAAAJ,0.12629884481430054,0.02003088779747486,False,Hujjatullah Fazlurrahman,Erik Rahman
-_VNTSIAAAAJ,nWPONc8AAAAJ,0.12617258727550507,0.052415136247873306,False,Agus Prihanto,Lusia Rakhmawati
Tp_X_bYAAAAJ,lFCI_vsAAAAJ,0.12608066201210022,0.0233358982950449,False,Farid Baskoro,Atik Wintarti
LsydBAMAAAAJ,zDgqPOsAAAAJ,0.12594974040985107,0.03668379783630371,False,Puput Wanarti Rusimamto,Mustaji
itwnm-AAAAAJ,zDgqPOsAAAAJ,0.12583324313163757,0.03249600902199745,False,Achmad Fitro,Mustaji
34CwHgkAAAAJ,S6IJ51cAAAAJ,0.1258058100938797,0.011100542731583118,False,Riza Akhsani Setyo Prayoga,Unit Three Kartini
Iq3gzh4AAAAJ,itwnm-AAAAAJ,0.12577512860298157,0.03507988527417183,True,Andi Mariono,Achmad Fitro
Thp8jg0AAAAJ,Tp_X_bYAAAAJ,0.1257474422454834,0.026903869584202766,False,Dodik Arwin Dermawan,Farid Baskoro
XdEn69YAAAAJ,lmlBHlsAAAAJ,0.12566392123699188,0.03155079483985901,False,Cendra Devayana Putra,Widi Aribowo
9BWyE0UAAAAJ,ZjPpHWsAAAAJ,0.1255723237991333,0.004894707351922989,False,Endryansyah,Erik Rahman
j8HRV1wAAAAJ,zDgqPOsAAAAJ,0.12544073164463043,0.0356142483651638,False,Bambang Suprianto,Mustaji
6RBIukkAAAAJ,_n2j0ZAAAAAJ,0.125321626663208,0.04234667494893074,False,Yatim Riyanto,I Gusti Lanang Putra Eka Prismana
6RBIukkAAAAJ,YADiqesAAAAJ,0.1250217854976654,0.021985815837979317,False,Yatim Riyanto,Ekohariadi
RvG7jG4AAAAJ,jJBtZPgAAAAJ,0.1249907910823822,0.014072557911276817,False,I Made Suartana,Siska Puspitaningsih
AX-w0AEAAAAJ,R9rGmc4AAAAJ,0.12493950128555298,0.01361691765487194,False,Hasanuddin Al-Habib,Kartika Chandra Dewi
Hl6bqU8AAAAJ,RES4QIQAAAAJ,0.12478353083133698,0.015775032341480255,False,Rindu Puspita Wibawa,Arif Widodo
jJBtZPgAAAAJ,wwhACXoAAAAJ,0.12467586249113083,0.047294724732637405,False,Siska Puspitaningsih,M Adamu Islam Mashuri
hrVTt4kAAAAJ,psg8hdoAAAAJ,0.12439925223588943,0.01991792768239975,False,Monica Cinthya,Bonda Sisephaputra
Iq3gzh4AAAAJ,ZjPpHWsAAAAJ,0.12437277287244797,0.026589160785079002,False,Andi Mariono,Erik Rahman
TAAC1-AAAAAJ,jPKU5cAAAAAJ,0.12414219975471497,0.026513129472732544,False,I Gde Agung Sri Sidhimantra,Anggraeni Widya Purwita
UL2-upoAAAAJ,ZhJ08JkAAAAJ,0.12390102446079254,0.03957141563296318,False,Dana Azizah Rahmat,Bachtiar Syaiful Bachri
LeRoniwAAAAJ,RNJ3vNQAAAAJ,0.1238146498799324,0.004201260861009359,False,Farhanna Mari,Harmon Prayogi
JsEkeOsAAAAJ,nyyfjCgAAAAJ,0.123710498213768,0.009927638806402683,False,Ari Kurniawan,Rifqi Abdillah
Em3aIV0AAAAJ,nbtuM4IAAAAJ,0.12360701709985733,0.013958597555756569,False,Ramadhan Cakra Wibawa,Parama Diptya Widayaka
Iq3gzh4AAAAJ,TB0QfMoAAAAJ,0.12328393757343292,0.027443401515483856,False,Andi Mariono,Miftahur Rohman
RNJ3vNQAAAAJ,nbtuM4IAAAAJ,0.12325582653284073,0.010050907731056213,False,Harmon Prayogi,Parama Diptya Widayaka
nyyfjCgAAAAJ,wwhACXoAAAAJ,0.12317395955324173,0.006714853458106518,False,Rifqi Abdillah,M Adamu Islam Mashuri
FZ00CQ8AAAAJ,pb3-UjwAAAAJ,0.12313508242368698,0.005750870797783136,False,Rizky Basatha,Moch Deny Pratama
1hm7MM8AAAAJ,qtFw9UMAAAAJ,0.12292136251926422,0.02152160555124283,False,Reza Rahmadian,Bambang Sujatmiko
-_VNTSIAAAAJ,fkxhjZ4AAAAJ,0.1228448674082756,0.05360003933310509,False,Agus Prihanto,Ronggo Alit
VNrCn4gAAAAJ,wwhACXoAAAAJ,0.12272635847330093,0.007184234913438559,False,Ersha Aisyah Elfaiz,M Adamu Islam Mashuri
L6O1lvkAAAAJ,RNJ3vNQAAAAJ,0.12250761687755585,0.010994534939527512,False,Tri Wrahatnolo,Harmon Prayogi
5nAJx9wAAAAJ,IJIEntMAAAAJ,0.1220279186964035,0.03016050159931183,False,Muhammad Fachmi,Yeni Anistyasari
cPj-iOIAAAAJ,o4zdesUAAAAJ,0.12202776223421097,0.028991810977458954,False,Ricky Eka Putra,Rakha Asyrofi
7EQjv9wAAAAJ,UL2-upoAAAAJ,0.12177536636590958,0.027674993500113487,False,Asmunin,Dana Azizah Rahmat
6RBIukkAAAAJ,Tp_X_bYAAAAJ,0.12174985557794571,0.012108275666832924,False,Yatim Riyanto,Farid Baskoro
L6O1lvkAAAAJ,MZCJPuIAAAAJ,0.12162119895219803,0.027852557599544525,False,Tri Wrahatnolo,Fajar Arianto
C_EGqeMAAAAJ,JsEkeOsAAAAJ,0.12158485502004623,0.018247542902827263,False,Namira Roudlotul Jannah,Ari Kurniawan
VwvPnrcAAAAJ,lFCI_vsAAAAJ,0.12156244367361069,0.01557217724621296,False,Nisa Dwi Septiyanti,Atik Wintarti
_VFGVQQAAAAJ,wwhACXoAAAAJ,0.12126718461513519,0.01931232586503029,False,Berlian Maulidya Izzati,M Adamu Islam Mashuri
AjvtBWIAAAAJ,FZ00CQ8AAAAJ,0.12113124132156372,0.04956485331058502,False,Siti Masitoh,Rizky Basatha
Em3aIV0AAAAJ,ZhJ08JkAAAAJ,0.12070484459400177,0.03252050280570984,False,Ramadhan Cakra Wibawa,Bachtiar Syaiful Bachri
-BuJoD0AAAAJ,lmlBHlsAAAAJ,0.12062230706214905,0.02761642448604107,False,Ratih Amelia,Widi Aribowo
ZhJ08JkAAAAJ,bTjH6IgAAAAJ,0.12056303024291992,0.08848632127046585,False,Bachtiar Syaiful Bachri,Achmad Kautsar
8wFXNjYAAAAJ,eEtHoOAAAAAJ,0.12046495825052261,0.03448614850640297,False,Naim Rochmawati,Rahadian Bisma
W7ncZRgAAAAJ,y_OiarcAAAAJ,0.12046242505311966,0.014329526573419571,False,Hafid Kholidi Hadi,Yandhika Surya Akbar Gumilang
34CwHgkAAAAJ,nWPONc8AAAAJ,0.12044189125299454,0.013485655188560486,False,Riza Akhsani Setyo Prayoga,Lusia Rakhmawati
A9L19RMAAAAJ,Thp8jg0AAAAJ,0.12041754275560379,0.011595839634537697,False,Pradini Puspitaningayu,Dodik Arwin Dermawan
Iq3gzh4AAAAJ,Tp_X_bYAAAAJ,0.12038032710552216,0.03452351316809654,False,Andi Mariono,Farid Baskoro
Jzuk6doAAAAJ,o4zdesUAAAAJ,0.12027911096811295,0.01516635250300169,False,Aries Dwi Indriyanti,Rakha Asyrofi
Jzuk6doAAAAJ,MnI3Tm0AAAAJ,0.12012723833322525,0.012696654535830021,False,Aries Dwi Indriyanti,Sayyidul Aulia Alamsyah
Em3aIV0AAAAJ,UL2-upoAAAAJ,0.12001276016235352,0.02138720452785492,False,Ramadhan Cakra Wibawa,Dana Azizah Rahmat
OffRzhoAAAAJ,qtFw9UMAAAAJ,0.1199389398097992,0.03160059079527855,False,Dwi Fatrianto Suyatno,Bambang Sujatmiko
TB0QfMoAAAAJ,lFCI_vsAAAAJ,0.1198820024728775,0.022363942116498947,False,Miftahur Rohman,Atik Wintarti
TAAC1-AAAAAJ,WdhKN0sAAAAJ,0.11979949474334717,0.055146317929029465,False,I Gde Agung Sri Sidhimantra,Aditya Prapanca
lmlBHlsAAAAJ,zDgqPOsAAAAJ,0.1196758896112442,0.03706322982907295,True,Widi Aribowo,Mustaji
cY1QGVEAAAAJ,ne31is4AAAAJ,0.11965177953243256,0.02487359009683132,False,Muhammad Sonhaji Akbar,Danang Ary Dewangga
XdEn69YAAAAJ,ZRCJXO0AAAAJ,0.11964230239391327,0.00490657240152359,False,Cendra Devayana Putra,Riska Dhenabayu
b4_EdJYAAAAJ,wwhACXoAAAAJ,0.11958057433366776,0.035217128694057465,False,Moh. Khoridatul Huda,M Adamu Islam Mashuri
TAAC1-AAAAAJ,VwvPnrcAAAAJ,0.11953272670507431,0.02873901091516018,False,I Gde Agung Sri Sidhimantra,Nisa Dwi Septiyanti
Em3aIV0AAAAJ,_VFGVQQAAAAJ,0.11949905753135681,0.014912272803485394,False,Ramadhan Cakra Wibawa,Berlian Maulidya Izzati
b4_EdJYAAAAJ,hrVTt4kAAAAJ,0.1194215714931488,0.020433582365512848,False,Moh. Khoridatul Huda,Monica Cinthya
6MXDzBQAAAAJ,zDgqPOsAAAAJ,0.11933159083127975,0.028760768473148346,False,Lilik Anifah,Mustaji
LeRoniwAAAAJ,t5f89iIAAAAJ,0.11909809708595276,0.022847335785627365,False,Farhanna Mari,Andi Iwan Nurhidayat
VwvPnrcAAAAJ,b81qaDkAAAAJ,0.1190827488899231,0.03847644850611687,False,Nisa Dwi Septiyanti,Anita Safitri
XdEn69YAAAAJ,p4gdgRgAAAAJ,0.11878421902656555,0.01848633401095867,False,Cendra Devayana Putra,Rusijono
4Yhmpg0AAAAJ,y_OiarcAAAAJ,0.1187596395611763,0.013133122585713863,False,Hujjatullah Fazlurrahman,Yandhika Surya Akbar Gumilang
A9L19RMAAAAJ,zDgqPOsAAAAJ,0.11866584420204163,0.0128988828510046,False,Pradini Puspitaningayu,Mustaji
6RBIukkAAAAJ,TB0QfMoAAAAJ,0.11804240196943283,0.010039178654551506,False,Yatim Riyanto,Miftahur Rohman
Em3aIV0AAAAJ,S6IJ51cAAAAJ,0.11783108860254288,0.01784614846110344,False,Ramadhan Cakra Wibawa,Unit Three Kartini
Hl6bqU8AAAAJ,j8HRV1wAAAAJ,0.11766684800386429,0.022657863795757294,False,Rindu Puspita Wibawa,Bambang Suprianto
6RBIukkAAAAJ,JsEkeOsAAAAJ,0.11757244914770126,0.04996190592646599,False,Yatim Riyanto,Ari Kurniawan
-BuJoD0AAAAJ,Em3aIV0AAAAJ,0.11753694713115692,0.04754117876291275,False,Ratih Amelia,Ramadhan Cakra Wibawa
Iq3gzh4AAAAJ,p1pK7E4AAAAJ,0.11727600544691086,0.035593222826719284,False,Andi Mariono,Subuh Isnur Haryudo
5uDKOUMAAAAJ,zDgqPOsAAAAJ,0.11727534979581833,0.015283900313079357,False,Heri Purnawan,Mustaji
6RBIukkAAAAJ,ZjPpHWsAAAAJ,0.11718515306711197,0.03400726988911629,False,Yatim Riyanto,Erik Rahman
2lw6P3IAAAAJ,Em3aIV0AAAAJ,0.11707981675863266,0.026433268561959267,False,Muhammad Febrilian Dwi Syahputra,Ramadhan Cakra Wibawa
JsEkeOsAAAAJ,WdhKN0sAAAAJ,0.11705648899078369,0.03292971849441528,False,Ari Kurniawan,Aditya Prapanca
6ifThF0AAAAJ,hjllQ9gAAAAJ,0.11685065925121307,0.02441272884607315,False,Ika Diyah Candra Arifah,Nur Kholis
UL2-upoAAAAJ,zDgqPOsAAAAJ,0.11678707599639893,0.04861770197749138,False,Dana Azizah Rahmat,Mustaji
W7ncZRgAAAAJ,jPKU5cAAAAAJ,0.1167580857872963,0.039538152515888214,False,Hafid Kholidi Hadi,Anggraeni Widya Purwita
MeGE8WAAAAAJ,Thp8jg0AAAAJ,0.11674801260232925,0.019550029188394547,False,Binti Kholifah,Dodik Arwin Dermawan
W7ncZRgAAAAJ,hjllQ9gAAAAJ,0.11666052043437958,0.03195527568459511,False,Hafid Kholidi Hadi,Nur Kholis
EBgY5K0AAAAJ,ZhJ08JkAAAAJ,0.11665433645248413,0.0359807051718235,False,Moch. Badrus Oleh,Bachtiar Syaiful Bachri
AYI1rosAAAAJ,b81qaDkAAAAJ,0.11665135622024536,0.023920372128486633,False,Nurhayati,Anita Safitri
IJIEntMAAAAJ,UL2-upoAAAAJ,0.11656314879655838,0.015134339220821857,False,Yeni Anistyasari,Dana Azizah Rahmat
_n2j0ZAAAAAJ,y_OiarcAAAAJ,0.11652415990829468,0.006373134907335043,False,I Gusti Lanang Putra Eka Prismana,Yandhika Surya Akbar Gumilang
n7IAKI0AAAAJ,p4gdgRgAAAAJ,0.11625292152166367,0.01513903122395277,False,Joko,Rusijono
ZhJ08JkAAAAJ,lmlBHlsAAAAJ,0.11624080687761307,0.02716163732111454,False,Bachtiar Syaiful Bachri,Widi Aribowo
ZRCJXO0AAAAJ,psg8hdoAAAAJ,0.11619284003973007,0.011768413707613945,False,Riska Dhenabayu,Bonda Sisephaputra
7EQjv9wAAAAJ,AX-w0AEAAAAJ,0.11615768820047379,0.035545773804187775,True,Asmunin,Hasanuddin Al-Habib
Jzuk6doAAAAJ,wwhACXoAAAAJ,0.11615494638681412,0.015041421167552471,False,Aries Dwi Indriyanti,M Adamu Islam Mashuri
b81qaDkAAAAJ,wwhACXoAAAAJ,0.11608375608921051,0.0226203091442585,False,Anita Safitri,M Adamu Islam Mashuri
Iq3gzh4AAAAJ,i0pkJZoAAAAJ,0.11600210517644882,0.06667908281087875,False,Andi Mariono,Yuni Rosita Dewi
AjvtBWIAAAAJ,RES4QIQAAAAJ,0.11598274856805801,0.015399371273815632,False,Siti Masitoh,Arif Widodo
nWPONc8AAAAJ,q24bD6AAAAAJ,0.11577717214822769,0.014123210683465004,False,Lusia Rakhmawati,Martini Dwi Endah Susanti
hn5jrnAAAAAJ,jJBtZPgAAAAJ,0.11561775207519531,0.021901611238718033,False,Yuni Yamasari,Siska Puspitaningsih
XdEn69YAAAAJ,pb3-UjwAAAAJ,0.11550980061292648,0.010652389377355576,False,Cendra Devayana Putra,Moch Deny Pratama
W7ncZRgAAAAJ,lmlBHlsAAAAJ,0.11530216783285141,0.030964402481913567,False,Hafid Kholidi Hadi,Widi Aribowo
LeRoniwAAAAJ,MnI3Tm0AAAAJ,0.11528747528791428,0.0032912231981754303,False,Farhanna Mari,Sayyidul Aulia Alamsyah
VNrCn4gAAAAJ,fkxhjZ4AAAAJ,0.11526623368263245,0.003030994674190879,False,Ersha Aisyah Elfaiz,Ronggo Alit
XdEn69YAAAAJ,zDgqPOsAAAAJ,0.11519843339920044,0.026482360437512398,False,Cendra Devayana Putra,Mustaji
hn5jrnAAAAAJ,zDgqPOsAAAAJ,0.11517219245433807,0.05639033392071724,False,Yuni Yamasari,Mustaji
t5f89iIAAAAJ,wwhACXoAAAAJ,0.1150849238038063,0.061476800590753555,False,Andi Iwan Nurhidayat,M Adamu Islam Mashuri
-gGGkMcAAAAJ,i0pkJZoAAAAJ,0.11500915884971619,0.058100439608097076,False,Faris Abdi El Hakim,Yuni Rosita Dewi
fkxhjZ4AAAAJ,yXy6kW0AAAAJ,0.11500830203294754,0.024558205157518387,False,Ronggo Alit,Harun Al Rosyid
EBgY5K0AAAAJ,RNJ3vNQAAAAJ,0.11478392034769058,0.006189087405800819,False,Moch. Badrus Oleh,Harmon Prayogi
Em3aIV0AAAAJ,Tp_X_bYAAAAJ,0.11436289548873901,0.017843052744865417,False,Ramadhan Cakra Wibawa,Farid Baskoro
6MXDzBQAAAAJ,qtFw9UMAAAAJ,0.11431005597114563,0.012561463750898838,False,Lilik Anifah,Bambang Sujatmiko
AjvtBWIAAAAJ,WdhKN0sAAAAJ,0.11429431289434433,0.037731368094682693,False,Siti Masitoh,Aditya Prapanca
6RBIukkAAAAJ,FZ00CQ8AAAAJ,0.11424284428358078,0.04320502653717995,False,Yatim Riyanto,Rizky Basatha
CxdwNaYAAAAJ,TAAC1-AAAAAJ,0.11422184854745865,0.03682740032672882,False,Wiyli Yustanti,I Gde Agung Sri Sidhimantra
-_VNTSIAAAAJ,Em3aIV0AAAAJ,0.11421167105436325,0.0632394328713417,False,Agus Prihanto,Ramadhan Cakra Wibawa
7EQjv9wAAAAJ,bTjH6IgAAAAJ,0.11407119780778885,0.0538201779127121,False,Asmunin,Achmad Kautsar
8wFXNjYAAAAJ,psg8hdoAAAAJ,0.11405855417251587,0.030628561973571777,False,Naim Rochmawati,Bonda Sisephaputra
TAAC1-AAAAAJ,j8HRV1wAAAAJ,0.11403155326843262,0.02454465627670288,False,I Gde Agung Sri Sidhimantra,Bambang Suprianto
TAAC1-AAAAAJ,lFCI_vsAAAAJ,0.11401012539863586,0.020467069000005722,False,I Gde Agung Sri Sidhimantra,Atik Wintarti
C_EGqeMAAAAJ,Thp8jg0AAAAJ,0.11393499374389648,0.01211896538734436,False,Namira Roudlotul Jannah,Dodik Arwin Dermawan
N40Vh64AAAAJ,pb3-UjwAAAAJ,0.11363394558429718,0.016159508377313614,False,Raden Roro Hapsari Peni Agustin T,Moch Deny Pratama
-gGGkMcAAAAJ,Smb2eg8AAAAJ,0.11344955116510391,0.05243334174156189,False,Faris Abdi El Hakim,Nanang Hoesen. H. A.
6f4j4TYAAAAJ,pb3-UjwAAAAJ,0.11322400718927383,0.056582070887088776,False,Mahendra Widyartono,Moch Deny Pratama
q24bD6AAAAAJ,t5f89iIAAAAJ,0.11318936944007874,0.029371457174420357,False,Martini Dwi Endah Susanti,Andi Iwan Nurhidayat
Em3aIV0AAAAJ,TAAC1-AAAAAJ,0.11304216086864471,0.028493007645010948,False,Ramadhan Cakra Wibawa,I Gde Agung Sri Sidhimantra
ZRCJXO0AAAAJ,_n2j0ZAAAAAJ,0.11281971633434296,0.017472703009843826,False,Riska Dhenabayu,I Gusti Lanang Putra Eka Prismana
L6O1lvkAAAAJ,ZhJ08JkAAAAJ,0.11263524740934372,0.021527118980884552,False,Tri Wrahatnolo,Bachtiar Syaiful Bachri
dfwr-2YAAAAJ,lmlBHlsAAAAJ,0.11255598068237305,0.03540712222456932,False,Muhammad Fajar Wahyudi Rahman,Widi Aribowo
MnI3Tm0AAAAJ,b81qaDkAAAAJ,0.11249639838933945,0.0113871144130826,False,Sayyidul Aulia Alamsyah,Anita Safitri
Jzuk6doAAAAJ,yXy6kW0AAAAJ,0.11237949877977371,0.020037034526467323,False,Aries Dwi Indriyanti,Harun Al Rosyid
6ifThF0AAAAJ,lmlBHlsAAAAJ,0.11231458932161331,0.025128023698925972,False,Ika Diyah Candra Arifah,Widi Aribowo
N6RJilIAAAAJ,TB0QfMoAAAAJ,0.1121172234416008,0.04476911947131157,False,Anita Qoiriah,Miftahur Rohman
4Yhmpg0AAAAJ,UL2-upoAAAAJ,0.1119563952088356,0.03104841709136963,False,Hujjatullah Fazlurrahman,Dana Azizah Rahmat
nbtuM4IAAAAJ,zDgqPOsAAAAJ,0.11179254204034805,0.022469382733106613,False,Parama Diptya Widayaka,Mustaji
Hl6bqU8AAAAJ,wwhACXoAAAAJ,0.11152397841215134,0.030799463391304016,False,Rindu Puspita Wibawa,M Adamu Islam Mashuri
Jzuk6doAAAAJ,b81qaDkAAAAJ,0.11147020012140274,0.027904177084565163,False,Aries Dwi Indriyanti,Anita Safitri
ZRCJXO0AAAAJ,n7ykK-IAAAAJ,0.11143481731414795,0.02171783335506916,False,Riska Dhenabayu,Dhiyan Septa Wihara
b81qaDkAAAAJ,psg8hdoAAAAJ,0.11134400218725204,0.046601057052612305,False,Anita Safitri,Bonda Sisephaputra
Hl6bqU8AAAAJ,z7RWDi0AAAAJ,0.11126022785902023,0.026819635182619095,False,Rindu Puspita Wibawa,Tri Rijanto
7EQjv9wAAAAJ,wlGfsB0AAAAJ,0.11119783669710159,0.04660424962639809,True,Asmunin,Salamun Rohman Nudin
34CwHgkAAAAJ,Iq3gzh4AAAAJ,0.11099570989608765,0.053022000938653946,False,Riza Akhsani Setyo Prayoga,Andi Mariono
AjvtBWIAAAAJ,S6IJ51cAAAAJ,0.11086931079626083,0.014981649816036224,False,Siti Masitoh,Unit Three Kartini
1hm7MM8AAAAJ,EBgY5K0AAAAJ,0.1108449250459671,0.014229935593903065,False,Reza Rahmadian,Moch. Badrus Oleh
aW1lSOYAAAAJ,sHANI1gAAAAJ,0.11081212013959885,0.07005603611469269,False,Aditya Chandra Hermawan,Rifqi Firmansyah
6ifThF0AAAAJ,nyyfjCgAAAAJ,0.11073373258113861,0.011895285919308662,False,Ika Diyah Candra Arifah,Rifqi Abdillah
AYI1rosAAAAJ,zDgqPOsAAAAJ,0.1104414314031601,0.026626579463481903,True,Nurhayati,Mustaji
eEtHoOAAAAAJ,nWPONc8AAAAJ,0.11043783277273178,0.018615758046507835,False,Rahadian Bisma,Lusia Rakhmawati
IJIEntMAAAAJ,XdEn69YAAAAJ,0.1103203296661377,0.038380518555641174,False,Yeni Anistyasari,Cendra Devayana Putra
Tp_X_bYAAAAJ,qtFw9UMAAAAJ,0.11011280864477158,0.014580105431377888,False,Farid Baskoro,Bambang Sujatmiko
hn5jrnAAAAAJ,sHANI1gAAAAJ,0.10990723222494125,0.03390665724873543,False,Yuni Yamasari,Rifqi Firmansyah
L6O1lvkAAAAJ,pb3-UjwAAAAJ,0.10965126007795334,0.04950309917330742,False,Tri Wrahatnolo,Moch Deny Pratama
Mr22rjsAAAAJ,lFCI_vsAAAAJ,0.10964471101760864,0.014973491430282593,False,Hesti Khuzaimah Nurul Yusufiyah,Atik Wintarti
UL2-upoAAAAJ,lFCI_vsAAAAJ,0.10964371263980865,0.018257029354572296,False,Dana Azizah Rahmat,Atik Wintarti
Thp8jg0AAAAJ,p1pK7E4AAAAJ,0.1095980778336525,0.027789300307631493,False,Dodik Arwin Dermawan,Subuh Isnur Haryudo
C_EGqeMAAAAJ,t5f89iIAAAAJ,0.10957804322242737,0.020421743392944336,False,Namira Roudlotul Jannah,Andi Iwan Nurhidayat
LeRoniwAAAAJ,qtFw9UMAAAAJ,0.10949447005987167,0.020742200314998627,False,Farhanna Mari,Bambang Sujatmiko
1xVR-fgAAAAJ,wwhACXoAAAAJ,0.10946555435657501,0.012680728919804096,False,1xVR-fgAAAAJ,M Adamu Islam Mashuri
MnI3Tm0AAAAJ,TAAC1-AAAAAJ,0.10926040261983871,0.008002066053450108,False,Sayyidul Aulia Alamsyah,I Gde Agung Sri Sidhimantra
34CwHgkAAAAJ,Yw9l51IAAAAJ,0.10917788743972778,0.0030772779136896133,False,Riza Akhsani Setyo Prayoga,Riza Akhsani Setyo Prayoga
RES4QIQAAAAJ,zDgqPOsAAAAJ,0.108551025390625,0.02633761428296566,False,Arif Widodo,Mustaji
AX-w0AEAAAAJ,XdEn69YAAAAJ,0.10851514339447021,0.01707109436392784,False,Hasanuddin Al-Habib,Cendra Devayana Putra
AX-w0AEAAAAJ,nWPONc8AAAAJ,0.10843941569328308,0.01884378120303154,True,Hasanuddin Al-Habib,Lusia Rakhmawati
dfwr-2YAAAAJ,jPKU5cAAAAAJ,0.1083003580570221,0.027466222643852234,False,Muhammad Fajar Wahyudi Rahman,Anggraeni Widya Purwita
6RBIukkAAAAJ,TAAC1-AAAAAJ,0.10810322314500809,0.030837951228022575,False,Yatim Riyanto,I Gde Agung Sri Sidhimantra
AYI1rosAAAAJ,hn5jrnAAAAAJ,0.10721412301063538,0.05159248784184456,False,Nurhayati,Yuni Yamasari
R9rGmc4AAAAJ,XdEn69YAAAAJ,0.10721118748188019,0.002662759507074952,False,Kartika Chandra Dewi,Cendra Devayana Putra
-BuJoD0AAAAJ,N6RJilIAAAAJ,0.10706564784049988,0.05060850456357002,False,Ratih Amelia,Anita Qoiriah
34CwHgkAAAAJ,ZRCJXO0AAAAJ,0.10666579008102417,0.011974893510341644,False,Riza Akhsani Setyo Prayoga,Riska Dhenabayu
1xVR-fgAAAAJ,hrVTt4kAAAAJ,0.106620192527771,0.01892686076462269,False,1xVR-fgAAAAJ,Monica Cinthya
UL2-upoAAAAJ,nyyfjCgAAAAJ,0.10636673867702484,0.005774884484708309,False,Dana Azizah Rahmat,Rifqi Abdillah
JsEkeOsAAAAJ,N6RJilIAAAAJ,0.1063532754778862,0.051959577947854996,False,Ari Kurniawan,Anita Qoiriah
Em3aIV0AAAAJ,wlGfsB0AAAAJ,0.1059897318482399,0.03582295775413513,False,Ramadhan Cakra Wibawa,Salamun Rohman Nudin
6RBIukkAAAAJ,L6O1lvkAAAAJ,0.10591041296720505,0.009961294010281563,False,Yatim Riyanto,Tri Wrahatnolo
_n2j0ZAAAAAJ,b81qaDkAAAAJ,0.10587669163942337,0.04397343844175339,False,I Gusti Lanang Putra Eka Prismana,Anita Safitri
AjvtBWIAAAAJ,yObeL8gAAAAJ,0.10571781545877457,0.025588873773813248,False,Siti Masitoh,I Gusti Putu Asto Buditjahjanto
DrE0Lf8AAAAJ,lmlBHlsAAAAJ,0.10554534196853638,0.030224161222577095,False,Fresha Kharisma,Widi Aribowo
cY1QGVEAAAAJ,zDgqPOsAAAAJ,0.10544366389513016,0.045396678149700165,False,Muhammad Sonhaji Akbar,Mustaji
CxdwNaYAAAAJ,tzjThtIAAAAJ,0.10531814396381378,0.04291652888059616,False,Wiyli Yustanti,Elly Matul Imah
_ecYpyYAAAAJ,y_OiarcAAAAJ,0.10528828203678131,0.006821754388511181,False,Dinda Galuh Guminta,Yandhika Surya Akbar Gumilang
-tpBKawAAAAJ,nyyfjCgAAAAJ,0.10517976433038712,0.004892314318567514,False,Dimas Novian Aditia Syahputra,Rifqi Abdillah
VwvPnrcAAAAJ,ZRCJXO0AAAAJ,0.1051739752292633,0.02907245047390461,False,Nisa Dwi Septiyanti,Riska Dhenabayu
Thp8jg0AAAAJ,j8HRV1wAAAAJ,0.10496178269386292,0.026927728205919266,False,Dodik Arwin Dermawan,Bambang Suprianto
4VXQFKYAAAAJ,jPKU5cAAAAAJ,0.10477308183908463,0.05411747470498085,False,Renny Sari Dewi,Anggraeni Widya Purwita
cPj-iOIAAAAJ,y_OiarcAAAAJ,0.10472074151039124,0.02046135812997818,False,Ricky Eka Putra,Yandhika Surya Akbar Gumilang
8wFXNjYAAAAJ,9BWyE0UAAAAJ,0.10468582808971405,0.040081482380628586,False,Naim Rochmawati,Endryansyah
MZCJPuIAAAAJ,itwnm-AAAAAJ,0.10465452820062637,0.028140822425484657,False,Fajar Arianto,Achmad Fitro
S6IJ51cAAAAJ,zDgqPOsAAAAJ,0.10460009425878525,0.025001706555485725,False,Unit Three Kartini,Mustaji
Thp8jg0AAAAJ,ZRCJXO0AAAAJ,0.10459768772125244,0.011516590602695942,False,Dodik Arwin Dermawan,Riska Dhenabayu
MeGE8WAAAAAJ,fkxhjZ4AAAAJ,0.1045631691813469,0.011604242958128452,False,Binti Kholifah,Ronggo Alit
j8HRV1wAAAAJ,qtFw9UMAAAAJ,0.10451825708150864,0.01442253589630127,False,Bambang Suprianto,Bambang Sujatmiko
lFCI_vsAAAAJ,pCyzpjgAAAAJ,0.10451317578554153,0.010369371622800827,False,Atik Wintarti,Nurul Laili
Em3aIV0AAAAJ,p1pK7E4AAAAJ,0.10414407402276993,0.01771741546690464,False,Ramadhan Cakra Wibawa,Subuh Isnur Haryudo
AYI1rosAAAAJ,cPj-iOIAAAAJ,0.10403086990118027,0.049907099455595016,False,Nurhayati,Ricky Eka Putra
n7IAKI0AAAAJ,nWPONc8AAAAJ,0.10401961952447891,0.033087849617004395,False,Joko,Lusia Rakhmawati
WdhKN0sAAAAJ,b4_EdJYAAAAJ,0.1039608046412468,0.014929370023310184,False,Aditya Prapanca,Moh. Khoridatul Huda
4d_6xxEAAAAJ,p1pK7E4AAAAJ,0.1039028987288475,0.014688245952129364,False,Ghea Sekar Palupi,Subuh Isnur Haryudo
A9L19RMAAAAJ,b4_EdJYAAAAJ,0.10386600345373154,0.0033544115722179413,False,Pradini Puspitaningayu,Moh. Khoridatul Huda
RES4QIQAAAAJ,b81qaDkAAAAJ,0.10382449626922607,0.023254631087183952,False,Arif Widodo,Anita Safitri
6f4j4TYAAAAJ,cPj-iOIAAAAJ,0.10372278094291687,0.06997523456811905,False,Mahendra Widyartono,Ricky Eka Putra
Hl6bqU8AAAAJ,bTjH6IgAAAAJ,0.10368409007787704,0.07132258266210556,False,Rindu Puspita Wibawa,Achmad Kautsar
AX-w0AEAAAAJ,Hl6bqU8AAAAJ,0.1036519855260849,0.032376013696193695,True,Hasanuddin Al-Habib,Rindu Puspita Wibawa
Thp8jg0AAAAJ,z7RWDi0AAAAJ,0.10345832258462906,0.0319262258708477,False,Dodik Arwin Dermawan,Tri Rijanto
C_EGqeMAAAAJ,TAAC1-AAAAAJ,0.10335131734609604,0.011787842959165573,False,Namira Roudlotul Jannah,I Gde Agung Sri Sidhimantra
cY1QGVEAAAAJ,p4gdgRgAAAAJ,0.10308635234832764,0.03310884162783623,False,Muhammad Sonhaji Akbar,Rusijono
DrE0Lf8AAAAJ,UL2-upoAAAAJ,0.1030343621969223,0.03379109874367714,False,Fresha Kharisma,Dana Azizah Rahmat
6RBIukkAAAAJ,Em3aIV0AAAAJ,0.10298477858304977,0.02802853100001812,False,Yatim Riyanto,Ramadhan Cakra Wibawa
DrE0Lf8AAAAJ,zDgqPOsAAAAJ,0.10287220031023026,0.06492983549833298,False,Fresha Kharisma,Mustaji
8wFXNjYAAAAJ,sHANI1gAAAAJ,0.10279364883899689,0.030398568138480186,False,Naim Rochmawati,Rifqi Firmansyah
RNJ3vNQAAAAJ,sHANI1gAAAAJ,0.10273545235395432,0.009517059661448002,False,Harmon Prayogi,Rifqi Firmansyah
6RBIukkAAAAJ,wlGfsB0AAAAJ,0.10260064154863358,0.038329534232616425,False,Yatim Riyanto,Salamun Rohman Nudin
UL2-upoAAAAJ,b4_EdJYAAAAJ,0.10258331894874573,0.02834736369550228,False,Dana Azizah Rahmat,Moh. Khoridatul Huda
OwdLKtQAAAAJ,Thp8jg0AAAAJ,0.1025424599647522,0.02961561270058155,False,Fitria,Dodik Arwin Dermawan
cY1QGVEAAAAJ,lmlBHlsAAAAJ,0.10252506285905838,0.026737341657280922,False,Muhammad Sonhaji Akbar,Widi Aribowo
S6IJ51cAAAAJ,itwnm-AAAAAJ,0.1024409830570221,0.019940534606575966,False,Unit Three Kartini,Achmad Fitro
34CwHgkAAAAJ,6RBIukkAAAAJ,0.10243584960699081,0.027866201475262642,False,Riza Akhsani Setyo Prayoga,Yatim Riyanto
XdEn69YAAAAJ,yXy6kW0AAAAJ,0.10233643651008606,0.020377913489937782,False,Cendra Devayana Putra,Harun Al Rosyid
Jzuk6doAAAAJ,_VFGVQQAAAAJ,0.10233111679553986,0.00869915820658207,False,Aries Dwi Indriyanti,Berlian Maulidya Izzati
YADiqesAAAAJ,nWPONc8AAAAJ,0.1019202247262001,0.04705340415239334,False,Ekohariadi,Lusia Rakhmawati
2lw6P3IAAAAJ,psg8hdoAAAAJ,0.1018831878900528,0.020580150187015533,False,Muhammad Febrilian Dwi Syahputra,Bonda Sisephaputra
jJBtZPgAAAAJ,psg8hdoAAAAJ,0.10181817412376404,0.01803656481206417,False,Siska Puspitaningsih,Bonda Sisephaputra
7EQjv9wAAAAJ,i0pkJZoAAAAJ,0.10178233683109283,0.04431626945734024,False,Asmunin,Yuni Rosita Dewi
L6O1lvkAAAAJ,nWPONc8AAAAJ,0.10177338123321533,0.06306712329387665,False,Tri Wrahatnolo,Lusia Rakhmawati
7EQjv9wAAAAJ,b81qaDkAAAAJ,0.10175067186355591,0.05064200982451439,False,Asmunin,Anita Safitri
pb3-UjwAAAAJ,zDgqPOsAAAAJ,0.10173138231039047,0.013319802470505238,False,Moch Deny Pratama,Mustaji
Smb2eg8AAAAJ,_n2j0ZAAAAAJ,0.10171523690223694,0.03206101059913635,False,Nanang Hoesen. H. A.,I Gusti Lanang Putra Eka Prismana
JsEkeOsAAAAJ,_n2j0ZAAAAAJ,0.10171319544315338,0.05259794369339943,False,Ari Kurniawan,I Gusti Lanang Putra Eka Prismana
-_VNTSIAAAAJ,tzjThtIAAAAJ,0.10167543590068817,0.08339174836874008,False,Agus Prihanto,Elly Matul Imah
Jzuk6doAAAAJ,S6IJ51cAAAAJ,0.10162990540266037,0.02002076432108879,False,Aries Dwi Indriyanti,Unit Three Kartini
N6RJilIAAAAJ,q24bD6AAAAAJ,0.1015939712524414,0.04181521385908127,False,Anita Qoiriah,Martini Dwi Endah Susanti
VNrCn4gAAAAJ,cY1QGVEAAAAJ,0.10142790526151657,0.004238022491335869,False,Ersha Aisyah Elfaiz,Muhammad Sonhaji Akbar
p4gdgRgAAAAJ,yObeL8gAAAAJ,0.10131244361400604,0.021638158708810806,False,Rusijono,I Gusti Putu Asto Buditjahjanto
C_EGqeMAAAAJ,wlGfsB0AAAAJ,0.10129152983427048,0.013443022035062313,False,Namira Roudlotul Jannah,Salamun Rohman Nudin
-gGGkMcAAAAJ,EBgY5K0AAAAJ,0.10125734657049179,0.035869549959897995,False,Faris Abdi El Hakim,Moch. Badrus Oleh
dfwr-2YAAAAJ,hjllQ9gAAAAJ,0.10108446329832077,0.033173684030771255,True,Muhammad Fajar Wahyudi Rahman,Nur Kholis
JsEkeOsAAAAJ,zDgqPOsAAAAJ,0.1010301262140274,0.07024329900741577,False,Ari Kurniawan,Mustaji
XdEn69YAAAAJ,Yw9l51IAAAAJ,0.10098868608474731,0.0018345786957070231,False,Cendra Devayana Putra,Riza Akhsani Setyo Prayoga
AYI1rosAAAAJ,p4gdgRgAAAAJ,0.10078882426023483,0.01441250927746296,False,Nurhayati,Rusijono
_n2j0ZAAAAAJ,wwhACXoAAAAJ,0.10078611969947815,0.016697663813829422,False,I Gusti Lanang Putra Eka Prismana,M Adamu Islam Mashuri
RNJ3vNQAAAAJ,S6IJ51cAAAAJ,0.10070212930440903,0.012402174063026905,False,Harmon Prayogi,Unit Three Kartini
2lw6P3IAAAAJ,RvG7jG4AAAAJ,0.1006627008318901,0.01623087003827095,False,Muhammad Febrilian Dwi Syahputra,I Made Suartana
TB0QfMoAAAAJ,qtFw9UMAAAAJ,0.10028938204050064,0.012403485365211964,False,Miftahur Rohman,Bambang Sujatmiko
34CwHgkAAAAJ,nbtuM4IAAAAJ,0.10018166899681091,0.007028293330222368,False,Riza Akhsani Setyo Prayoga,Parama Diptya Widayaka
JsEkeOsAAAAJ,hjllQ9gAAAAJ,0.1001475527882576,0.013255526311695576,False,Ari Kurniawan,Nur Kholis
DrE0Lf8AAAAJ,hjllQ9gAAAAJ,0.10008493065834045,0.030779758468270302,False,Fresha Kharisma,Nur Kholis
9BWyE0UAAAAJ,MZCJPuIAAAAJ,0.10006498545408249,0.020900847390294075,False,Endryansyah,Fajar Arianto
eEtHoOAAAAAJ,pb3-UjwAAAAJ,0.09990829974412918,0.010217905975878239,False,Rahadian Bisma,Moch Deny Pratama
psg8hdoAAAAJ,z7RWDi0AAAAJ,0.09979745745658875,0.022842902690172195,False,Bonda Sisephaputra,Tri Rijanto
bTjH6IgAAAAJ,nWPONc8AAAAJ,0.09962524473667145,0.02564242109656334,False,Achmad Kautsar,Lusia Rakhmawati
Tz8EfXcAAAAJ,fkxhjZ4AAAAJ,0.09962261468172073,0.013236005790531635,False,Yuliani Puji Astuti,Ronggo Alit
DsVi_OAAAAAJ,cY1QGVEAAAAJ,0.09961696714162827,0.02853284776210785,False,Nadia Nur Thahirrah,Muhammad Sonhaji Akbar
AjvtBWIAAAAJ,LsydBAMAAAAJ,0.09955165535211563,0.02295738458633423,False,Siti Masitoh,Puput Wanarti Rusimamto
-tpBKawAAAAJ,NO8mJucAAAAJ,0.09953022748231888,0.026591256260871887,False,Dimas Novian Aditia Syahputra,Wahyu Sasongko Putro
4d_6xxEAAAAJ,MZCJPuIAAAAJ,0.09951509535312653,0.04608963057398796,False,Ghea Sekar Palupi,Fajar Arianto
A9L19RMAAAAJ,b81qaDkAAAAJ,0.09951267391443253,0.010233590379357338,False,Pradini Puspitaningayu,Anita Safitri
-tpBKawAAAAJ,Jzuk6doAAAAJ,0.09945197403430939,0.012850646860897541,False,Dimas Novian Aditia Syahputra,Aries Dwi Indriyanti
qtFw9UMAAAAJ,t5f89iIAAAAJ,0.09927998483181,0.025370066985487938,False,Bambang Sujatmiko,Andi Iwan Nurhidayat
5uDKOUMAAAAJ,nyyfjCgAAAAJ,0.09926672279834747,0.01654548943042755,False,Heri Purnawan,Rifqi Abdillah
Smb2eg8AAAAJ,psg8hdoAAAAJ,0.09913865476846695,0.028225403279066086,False,Nanang Hoesen. H. A.,Bonda Sisephaputra
R9rGmc4AAAAJ,lFCI_vsAAAAJ,0.09909679740667343,0.008121298626065254,False,Kartika Chandra Dewi,Atik Wintarti
-_VNTSIAAAAJ,jJBtZPgAAAAJ,0.09909528493881226,0.04616852477192879,False,Agus Prihanto,Siska Puspitaningsih
Iq3gzh4AAAAJ,YADiqesAAAAJ,0.098899707198143,0.039348866790533066,False,Andi Mariono,Ekohariadi
1hm7MM8AAAAJ,p4gdgRgAAAAJ,0.09879903495311737,0.0251945648342371,False,Reza Rahmadian,Rusijono
8wFXNjYAAAAJ,b81qaDkAAAAJ,0.09879137575626373,0.03503917157649994,False,Naim Rochmawati,Anita Safitri
7EQjv9wAAAAJ,C_EGqeMAAAAJ,0.09870722144842148,0.011630861088633537,False,Asmunin,Namira Roudlotul Jannah
CxdwNaYAAAAJ,MnI3Tm0AAAAJ,0.09869551658630371,0.0207649115473032,False,Wiyli Yustanti,Sayyidul Aulia Alamsyah
4Yhmpg0AAAAJ,ZhJ08JkAAAAJ,0.0985569953918457,0.05996540188789368,False,Hujjatullah Fazlurrahman,Bachtiar Syaiful Bachri
WdhKN0sAAAAJ,n7IAKI0AAAAJ,0.0982481986284256,0.024481527507305145,False,Aditya Prapanca,Joko
RNJ3vNQAAAAJ,pb3-UjwAAAAJ,0.09806091338396072,0.006868318654596806,False,Harmon Prayogi,Moch Deny Pratama
_VFGVQQAAAAJ,eEtHoOAAAAAJ,0.09797661751508713,0.01921461708843708,False,Berlian Maulidya Izzati,Rahadian Bisma
WdhKN0sAAAAJ,hrVTt4kAAAAJ,0.09792119264602661,0.028581902384757996,False,Aditya Prapanca,Monica Cinthya
_VFGVQQAAAAJ,hrVTt4kAAAAJ,0.09785544872283936,0.014800679869949818,False,Berlian Maulidya Izzati,Monica Cinthya
-tpBKawAAAAJ,dfwr-2YAAAAJ,0.09784580022096634,0.03660700097680092,False,Dimas Novian Aditia Syahputra,Muhammad Fajar Wahyudi Rahman
AjvtBWIAAAAJ,sHANI1gAAAAJ,0.09784355759620667,0.009477526880800724,False,Siti Masitoh,Rifqi Firmansyah
1hm7MM8AAAAJ,UL2-upoAAAAJ,0.09782400727272034,0.012508041225373745,False,Reza Rahmadian,Dana Azizah Rahmat
_VFGVQQAAAAJ,yXy6kW0AAAAJ,0.09772702306509018,0.01736498810350895,False,Berlian Maulidya Izzati,Harun Al Rosyid
6RBIukkAAAAJ,9BWyE0UAAAAJ,0.09761115908622742,0.0063794939778745174,False,Yatim Riyanto,Endryansyah
6f4j4TYAAAAJ,nWPONc8AAAAJ,0.09733814001083374,0.07915646582841873,False,Mahendra Widyartono,Lusia Rakhmawati
Thp8jg0AAAAJ,sHANI1gAAAAJ,0.09727196395397186,0.0100856339558959,False,Dodik Arwin Dermawan,Rifqi Firmansyah
nyyfjCgAAAAJ,q24bD6AAAAAJ,0.09721953421831131,0.012030339799821377,False,Rifqi Abdillah,Martini Dwi Endah Susanti
AjvtBWIAAAAJ,JsEkeOsAAAAJ,0.09712109714746475,0.048358459025621414,False,Siti Masitoh,Ari Kurniawan
RvG7jG4AAAAJ,lFCI_vsAAAAJ,0.0970623716711998,0.02700093761086464,False,I Made Suartana,Atik Wintarti
DrE0Lf8AAAAJ,hn5jrnAAAAAJ,0.09678515791893005,0.041303183883428574,False,Fresha Kharisma,Yuni Yamasari
MZCJPuIAAAAJ,N40Vh64AAAAJ,0.09677168726921082,0.008327430114150047,False,Fajar Arianto,Raden Roro Hapsari Peni Agustin T
-BuJoD0AAAAJ,OffRzhoAAAAJ,0.09675242006778717,0.030842838808894157,True,Ratih Amelia,Dwi Fatrianto Suyatno
LeRoniwAAAAJ,ZhJ08JkAAAAJ,0.09675095230340958,0.018850138410925865,False,Farhanna Mari,Bachtiar Syaiful Bachri
6RBIukkAAAAJ,lmlBHlsAAAAJ,0.09674757719039917,0.01303074974566698,False,Yatim Riyanto,Widi Aribowo
7EQjv9wAAAAJ,Iq3gzh4AAAAJ,0.09648945182561874,0.05630827322602272,False,Asmunin,Andi Mariono
MeGE8WAAAAAJ,hrVTt4kAAAAJ,0.09648435562849045,0.024180013686418533,False,Binti Kholifah,Monica Cinthya
-gGGkMcAAAAJ,Hl6bqU8AAAAJ,0.09631001949310303,0.048934824764728546,False,Faris Abdi El Hakim,Rindu Puspita Wibawa
p1pK7E4AAAAJ,psg8hdoAAAAJ,0.09625829756259918,0.020569467917084694,False,Subuh Isnur Haryudo,Bonda Sisephaputra
aW1lSOYAAAAJ,n7IAKI0AAAAJ,0.09618855267763138,0.039956189692020416,False,Aditya Chandra Hermawan,Joko
6ifThF0AAAAJ,ZhJ08JkAAAAJ,0.09612276405096054,0.06115798279643059,False,Ika Diyah Candra Arifah,Bachtiar Syaiful Bachri
Hl6bqU8AAAAJ,MnI3Tm0AAAAJ,0.09605222940444946,0.008616173639893532,False,Rindu Puspita Wibawa,Sayyidul Aulia Alamsyah
-gGGkMcAAAAJ,n7ykK-IAAAAJ,0.0960100069642067,0.04995204880833626,False,Faris Abdi El Hakim,Dhiyan Septa Wihara
6ifThF0AAAAJ,VwvPnrcAAAAJ,0.09597373008728027,0.03430069237947464,False,Ika Diyah Candra Arifah,Nisa Dwi Septiyanti
N6RJilIAAAAJ,j8HRV1wAAAAJ,0.09597011655569077,0.04760248586535454,False,Anita Qoiriah,Bambang Suprianto
Iq3gzh4AAAAJ,dfwr-2YAAAAJ,0.09588184952735901,0.08148670941591263,False,Andi Mariono,Muhammad Fajar Wahyudi Rahman
-tpBKawAAAAJ,Hl6bqU8AAAAJ,0.09546451270580292,0.039844878017902374,False,Dimas Novian Aditia Syahputra,Rindu Puspita Wibawa
OffRzhoAAAAJ,XdEn69YAAAAJ,0.09544853121042252,0.02979416400194168,False,Dwi Fatrianto Suyatno,Cendra Devayana Putra
R9rGmc4AAAAJ,b4_EdJYAAAAJ,0.09543297439813614,0.00740125821903348,False,Kartika Chandra Dewi,Moh. Khoridatul Huda
2lw6P3IAAAAJ,yXy6kW0AAAAJ,0.09540383517742157,0.035407718271017075,False,Muhammad Febrilian Dwi Syahputra,Harun Al Rosyid
4VXQFKYAAAAJ,LeRoniwAAAAJ,0.09538313746452332,0.014368907548487186,False,Renny Sari Dewi,Farhanna Mari
LeRoniwAAAAJ,n7ykK-IAAAAJ,0.0953630805015564,0.018286194652318954,False,Farhanna Mari,Dhiyan Septa Wihara
MeGE8WAAAAAJ,wEGsLv4AAAAJ,0.09534037113189697,0.057289931923151016,False,Binti Kholifah,Ike Fitriyaningsih
Smb2eg8AAAAJ,hn5jrnAAAAAJ,0.09519359469413757,0.02752079628407955,False,Nanang Hoesen. H. A.,Yuni Yamasari
Jzuk6doAAAAJ,z7RWDi0AAAAJ,0.0951811820268631,0.021323520690202713,False,Aries Dwi Indriyanti,Tri Rijanto
Iq3gzh4AAAAJ,n7ykK-IAAAAJ,0.0951089933514595,0.05076920986175537,False,Andi Mariono,Dhiyan Septa Wihara
4Yhmpg0AAAAJ,nyyfjCgAAAAJ,0.0947963148355484,0.013579255901277065,False,Hujjatullah Fazlurrahman,Rifqi Abdillah
9BWyE0UAAAAJ,RNJ3vNQAAAAJ,0.0946120172739029,0.00869547575712204,False,Endryansyah,Harmon Prayogi
34CwHgkAAAAJ,q24bD6AAAAAJ,0.0945795550942421,0.02900572493672371,False,Riza Akhsani Setyo Prayoga,Martini Dwi Endah Susanti
Jzuk6doAAAAJ,OwdLKtQAAAAJ,0.09457095712423325,0.00970572791993618,False,Aries Dwi Indriyanti,Fitria
MZCJPuIAAAAJ,wwhACXoAAAAJ,0.09450706094503403,0.021582037210464478,False,Fajar Arianto,M Adamu Islam Mashuri
-gGGkMcAAAAJ,cPj-iOIAAAAJ,0.09446360915899277,0.030764808878302574,False,Faris Abdi El Hakim,Ricky Eka Putra
Thp8jg0AAAAJ,yObeL8gAAAAJ,0.09443332999944687,0.024877343326807022,True,Dodik Arwin Dermawan,I Gusti Putu Asto Buditjahjanto
n7IAKI0AAAAJ,zDgqPOsAAAAJ,0.09441045671701431,0.016587033867836,False,Joko,Mustaji
lFCI_vsAAAAJ,lmlBHlsAAAAJ,0.09435639530420303,0.020504916086792946,False,Atik Wintarti,Widi Aribowo
S6IJ51cAAAAJ,Thp8jg0AAAAJ,0.09433727711439133,0.0310037974268198,False,Unit Three Kartini,Dodik Arwin Dermawan
b81qaDkAAAAJ,pb3-UjwAAAAJ,0.09426014870405197,0.007738140411674976,False,Anita Safitri,Moch Deny Pratama
5nAJx9wAAAAJ,p1pK7E4AAAAJ,0.09423348307609558,0.01863127574324608,False,Muhammad Fachmi,Subuh Isnur Haryudo
Smb2eg8AAAAJ,hjllQ9gAAAAJ,0.09419183433055878,0.01591821014881134,False,Nanang Hoesen. H. A.,Nur Kholis
ZhJ08JkAAAAJ,itwnm-AAAAAJ,0.09411129355430603,0.02734808251261711,False,Bachtiar Syaiful Bachri,Achmad Fitro
VNrCn4gAAAAJ,lFCI_vsAAAAJ,0.09404022246599197,0.007000439800322056,False,Ersha Aisyah Elfaiz,Atik Wintarti
dfwr-2YAAAAJ,t5f89iIAAAAJ,0.09393879026174545,0.026082191616296768,False,Muhammad Fajar Wahyudi Rahman,Andi Iwan Nurhidayat
DrE0Lf8AAAAJ,t5f89iIAAAAJ,0.09379255771636963,0.028950519859790802,False,Fresha Kharisma,Andi Iwan Nurhidayat
7EQjv9wAAAAJ,A9L19RMAAAAJ,0.09349849075078964,0.0063221752643585205,False,Asmunin,Pradini Puspitaningayu
AX-w0AEAAAAJ,wwhACXoAAAAJ,0.09333687275648117,0.0267049428075552,False,Hasanuddin Al-Habib,M Adamu Islam Mashuri
4d_6xxEAAAAJ,nbtuM4IAAAAJ,0.09332523494958878,0.010283112525939941,False,Ghea Sekar Palupi,Parama Diptya Widayaka
FZ00CQ8AAAAJ,zDgqPOsAAAAJ,0.09312231838703156,0.05370926856994629,True,Rizky Basatha,Mustaji
A9L19RMAAAAJ,qtFw9UMAAAAJ,0.09310568869113922,0.005632244981825352,False,Pradini Puspitaningayu,Bambang Sujatmiko
4VXQFKYAAAAJ,hn5jrnAAAAAJ,0.09309771656990051,0.03355563059449196,False,Renny Sari Dewi,Yuni Yamasari
qtFw9UMAAAAJ,wlGfsB0AAAAJ,0.0930485725402832,0.03378501161932945,False,Bambang Sujatmiko,Salamun Rohman Nudin
Yw9l51IAAAAJ,y_OiarcAAAAJ,0.09298583120107651,0.002407698892056942,False,Riza Akhsani Setyo Prayoga,Yandhika Surya Akbar Gumilang
-BuJoD0AAAAJ,S6IJ51cAAAAJ,0.0927988812327385,0.018748972564935684,False,Ratih Amelia,Unit Three Kartini
MZCJPuIAAAAJ,RvG7jG4AAAAJ,0.092770516872406,0.019631516188383102,False,Fajar Arianto,I Made Suartana
MZCJPuIAAAAJ,i0pkJZoAAAAJ,0.09275200217962265,0.050698067992925644,False,Fajar Arianto,Yuni Rosita Dewi
MeGE8WAAAAAJ,t5f89iIAAAAJ,0.0927201434969902,0.04777621477842331,False,Binti Kholifah,Andi Iwan Nurhidayat
1xVR-fgAAAAJ,JsEkeOsAAAAJ,0.09249953925609589,0.024291936308145523,False,1xVR-fgAAAAJ,Ari Kurniawan
ZBAnb64AAAAJ,nyyfjCgAAAAJ,0.09249822050333023,0.01069359015673399,False,Ardhini Warih Utami,Rifqi Abdillah
4Yhmpg0AAAAJ,S6IJ51cAAAAJ,0.09242069721221924,0.021219633519649506,False,Hujjatullah Fazlurrahman,Unit Three Kartini
N6RJilIAAAAJ,ZhJ08JkAAAAJ,0.09241713583469391,0.043659280985593796,False,Anita Qoiriah,Bachtiar Syaiful Bachri
JsEkeOsAAAAJ,NO8mJucAAAAJ,0.09232718497514725,0.03346627205610275,False,Ari Kurniawan,Wahyu Sasongko Putro
Jzuk6doAAAAJ,Mr22rjsAAAAJ,0.09228070080280304,0.006556300446391106,False,Aries Dwi Indriyanti,Hesti Khuzaimah Nurul Yusufiyah
AX-w0AEAAAAJ,Thp8jg0AAAAJ,0.09226761758327484,0.016847338527441025,False,Hasanuddin Al-Habib,Dodik Arwin Dermawan
2lw6P3IAAAAJ,cPj-iOIAAAAJ,0.09216345846652985,0.021004436537623405,False,Muhammad Febrilian Dwi Syahputra,Ricky Eka Putra
RvG7jG4AAAAJ,S6IJ51cAAAAJ,0.0921393483877182,0.048746269196271896,False,I Made Suartana,Unit Three Kartini
RNJ3vNQAAAAJ,j8HRV1wAAAAJ,0.09212817251682281,0.014372043311595917,False,Harmon Prayogi,Bambang Suprianto
MZCJPuIAAAAJ,eEtHoOAAAAAJ,0.09193114191293716,0.02959982305765152,False,Fajar Arianto,Rahadian Bisma
Hl6bqU8AAAAJ,o4zdesUAAAAJ,0.09189728647470474,0.015385116450488567,False,Rindu Puspita Wibawa,Rakha Asyrofi
JsEkeOsAAAAJ,ZhJ08JkAAAAJ,0.09187088161706924,0.0572335422039032,False,Ari Kurniawan,Bachtiar Syaiful Bachri
6f4j4TYAAAAJ,RNJ3vNQAAAAJ,0.09185855090618134,0.01194227859377861,False,Mahendra Widyartono,Harmon Prayogi
5nAJx9wAAAAJ,6f4j4TYAAAAJ,0.09178201854228973,0.018890438601374626,False,Muhammad Fachmi,Mahendra Widyartono
OffRzhoAAAAJ,_n2j0ZAAAAAJ,0.09170958399772644,0.03821709752082825,False,Dwi Fatrianto Suyatno,I Gusti Lanang Putra Eka Prismana
NO8mJucAAAAJ,jPKU5cAAAAAJ,0.09162888675928116,0.03645993396639824,False,Wahyu Sasongko Putro,Anggraeni Widya Purwita
6ifThF0AAAAJ,S6IJ51cAAAAJ,0.09154372662305832,0.016017956659197807,False,Ika Diyah Candra Arifah,Unit Three Kartini
DrE0Lf8AAAAJ,jPKU5cAAAAAJ,0.09154364466667175,0.035783667117357254,False,Fresha Kharisma,Anggraeni Widya Purwita
NO8mJucAAAAJ,Thp8jg0AAAAJ,0.09153936058282852,0.02554929256439209,False,Wahyu Sasongko Putro,Dodik Arwin Dermawan
itwnm-AAAAAJ,wlGfsB0AAAAJ,0.09153327345848083,0.025338275358080864,False,Achmad Fitro,Salamun Rohman Nudin
nbtuM4IAAAAJ,psg8hdoAAAAJ,0.09136082977056503,0.01417641993612051,True,Parama Diptya Widayaka,Bonda Sisephaputra
Jzuk6doAAAAJ,i0pkJZoAAAAJ,0.09127993136644363,0.02148386463522911,False,Aries Dwi Indriyanti,Yuni Rosita Dewi
DrE0Lf8AAAAJ,nyyfjCgAAAAJ,0.09114714711904526,0.013697204180061817,False,Fresha Kharisma,Rifqi Abdillah
-BuJoD0AAAAJ,IJIEntMAAAAJ,0.09107258915901184,0.047515373677015305,False,Ratih Amelia,Yeni Anistyasari
4d_6xxEAAAAJ,hrVTt4kAAAAJ,0.09100212156772614,0.026559680700302124,False,Ghea Sekar Palupi,Monica Cinthya
_VFGVQQAAAAJ,b81qaDkAAAAJ,0.09085068106651306,0.017185531556606293,False,Berlian Maulidya Izzati,Anita Safitri
hjllQ9gAAAAJ,itwnm-AAAAAJ,0.0907256156206131,0.01868547685444355,False,Nur Kholis,Achmad Fitro
DsVi_OAAAAAJ,_VFGVQQAAAAJ,0.09070882201194763,0.01968308724462986,False,Nadia Nur Thahirrah,Berlian Maulidya Izzati
7EQjv9wAAAAJ,Tp_X_bYAAAAJ,0.09070449322462082,0.011598138138651848,False,Asmunin,Farid Baskoro
6f4j4TYAAAAJ,CxdwNaYAAAAJ,0.09055845439434052,0.06312333047389984,False,Mahendra Widyartono,Wiyli Yustanti
cPj-iOIAAAAJ,jPKU5cAAAAAJ,0.09051153063774109,0.01899699866771698,False,Ricky Eka Putra,Anggraeni Widya Purwita
Jzuk6doAAAAJ,LsydBAMAAAAJ,0.09048368781805038,0.021588101983070374,False,Aries Dwi Indriyanti,Puput Wanarti Rusimamto
34CwHgkAAAAJ,MnI3Tm0AAAAJ,0.0904579907655716,0.00428279023617506,False,Riza Akhsani Setyo Prayoga,Sayyidul Aulia Alamsyah
MZCJPuIAAAAJ,Tz8EfXcAAAAJ,0.09041400253772736,0.014542846940457821,False,Fajar Arianto,Yuliani Puji Astuti
-BuJoD0AAAAJ,ZhJ08JkAAAAJ,0.09035627543926239,0.08717744052410126,False,Ratih Amelia,Bachtiar Syaiful Bachri
cY1QGVEAAAAJ,p1pK7E4AAAAJ,0.09005766361951828,0.020588062703609467,False,Muhammad Sonhaji Akbar,Subuh Isnur Haryudo
6f4j4TYAAAAJ,MZCJPuIAAAAJ,0.0899466872215271,0.03892209380865097,False,Mahendra Widyartono,Fajar Arianto
34CwHgkAAAAJ,Tz8EfXcAAAAJ,0.08994608372449875,0.016191374510526657,False,Riza Akhsani Setyo Prayoga,Yuliani Puji Astuti
Hl6bqU8AAAAJ,Smb2eg8AAAAJ,0.0898449495434761,0.05648321285843849,True,Rindu Puspita Wibawa,Nanang Hoesen. H. A.
FZ00CQ8AAAAJ,p1pK7E4AAAAJ,0.08983737975358963,0.012227041646838188,False,Rizky Basatha,Subuh Isnur Haryudo
-BuJoD0AAAAJ,8wFXNjYAAAAJ,0.0898347869515419,0.03364141657948494,False,Ratih Amelia,Naim Rochmawati
Em3aIV0AAAAJ,TB0QfMoAAAAJ,0.08966568857431412,0.014635029248893261,False,Ramadhan Cakra Wibawa,Miftahur Rohman
p1pK7E4AAAAJ,zDgqPOsAAAAJ,0.08953021466732025,0.03172534331679344,False,Subuh Isnur Haryudo,Mustaji
S6IJ51cAAAAJ,qtFw9UMAAAAJ,0.08952897042036057,0.012782689183950424,False,Unit Three Kartini,Bambang Sujatmiko
A9L19RMAAAAJ,Jzuk6doAAAAJ,0.08951711654663086,0.013044300489127636,False,Pradini Puspitaningayu,Aries Dwi Indriyanti
-tpBKawAAAAJ,itwnm-AAAAAJ,0.08949259668588638,0.019443662837147713,False,Dimas Novian Aditia Syahputra,Achmad Fitro
34CwHgkAAAAJ,IJIEntMAAAAJ,0.08948800712823868,0.02693161554634571,False,Riza Akhsani Setyo Prayoga,Yeni Anistyasari
1hm7MM8AAAAJ,eEtHoOAAAAAJ,0.08945368975400925,0.028538482263684273,False,Reza Rahmadian,Rahadian Bisma
_n2j0ZAAAAAJ,zDgqPOsAAAAJ,0.0894465297460556,0.04864155501127243,False,I Gusti Lanang Putra Eka Prismana,Mustaji
-BuJoD0AAAAJ,6RBIukkAAAAJ,0.08940684050321579,0.06090918183326721,False,Ratih Amelia,Yatim Riyanto
FZ00CQ8AAAAJ,itwnm-AAAAAJ,0.08926431089639664,0.01976003684103489,False,Rizky Basatha,Achmad Fitro
AaC4eAwAAAAJ,CxdwNaYAAAAJ,0.08920487016439438,0.03296647220849991,False,Fadhilah Qalbi Annisa,Wiyli Yustanti
RvG7jG4AAAAJ,pb3-UjwAAAAJ,0.08911114931106567,0.02654082141816616,False,I Made Suartana,Moch Deny Pratama
2lw6P3IAAAAJ,Jzuk6doAAAAJ,0.0890234038233757,0.01314765214920044,False,Muhammad Febrilian Dwi Syahputra,Aries Dwi Indriyanti
LsydBAMAAAAJ,psg8hdoAAAAJ,0.08899035304784775,0.020863229408860207,False,Puput Wanarti Rusimamto,Bonda Sisephaputra
eEtHoOAAAAAJ,y_OiarcAAAAJ,0.08893429487943649,0.013734650798141956,False,Rahadian Bisma,Yandhika Surya Akbar Gumilang
TB0QfMoAAAAJ,b81qaDkAAAAJ,0.08883034437894821,0.023144105449318886,False,Miftahur Rohman,Anita Safitri
NO8mJucAAAAJ,UL2-upoAAAAJ,0.08880019187927246,0.03064458817243576,False,Wahyu Sasongko Putro,Dana Azizah Rahmat
FZ00CQ8AAAAJ,Tp_X_bYAAAAJ,0.08869396895170212,0.01142952125519514,False,Rizky Basatha,Farid Baskoro
S6IJ51cAAAAJ,cY1QGVEAAAAJ,0.08855877816677094,0.023243503645062447,False,Unit Three Kartini,Muhammad Sonhaji Akbar
OffRzhoAAAAJ,yXy6kW0AAAAJ,0.08853735774755478,0.045662008225917816,False,Dwi Fatrianto Suyatno,Harun Al Rosyid
sHANI1gAAAAJ,zDgqPOsAAAAJ,0.08850964903831482,0.016428867354989052,False,Rifqi Firmansyah,Mustaji
LsydBAMAAAAJ,p4gdgRgAAAAJ,0.08848123252391815,0.01797100156545639,False,Puput Wanarti Rusimamto,Rusijono
Thp8jg0AAAAJ,o4zdesUAAAAJ,0.08844910562038422,0.014412714168429375,False,Dodik Arwin Dermawan,Rakha Asyrofi
DrE0Lf8AAAAJ,wwhACXoAAAAJ,0.08836300671100616,0.027772683650255203,False,Fresha Kharisma,M Adamu Islam Mashuri
CxdwNaYAAAAJ,LeRoniwAAAAJ,0.08819452673196793,0.013120343908667564,False,Wiyli Yustanti,Farhanna Mari
bTjH6IgAAAAJ,j8HRV1wAAAAJ,0.08816155791282654,0.02788567543029785,False,Achmad Kautsar,Bambang Suprianto
psg8hdoAAAAJ,wlGfsB0AAAAJ,0.08802153170108795,0.03376241773366928,False,Bonda Sisephaputra,Salamun Rohman Nudin
lmlBHlsAAAAJ,pb3-UjwAAAAJ,0.08796000480651855,0.050911396741867065,False,Widi Aribowo,Moch Deny Pratama
i0pkJZoAAAAJ,psg8hdoAAAAJ,0.08786444365978241,0.036916740238666534,False,Yuni Rosita Dewi,Bonda Sisephaputra
TAAC1-AAAAAJ,p1pK7E4AAAAJ,0.08766607195138931,0.023330893367528915,False,I Gde Agung Sri Sidhimantra,Subuh Isnur Haryudo
i0pkJZoAAAAJ,zDgqPOsAAAAJ,0.08762435615062714,0.05410805344581604,False,Yuni Rosita Dewi,Mustaji
Jzuk6doAAAAJ,p1pK7E4AAAAJ,0.08754005283117294,0.020444035530090332,True,Aries Dwi Indriyanti,Subuh Isnur Haryudo
p4gdgRgAAAAJ,sHANI1gAAAAJ,0.08736966550350189,0.007876714691519737,False,Rusijono,Rifqi Firmansyah
JsEkeOsAAAAJ,RvG7jG4AAAAJ,0.08725154399871826,0.027286212891340256,False,Ari Kurniawan,I Made Suartana
6RBIukkAAAAJ,N6RJilIAAAAJ,0.08723711222410202,0.02977127954363823,False,Yatim Riyanto,Anita Qoiriah
i0pkJZoAAAAJ,o4zdesUAAAAJ,0.08722663670778275,0.016874348744750023,False,Yuni Rosita Dewi,Rakha Asyrofi
LsydBAMAAAAJ,N6RJilIAAAAJ,0.08721952140331268,0.051004558801651,False,Puput Wanarti Rusimamto,Anita Qoiriah
8wFXNjYAAAAJ,OffRzhoAAAAJ,0.08720844984054565,0.025422880426049232,False,Naim Rochmawati,Dwi Fatrianto Suyatno
ZjPpHWsAAAAJ,sHANI1gAAAAJ,0.08720041811466217,0.007709315046668053,False,Erik Rahman,Rifqi Firmansyah
-BuJoD0AAAAJ,aW1lSOYAAAAJ,0.08718986809253693,0.032875046133995056,False,Ratih Amelia,Aditya Chandra Hermawan
Smb2eg8AAAAJ,cPj-iOIAAAAJ,0.08714282512664795,0.02644762024283409,False,Nanang Hoesen. H. A.,Ricky Eka Putra
5uDKOUMAAAAJ,z7RWDi0AAAAJ,0.08706392347812653,0.019848579540848732,False,Heri Purnawan,Tri Rijanto
2lw6P3IAAAAJ,eEtHoOAAAAAJ,0.08694710582494736,0.03820882737636566,False,Muhammad Febrilian Dwi Syahputra,Rahadian Bisma
MZCJPuIAAAAJ,y_OiarcAAAAJ,0.08673860132694244,0.007919960655272007,False,Fajar Arianto,Yandhika Surya Akbar Gumilang
Tz8EfXcAAAAJ,ZhJ08JkAAAAJ,0.08660207688808441,0.01922466605901718,False,Yuliani Puji Astuti,Bachtiar Syaiful Bachri
Hl6bqU8AAAAJ,yObeL8gAAAAJ,0.08659902215003967,0.02104422077536583,True,Rindu Puspita Wibawa,I Gusti Putu Asto Buditjahjanto
4Yhmpg0AAAAJ,6RBIukkAAAAJ,0.08647489547729492,0.03876286745071411,False,Hujjatullah Fazlurrahman,Yatim Riyanto
RNJ3vNQAAAAJ,fkxhjZ4AAAAJ,0.08647266775369644,0.006362656597048044,False,Harmon Prayogi,Ronggo Alit
DiBTIz4AAAAJ,R9rGmc4AAAAJ,0.08643808215856552,0.009977281093597412,False,Riskyana Dewi Intan P,Kartika Chandra Dewi
b4_EdJYAAAAJ,q-sbahIAAAAJ,0.08642493933439255,0.00838406104594469,False,Moh. Khoridatul Huda,Ulfa Siti Nuraini
MZCJPuIAAAAJ,W7ncZRgAAAAJ,0.08635100722312927,0.07514157146215439,False,Fajar Arianto,Hafid Kholidi Hadi
MnI3Tm0AAAAJ,Thp8jg0AAAAJ,0.08631229400634766,0.011206626892089844,True,Sayyidul Aulia Alamsyah,Dodik Arwin Dermawan
MZCJPuIAAAAJ,VwvPnrcAAAAJ,0.08625670522451401,0.022706924006342888,False,Fajar Arianto,Nisa Dwi Septiyanti
5uDKOUMAAAAJ,lFCI_vsAAAAJ,0.08615425229072571,0.01262630708515644,False,Heri Purnawan,Atik Wintarti
cPj-iOIAAAAJ,i0pkJZoAAAAJ,0.08612353354692459,0.036597613245248795,False,Ricky Eka Putra,Yuni Rosita Dewi
nyyfjCgAAAAJ,wlGfsB0AAAAJ,0.08589863777160645,0.00902094878256321,False,Rifqi Abdillah,Salamun Rohman Nudin
ZBAnb64AAAAJ,pb3-UjwAAAAJ,0.08576257526874542,0.009018533863127232,False,Ardhini Warih Utami,Moch Deny Pratama
-_VNTSIAAAAJ,IJIEntMAAAAJ,0.08575349301099777,0.04435938224196434,False,Agus Prihanto,Yeni Anistyasari
4d_6xxEAAAAJ,Tp_X_bYAAAAJ,0.08563164621591568,0.013457050547003746,False,Ghea Sekar Palupi,Farid Baskoro
ZBAnb64AAAAJ,hrVTt4kAAAAJ,0.08562707155942917,0.032077889889478683,False,Ardhini Warih Utami,Monica Cinthya
dfwr-2YAAAAJ,y_OiarcAAAAJ,0.08540644496679306,0.011042679660022259,False,Muhammad Fajar Wahyudi Rahman,Yandhika Surya Akbar Gumilang
N6RJilIAAAAJ,z7RWDi0AAAAJ,0.08527743071317673,0.043389733880758286,False,Anita Qoiriah,Tri Rijanto
-_VNTSIAAAAJ,qtFw9UMAAAAJ,0.08525342494249344,0.03907836228609085,False,Agus Prihanto,Bambang Sujatmiko
jJBtZPgAAAAJ,y_OiarcAAAAJ,0.08523496240377426,0.012498176656663418,False,Siska Puspitaningsih,Yandhika Surya Akbar Gumilang
WdhKN0sAAAAJ,o4zdesUAAAAJ,0.08508740365505219,0.03664742410182953,False,Aditya Prapanca,Rakha Asyrofi
34CwHgkAAAAJ,lFCI_vsAAAAJ,0.0850575789809227,0.023012932389974594,False,Riza Akhsani Setyo Prayoga,Atik Wintarti
Em3aIV0AAAAJ,LsydBAMAAAAJ,0.0850461944937706,0.018154922872781754,False,Ramadhan Cakra Wibawa,Puput Wanarti Rusimamto
LeRoniwAAAAJ,i0pkJZoAAAAJ,0.08502042293548584,0.018337450921535492,False,Farhanna Mari,Yuni Rosita Dewi
NO8mJucAAAAJ,n7ykK-IAAAAJ,0.08497527241706848,0.03714267164468765,False,Wahyu Sasongko Putro,Dhiyan Septa Wihara
hn5jrnAAAAAJ,q24bD6AAAAAJ,0.08487454801797867,0.03485509008169174,False,Yuni Yamasari,Martini Dwi Endah Susanti
fkxhjZ4AAAAJ,n7IAKI0AAAAJ,0.08471120148897171,0.00648124236613512,False,Ronggo Alit,Joko
XdEn69YAAAAJ,p1pK7E4AAAAJ,0.08469782024621964,0.02284528873860836,False,Cendra Devayana Putra,Subuh Isnur Haryudo
34CwHgkAAAAJ,A9L19RMAAAAJ,0.08469578623771667,0.0045881508849561214,False,Riza Akhsani Setyo Prayoga,Pradini Puspitaningayu
Jzuk6doAAAAJ,Tp_X_bYAAAAJ,0.08443933725357056,0.02067217044532299,False,Aries Dwi Indriyanti,Farid Baskoro
Em3aIV0AAAAJ,lmlBHlsAAAAJ,0.08439450711011887,0.019998643547296524,False,Ramadhan Cakra Wibawa,Widi Aribowo
hjllQ9gAAAAJ,p4gdgRgAAAAJ,0.08416648209095001,0.016450420022010803,False,Nur Kholis,Rusijono
6ifThF0AAAAJ,hn5jrnAAAAAJ,0.08393948525190353,0.03537233918905258,False,Ika Diyah Candra Arifah,Yuni Yamasari
4VXQFKYAAAAJ,Iq3gzh4AAAAJ,0.08382683247327805,0.08604434877634048,False,Renny Sari Dewi,Andi Mariono
CxdwNaYAAAAJ,y_OiarcAAAAJ,0.08382153511047363,0.01918698661029339,False,Wiyli Yustanti,Yandhika Surya Akbar Gumilang
itwnm-AAAAAJ,nyyfjCgAAAAJ,0.08370391279459,0.010892827995121479,False,Achmad Fitro,Rifqi Abdillah
LsydBAMAAAAJ,b81qaDkAAAAJ,0.08354556560516357,0.029720939695835114,False,Puput Wanarti Rusimamto,Anita Safitri
-gGGkMcAAAAJ,b4_EdJYAAAAJ,0.08350023627281189,0.024274177849292755,False,Faris Abdi El Hakim,Moh. Khoridatul Huda
XdEn69YAAAAJ,nVac1BcAAAAJ,0.08349992334842682,0.0016606623539701104,False,Cendra Devayana Putra,Rosita
Jzuk6doAAAAJ,sHANI1gAAAAJ,0.08346856385469437,0.01175679825246334,False,Aries Dwi Indriyanti,Rifqi Firmansyah
OwdLKtQAAAAJ,zDgqPOsAAAAJ,0.08345559239387512,0.04560337960720062,False,Fitria,Mustaji
2lw6P3IAAAAJ,nyyfjCgAAAAJ,0.08344635367393494,0.004843995440751314,False,Muhammad Febrilian Dwi Syahputra,Rifqi Abdillah
EBgY5K0AAAAJ,y_OiarcAAAAJ,0.08340439200401306,0.008296359330415726,False,Moch. Badrus Oleh,Yandhika Surya Akbar Gumilang
7EQjv9wAAAAJ,aW1lSOYAAAAJ,0.08337489515542984,0.017001613974571228,False,Asmunin,Aditya Chandra Hermawan
Em3aIV0AAAAJ,MeGE8WAAAAAJ,0.08336924761533737,0.016128946095705032,False,Ramadhan Cakra Wibawa,Binti Kholifah
aW1lSOYAAAAJ,pb3-UjwAAAAJ,0.08333267271518707,0.04572688415646553,False,Aditya Chandra Hermawan,Moch Deny Pratama
4VXQFKYAAAAJ,7EQjv9wAAAAJ,0.08329133689403534,0.03458617255091667,False,Renny Sari Dewi,Asmunin
CxdwNaYAAAAJ,L6O1lvkAAAAJ,0.08326110243797302,0.028677932918071747,False,Wiyli Yustanti,Tri Wrahatnolo
Em3aIV0AAAAJ,i0pkJZoAAAAJ,0.08321698009967804,0.03339366242289543,False,Ramadhan Cakra Wibawa,Yuni Rosita Dewi
-BuJoD0AAAAJ,RvG7jG4AAAAJ,0.08320820331573486,0.022984933108091354,False,Ratih Amelia,I Made Suartana
b4_EdJYAAAAJ,zDgqPOsAAAAJ,0.08318278193473816,0.026274649426341057,False,Moh. Khoridatul Huda,Mustaji
L6O1lvkAAAAJ,MnI3Tm0AAAAJ,0.08312259614467621,0.05580729991197586,False,Tri Wrahatnolo,Sayyidul Aulia Alamsyah
W7ncZRgAAAAJ,nyyfjCgAAAAJ,0.0831122025847435,0.013684606179594994,False,Hafid Kholidi Hadi,Rifqi Abdillah
4d_6xxEAAAAJ,S6IJ51cAAAAJ,0.08300738781690598,0.013081658631563187,False,Ghea Sekar Palupi,Unit Three Kartini
XdEn69YAAAAJ,wEGsLv4AAAAJ,0.08293720334768295,0.005582359153777361,False,Cendra Devayana Putra,Ike Fitriyaningsih
AjvtBWIAAAAJ,j8HRV1wAAAAJ,0.08293573558330536,0.020596036687493324,False,Siti Masitoh,Bambang Suprianto
6f4j4TYAAAAJ,fkxhjZ4AAAAJ,0.08287586271762848,0.04077775776386261,False,Mahendra Widyartono,Ronggo Alit
5nAJx9wAAAAJ,lmlBHlsAAAAJ,0.08283764868974686,0.019276980310678482,False,Muhammad Fachmi,Widi Aribowo
VNrCn4gAAAAJ,wlGfsB0AAAAJ,0.0828273668885231,0.003683642949908972,False,Ersha Aisyah Elfaiz,Salamun Rohman Nudin
hn5jrnAAAAAJ,y_OiarcAAAAJ,0.08281348645687103,0.03108273632824421,False,Yuni Yamasari,Yandhika Surya Akbar Gumilang
b4_EdJYAAAAJ,wlGfsB0AAAAJ,0.08272053301334381,0.016641316935420036,False,Moh. Khoridatul Huda,Salamun Rohman Nudin
AjvtBWIAAAAJ,TB0QfMoAAAAJ,0.08257852494716644,0.014532200992107391,False,Siti Masitoh,Miftahur Rohman
DrE0Lf8AAAAJ,MZCJPuIAAAAJ,0.08247822523117065,0.068401999771595,False,Fresha Kharisma,Fajar Arianto
AjvtBWIAAAAJ,Em3aIV0AAAAJ,0.08242106437683105,0.028193360194563866,False,Siti Masitoh,Ramadhan Cakra Wibawa
Hl6bqU8AAAAJ,sHANI1gAAAAJ,0.08241838961839676,0.00904021691530943,False,Rindu Puspita Wibawa,Rifqi Firmansyah
-_VNTSIAAAAJ,MZCJPuIAAAAJ,0.08237472176551819,0.03960577771067619,False,Agus Prihanto,Fajar Arianto
8wFXNjYAAAAJ,YADiqesAAAAJ,0.0823034718632698,0.032535381615161896,False,Naim Rochmawati,Ekohariadi
6ifThF0AAAAJ,7EQjv9wAAAAJ,0.08226049691438675,0.031403616070747375,False,Ika Diyah Candra Arifah,Asmunin
-BuJoD0AAAAJ,ZjPpHWsAAAAJ,0.08203519880771637,0.022929085418581963,False,Ratih Amelia,Erik Rahman
Smb2eg8AAAAJ,ZRCJXO0AAAAJ,0.08201227337121964,0.012334685772657394,False,Nanang Hoesen. H. A.,Riska Dhenabayu
RvG7jG4AAAAJ,nbtuM4IAAAAJ,0.08196203410625458,0.03672320395708084,False,I Made Suartana,Parama Diptya Widayaka
RNJ3vNQAAAAJ,b81qaDkAAAAJ,0.08181777596473694,0.011084362864494324,False,Harmon Prayogi,Anita Safitri
AjvtBWIAAAAJ,Tz8EfXcAAAAJ,0.08181321620941162,0.01773921027779579,False,Siti Masitoh,Yuliani Puji Astuti
AjvtBWIAAAAJ,bTjH6IgAAAAJ,0.08175986260175705,0.07917007803916931,False,Siti Masitoh,Achmad Kautsar
FZ00CQ8AAAAJ,aW1lSOYAAAAJ,0.08175405859947205,0.01898646168410778,False,Rizky Basatha,Aditya Chandra Hermawan
itwnm-AAAAAJ,j8HRV1wAAAAJ,0.08164247870445251,0.020458046346902847,False,Achmad Fitro,Bambang Suprianto
-BuJoD0AAAAJ,ZBAnb64AAAAJ,0.0814487487077713,0.03646284341812134,False,Ratih Amelia,Ardhini Warih Utami
Em3aIV0AAAAJ,b81qaDkAAAAJ,0.08142182230949402,0.039403390139341354,False,Ramadhan Cakra Wibawa,Anita Safitri
W7ncZRgAAAAJ,ZhJ08JkAAAAJ,0.08122795075178146,0.06851629912853241,False,Hafid Kholidi Hadi,Bachtiar Syaiful Bachri
WdhKN0sAAAAJ,bTjH6IgAAAAJ,0.08121968060731888,0.06448981165885925,False,Aditya Prapanca,Achmad Kautsar
8wFXNjYAAAAJ,y_OiarcAAAAJ,0.08100446313619614,0.02319265343248844,False,Naim Rochmawati,Yandhika Surya Akbar Gumilang
DrE0Lf8AAAAJ,S6IJ51cAAAAJ,0.08100330829620361,0.01994985342025757,False,Fresha Kharisma,Unit Three Kartini
1hm7MM8AAAAJ,4d_6xxEAAAAJ,0.080904521048069,0.020857568830251694,False,Reza Rahmadian,Ghea Sekar Palupi
Iq3gzh4AAAAJ,L6O1lvkAAAAJ,0.08074033260345459,0.020886994898319244,False,Andi Mariono,Tri Wrahatnolo
7EQjv9wAAAAJ,ne31is4AAAAJ,0.08068475127220154,0.031873807311058044,False,Asmunin,Danang Ary Dewangga
RvG7jG4AAAAJ,b4_EdJYAAAAJ,0.08057364076375961,0.014009963721036911,False,I Made Suartana,Moh. Khoridatul Huda
TAAC1-AAAAAJ,b4_EdJYAAAAJ,0.08044234663248062,0.010044156573712826,False,I Gde Agung Sri Sidhimantra,Moh. Khoridatul Huda
JsEkeOsAAAAJ,lmlBHlsAAAAJ,0.08040400594472885,0.01411739457398653,False,Ari Kurniawan,Widi Aribowo
Tz8EfXcAAAAJ,zDgqPOsAAAAJ,0.0803266391158104,0.023493565618991852,False,Yuliani Puji Astuti,Mustaji
TAAC1-AAAAAJ,TB0QfMoAAAAJ,0.08024085313081741,0.015214911662042141,False,I Gde Agung Sri Sidhimantra,Miftahur Rohman
Em3aIV0AAAAJ,RES4QIQAAAAJ,0.08020319789648056,0.012398207560181618,False,Ramadhan Cakra Wibawa,Arif Widodo
FZ00CQ8AAAAJ,MnI3Tm0AAAAJ,0.08017666637897491,0.004087468143552542,False,Rizky Basatha,Sayyidul Aulia Alamsyah
RNJ3vNQAAAAJ,p1pK7E4AAAAJ,0.08016550540924072,0.013363899663090706,False,Harmon Prayogi,Subuh Isnur Haryudo
XdEn69YAAAAJ,aW1lSOYAAAAJ,0.08012592047452927,0.028626227751374245,False,Cendra Devayana Putra,Aditya Chandra Hermawan
LeRoniwAAAAJ,_n2j0ZAAAAAJ,0.08011787384748459,0.016989044845104218,False,Farhanna Mari,I Gusti Lanang Putra Eka Prismana
4Yhmpg0AAAAJ,hn5jrnAAAAAJ,0.08003143221139908,0.041075073182582855,False,Hujjatullah Fazlurrahman,Yuni Yamasari
ZjPpHWsAAAAJ,zDgqPOsAAAAJ,0.07996547967195511,0.04529619589447975,False,Erik Rahman,Mustaji
OwdLKtQAAAAJ,XdEn69YAAAAJ,0.07991895079612732,0.012049302458763123,False,Fitria,Cendra Devayana Putra
hrVTt4kAAAAJ,nWPONc8AAAAJ,0.07989233732223511,0.012738402932882309,False,Monica Cinthya,Lusia Rakhmawati
b4_EdJYAAAAJ,q24bD6AAAAAJ,0.07982903718948364,0.02311011031270027,False,Moh. Khoridatul Huda,Martini Dwi Endah Susanti
7EQjv9wAAAAJ,p1pK7E4AAAAJ,0.07979544997215271,0.011912793852388859,False,Asmunin,Subuh Isnur Haryudo
1hm7MM8AAAAJ,RvG7jG4AAAAJ,0.07970672845840454,0.04965662956237793,False,Reza Rahmadian,I Made Suartana
A9L19RMAAAAJ,Hl6bqU8AAAAJ,0.07969691604375839,0.009555567987263203,False,Pradini Puspitaningayu,Rindu Puspita Wibawa
MnI3Tm0AAAAJ,YADiqesAAAAJ,0.07956523448228836,0.028808461502194405,False,Sayyidul Aulia Alamsyah,Ekohariadi
6RBIukkAAAAJ,itwnm-AAAAAJ,0.07953228801488876,0.0248390045017004,False,Yatim Riyanto,Achmad Fitro
JsEkeOsAAAAJ,itwnm-AAAAAJ,0.07949981093406677,0.03245902433991432,False,Ari Kurniawan,Achmad Fitro
Smb2eg8AAAAJ,qtFw9UMAAAAJ,0.07948306947946548,0.026813529431819916,False,Nanang Hoesen. H. A.,Bambang Sujatmiko
RvG7jG4AAAAJ,Tp_X_bYAAAAJ,0.07931753993034363,0.04464375972747803,False,I Made Suartana,Farid Baskoro
Jzuk6doAAAAJ,q-sbahIAAAAJ,0.0792216807603836,0.005167550873011351,False,Aries Dwi Indriyanti,Ulfa Siti Nuraini
4d_6xxEAAAAJ,6RBIukkAAAAJ,0.07917550951242447,0.035019829869270325,False,Ghea Sekar Palupi,Yatim Riyanto
WdhKN0sAAAAJ,_n2j0ZAAAAAJ,0.07917238771915436,0.03303276002407074,False,Aditya Prapanca,I Gusti Lanang Putra Eka Prismana
A9L19RMAAAAJ,cY1QGVEAAAAJ,0.07912162691354752,0.009733914397656918,False,Pradini Puspitaningayu,Muhammad Sonhaji Akbar
MeGE8WAAAAAJ,ne31is4AAAAJ,0.07909450680017471,0.06437555700540543,False,Binti Kholifah,Danang Ary Dewangga
eEtHoOAAAAAJ,nbtuM4IAAAAJ,0.07906705141067505,0.011890414170920849,False,Rahadian Bisma,Parama Diptya Widayaka
jJBtZPgAAAAJ,o4zdesUAAAAJ,0.07896969467401505,0.009146042168140411,False,Siska Puspitaningsih,Rakha Asyrofi
MnI3Tm0AAAAJ,cY1QGVEAAAAJ,0.07892701029777527,0.008704306557774544,False,Sayyidul Aulia Alamsyah,Muhammad Sonhaji Akbar
EBgY5K0AAAAJ,MnI3Tm0AAAAJ,0.07884353399276733,0.0029542630072683096,False,Moch. Badrus Oleh,Sayyidul Aulia Alamsyah
W7ncZRgAAAAJ,ZjPpHWsAAAAJ,0.07873986661434174,0.020266752690076828,False,Hafid Kholidi Hadi,Erik Rahman
_n2j0ZAAAAAJ,nbtuM4IAAAAJ,0.0786697268486023,0.007871528156101704,False,I Gusti Lanang Putra Eka Prismana,Parama Diptya Widayaka
RvG7jG4AAAAJ,TAAC1-AAAAAJ,0.07860597223043442,0.027605202049016953,False,I Made Suartana,I Gde Agung Sri Sidhimantra
MeGE8WAAAAAJ,y_OiarcAAAAJ,0.07860294729471207,0.010522200725972652,False,Binti Kholifah,Yandhika Surya Akbar Gumilang
-BuJoD0AAAAJ,nWPONc8AAAAJ,0.07858414947986603,0.021405955776572227,False,Ratih Amelia,Lusia Rakhmawati
eEtHoOAAAAAJ,p1pK7E4AAAAJ,0.0785670205950737,0.016857625916600227,False,Rahadian Bisma,Subuh Isnur Haryudo
4d_6xxEAAAAJ,LsydBAMAAAAJ,0.0783829316496849,0.01600017584860325,False,Ghea Sekar Palupi,Puput Wanarti Rusimamto
bTjH6IgAAAAJ,nbtuM4IAAAAJ,0.07834430783987045,0.016288435086607933,False,Achmad Kautsar,Parama Diptya Widayaka
b4_EdJYAAAAJ,pb3-UjwAAAAJ,0.07830129563808441,0.005574759095907211,False,Moh. Khoridatul Huda,Moch Deny Pratama
JsEkeOsAAAAJ,pb3-UjwAAAAJ,0.07829222828149796,0.0068386816419661045,False,Ari Kurniawan,Moch Deny Pratama
AX-w0AEAAAAJ,fkxhjZ4AAAAJ,0.0782415047287941,0.01876317523419857,False,Hasanuddin Al-Habib,Ronggo Alit
TAAC1-AAAAAJ,sHANI1gAAAAJ,0.07822051644325256,0.007967578247189522,False,I Gde Agung Sri Sidhimantra,Rifqi Firmansyah
UL2-upoAAAAJ,qtFw9UMAAAAJ,0.07819066196680069,0.037272851914167404,False,Dana Azizah Rahmat,Bambang Sujatmiko
nVac1BcAAAAJ,wlGfsB0AAAAJ,0.07818970084190369,0.0026088086888194084,False,Rosita,Salamun Rohman Nudin
b4_EdJYAAAAJ,b81qaDkAAAAJ,0.07803250849246979,0.014652115292847157,False,Moh. Khoridatul Huda,Anita Safitri
4VXQFKYAAAAJ,o4zdesUAAAAJ,0.07802346348762512,0.014771130867302418,False,Renny Sari Dewi,Rakha Asyrofi
AjvtBWIAAAAJ,YADiqesAAAAJ,0.07798375934362411,0.032390378415584564,False,Siti Masitoh,Ekohariadi
Tz8EfXcAAAAJ,p4gdgRgAAAAJ,0.07794421911239624,0.020670687779784203,False,Yuliani Puji Astuti,Rusijono
A9L19RMAAAAJ,YADiqesAAAAJ,0.07789257913827896,0.02941461279988289,False,Pradini Puspitaningayu,Ekohariadi
CxdwNaYAAAAJ,n7IAKI0AAAAJ,0.07787138968706131,0.014429303817451,False,Wiyli Yustanti,Joko
Iq3gzh4AAAAJ,hrVTt4kAAAAJ,0.07780008018016815,0.021548496559262276,False,Andi Mariono,Monica Cinthya
1hm7MM8AAAAJ,t5f89iIAAAAJ,0.07779654115438461,0.019649328663945198,False,Reza Rahmadian,Andi Iwan Nurhidayat
Mr22rjsAAAAJ,R9rGmc4AAAAJ,0.07770539075136185,0.012178849428892136,False,Hesti Khuzaimah Nurul Yusufiyah,Kartika Chandra Dewi
_ecYpyYAAAAJ,cY1QGVEAAAAJ,0.07764840126037598,0.008605731651186943,False,Dinda Galuh Guminta,Muhammad Sonhaji Akbar
YADiqesAAAAJ,lFCI_vsAAAAJ,0.07755880057811737,0.028065012767910957,False,Ekohariadi,Atik Wintarti
5nAJx9wAAAAJ,WdhKN0sAAAAJ,0.07755404710769653,0.0341181680560112,False,Muhammad Fachmi,Aditya Prapanca
Tp_X_bYAAAAJ,zDgqPOsAAAAJ,0.07748881727457047,0.02858610823750496,False,Farid Baskoro,Mustaji
Smb2eg8AAAAJ,t5f89iIAAAAJ,0.0774540901184082,0.021859675645828247,False,Nanang Hoesen. H. A.,Andi Iwan Nurhidayat
MZCJPuIAAAAJ,jJBtZPgAAAAJ,0.07743625342845917,0.015873122960329056,False,Fajar Arianto,Siska Puspitaningsih
TAAC1-AAAAAJ,psg8hdoAAAAJ,0.07741230726242065,0.029070734977722168,False,I Gde Agung Sri Sidhimantra,Bonda Sisephaputra
psg8hdoAAAAJ,y_OiarcAAAAJ,0.07732021063566208,0.006504152901470661,False,Bonda Sisephaputra,Yandhika Surya Akbar Gumilang
7EQjv9wAAAAJ,ZhJ08JkAAAAJ,0.07727548480033875,0.042131517082452774,False,Asmunin,Bachtiar Syaiful Bachri
WdhKN0sAAAAJ,p4gdgRgAAAAJ,0.07703126966953278,0.029053982347249985,False,Aditya Prapanca,Rusijono
LeRoniwAAAAJ,o4zdesUAAAAJ,0.07694438844919205,0.009361016564071178,False,Farhanna Mari,Rakha Asyrofi
A9L19RMAAAAJ,hn5jrnAAAAAJ,0.07667451351881027,0.03605305403470993,False,Pradini Puspitaningayu,Yuni Yamasari
6RBIukkAAAAJ,7EQjv9wAAAAJ,0.07663479447364807,0.03122558444738388,False,Yatim Riyanto,Asmunin
4VXQFKYAAAAJ,cPj-iOIAAAAJ,0.07662780582904816,0.03259432688355446,False,Renny Sari Dewi,Ricky Eka Putra
4d_6xxEAAAAJ,TB0QfMoAAAAJ,0.07652776688337326,0.011429114267230034,False,Ghea Sekar Palupi,Miftahur Rohman
6ifThF0AAAAJ,cPj-iOIAAAAJ,0.07651308923959732,0.03506742790341377,False,Ika Diyah Candra Arifah,Ricky Eka Putra
2lw6P3IAAAAJ,hn5jrnAAAAAJ,0.0764927938580513,0.020747732371091843,False,Muhammad Febrilian Dwi Syahputra,Yuni Yamasari
VNrCn4gAAAAJ,_n2j0ZAAAAAJ,0.07630109786987305,0.003966078627854586,False,Ersha Aisyah Elfaiz,I Gusti Lanang Putra Eka Prismana
4d_6xxEAAAAJ,lmlBHlsAAAAJ,0.07619903236627579,0.016569582745432854,False,Ghea Sekar Palupi,Widi Aribowo
Iq3gzh4AAAAJ,Tz8EfXcAAAAJ,0.07617541402578354,0.01823829486966133,False,Andi Mariono,Yuliani Puji Astuti
VwvPnrcAAAAJ,jJBtZPgAAAAJ,0.07610376179218292,0.021092180162668228,False,Nisa Dwi Septiyanti,Siska Puspitaningsih
4Yhmpg0AAAAJ,Tp_X_bYAAAAJ,0.07599356025457382,0.021685224026441574,False,Hujjatullah Fazlurrahman,Farid Baskoro
Hl6bqU8AAAAJ,i0pkJZoAAAAJ,0.07579995691776276,0.048522934317588806,False,Rindu Puspita Wibawa,Yuni Rosita Dewi
Smb2eg8AAAAJ,nWPONc8AAAAJ,0.07572472095489502,0.01054529007524252,True,Nanang Hoesen. H. A.,Lusia Rakhmawati
cPj-iOIAAAAJ,n7IAKI0AAAAJ,0.07571151107549667,0.013607609085738659,False,Ricky Eka Putra,Joko
NO8mJucAAAAJ,wlGfsB0AAAAJ,0.07570436596870422,0.02298424020409584,False,Wahyu Sasongko Putro,Salamun Rohman Nudin
MZCJPuIAAAAJ,t5f89iIAAAAJ,0.07561657577753067,0.024745481088757515,False,Fajar Arianto,Andi Iwan Nurhidayat
-BuJoD0AAAAJ,4d_6xxEAAAAJ,0.07553163170814514,0.04788164421916008,False,Ratih Amelia,Ghea Sekar Palupi
hrVTt4kAAAAJ,jPKU5cAAAAAJ,0.07547539472579956,0.023417338728904724,False,Monica Cinthya,Anggraeni Widya Purwita
b81qaDkAAAAJ,n7IAKI0AAAAJ,0.07546854019165039,0.00789530761539936,False,Anita Safitri,Joko
-BuJoD0AAAAJ,wwhACXoAAAAJ,0.07544427365064621,0.03409051522612572,False,Ratih Amelia,M Adamu Islam Mashuri
bTjH6IgAAAAJ,p1pK7E4AAAAJ,0.07542064040899277,0.025440368801355362,False,Achmad Kautsar,Subuh Isnur Haryudo
lFCI_vsAAAAJ,wEGsLv4AAAAJ,0.07541029155254364,0.018640581518411636,False,Atik Wintarti,Ike Fitriyaningsih
IJIEntMAAAAJ,b4_EdJYAAAAJ,0.075383260846138,0.011625844053924084,False,Yeni Anistyasari,Moh. Khoridatul Huda
dfwr-2YAAAAJ,hn5jrnAAAAAJ,0.07534980028867722,0.03913471847772598,False,Muhammad Fajar Wahyudi Rahman,Yuni Yamasari
VwvPnrcAAAAJ,hjllQ9gAAAAJ,0.07528069615364075,0.005789067596197128,False,Nisa Dwi Septiyanti,Nur Kholis
LeRoniwAAAAJ,b81qaDkAAAAJ,0.07521725445985794,0.015613706782460213,False,Farhanna Mari,Anita Safitri
AjvtBWIAAAAJ,Tp_X_bYAAAAJ,0.07517269998788834,0.016765888780355453,False,Siti Masitoh,Farid Baskoro
Em3aIV0AAAAJ,j8HRV1wAAAAJ,0.07516481727361679,0.01537436805665493,False,Ramadhan Cakra Wibawa,Bambang Suprianto
-_VNTSIAAAAJ,FZ00CQ8AAAAJ,0.07497371733188629,0.032599836587905884,False,Agus Prihanto,Rizky Basatha
hjllQ9gAAAAJ,i0pkJZoAAAAJ,0.07494807243347168,0.02032281830906868,False,Nur Kholis,Yuni Rosita Dewi
-_VNTSIAAAAJ,Thp8jg0AAAAJ,0.07488985359668732,0.03779604658484459,False,Agus Prihanto,Dodik Arwin Dermawan
RES4QIQAAAAJ,p4gdgRgAAAAJ,0.07486137002706528,0.012118724174797535,False,Arif Widodo,Rusijono
FZ00CQ8AAAAJ,_ecYpyYAAAAJ,0.07470513880252838,0.006722651422023773,False,Rizky Basatha,Dinda Galuh Guminta
2lw6P3IAAAAJ,itwnm-AAAAAJ,0.07467367500066757,0.02012777328491211,False,Muhammad Febrilian Dwi Syahputra,Achmad Fitro
5uDKOUMAAAAJ,nbtuM4IAAAAJ,0.07451096922159195,0.021691184490919113,False,Heri Purnawan,Parama Diptya Widayaka
6RBIukkAAAAJ,6f4j4TYAAAAJ,0.074467234313488,0.011114227585494518,False,Yatim Riyanto,Mahendra Widyartono
Smb2eg8AAAAJ,jJBtZPgAAAAJ,0.07433193176984787,0.01366197969764471,False,Nanang Hoesen. H. A.,Siska Puspitaningsih
4Yhmpg0AAAAJ,C_EGqeMAAAAJ,0.07419741153717041,0.01419970951974392,False,Hujjatullah Fazlurrahman,Namira Roudlotul Jannah
i0pkJZoAAAAJ,nbtuM4IAAAAJ,0.0741431936621666,0.008694471791386604,False,Yuni Rosita Dewi,Parama Diptya Widayaka
6f4j4TYAAAAJ,MnI3Tm0AAAAJ,0.07398048043251038,0.05918589234352112,False,Mahendra Widyartono,Sayyidul Aulia Alamsyah
1xVR-fgAAAAJ,Iq3gzh4AAAAJ,0.07390943914651871,0.026387015357613564,False,1xVR-fgAAAAJ,Andi Mariono
6RBIukkAAAAJ,N40Vh64AAAAJ,0.07388123869895935,0.007928880862891674,False,Yatim Riyanto,Raden Roro Hapsari Peni Agustin T
Jzuk6doAAAAJ,Smb2eg8AAAAJ,0.07379700243473053,0.019860543310642242,False,Aries Dwi Indriyanti,Nanang Hoesen. H. A.
34CwHgkAAAAJ,Tp_X_bYAAAAJ,0.073785200715065,0.010516507551074028,False,Riza Akhsani Setyo Prayoga,Farid Baskoro
8wFXNjYAAAAJ,o4zdesUAAAAJ,0.07351205497980118,0.03246936947107315,False,Naim Rochmawati,Rakha Asyrofi
AjvtBWIAAAAJ,N6RJilIAAAAJ,0.07348085939884186,0.03296278417110443,False,Siti Masitoh,Anita Qoiriah
5nAJx9wAAAAJ,fkxhjZ4AAAAJ,0.07347851991653442,0.03157886117696762,False,Muhammad Fachmi,Ronggo Alit
-tpBKawAAAAJ,Em3aIV0AAAAJ,0.07345478981733322,0.019712533801794052,False,Dimas Novian Aditia Syahputra,Ramadhan Cakra Wibawa
N6RJilIAAAAJ,RES4QIQAAAAJ,0.07341773808002472,0.03034573793411255,False,Anita Qoiriah,Arif Widodo
UL2-upoAAAAJ,p4gdgRgAAAAJ,0.0733741745352745,0.03469514101743698,False,Dana Azizah Rahmat,Rusijono
9BWyE0UAAAAJ,ZhJ08JkAAAAJ,0.07337363809347153,0.013403686694800854,False,Endryansyah,Bachtiar Syaiful Bachri
RNJ3vNQAAAAJ,Tp_X_bYAAAAJ,0.07334434986114502,0.01235208846628666,False,Harmon Prayogi,Farid Baskoro
eEtHoOAAAAAJ,lmlBHlsAAAAJ,0.07333586364984512,0.020801972597837448,False,Rahadian Bisma,Widi Aribowo
_n2j0ZAAAAAJ,bTjH6IgAAAAJ,0.07330272346735,0.034729938954114914,False,I Gusti Lanang Putra Eka Prismana,Achmad Kautsar
AjvtBWIAAAAJ,p1pK7E4AAAAJ,0.0733020007610321,0.017877113074064255,False,Siti Masitoh,Subuh Isnur Haryudo
-gGGkMcAAAAJ,RvG7jG4AAAAJ,0.07327830791473389,0.022882943972945213,False,Faris Abdi El Hakim,I Made Suartana
VwvPnrcAAAAJ,WdhKN0sAAAAJ,0.0730789452791214,0.010908280499279499,False,Nisa Dwi Septiyanti,Aditya Prapanca
W7ncZRgAAAAJ,t5f89iIAAAAJ,0.07293818145990372,0.029389260336756706,False,Hafid Kholidi Hadi,Andi Iwan Nurhidayat
n7ykK-IAAAAJ,zDgqPOsAAAAJ,0.07290288060903549,0.05016152188181877,False,Dhiyan Septa Wihara,Mustaji
N40Vh64AAAAJ,nbtuM4IAAAAJ,0.07286804914474487,0.01164472009986639,False,Raden Roro Hapsari Peni Agustin T,Parama Diptya Widayaka
5nAJx9wAAAAJ,z7RWDi0AAAAJ,0.07279662787914276,0.01976209320127964,False,Muhammad Fachmi,Tri Rijanto
TB0QfMoAAAAJ,zDgqPOsAAAAJ,0.07270799577236176,0.025353848934173584,False,Miftahur Rohman,Mustaji
Yw9l51IAAAAJ,hrVTt4kAAAAJ,0.07267788052558899,0.004600084386765957,False,Riza Akhsani Setyo Prayoga,Monica Cinthya
MnI3Tm0AAAAJ,itwnm-AAAAAJ,0.07263290137052536,0.009245840832591057,False,Sayyidul Aulia Alamsyah,Achmad Fitro
XdEn69YAAAAJ,rnlvOfEAAAAJ,0.07246995717287064,0.0017474741907790303,False,Cendra Devayana Putra,Ibrohim
ZjPpHWsAAAAJ,lmlBHlsAAAAJ,0.07238198816776276,0.010514946654438972,False,Erik Rahman,Widi Aribowo
EBgY5K0AAAAJ,nyyfjCgAAAAJ,0.07236889749765396,0.004913894925266504,False,Moch. Badrus Oleh,Rifqi Abdillah
-tpBKawAAAAJ,cPj-iOIAAAAJ,0.07233652472496033,0.02044757641851902,False,Dimas Novian Aditia Syahputra,Ricky Eka Putra
NO8mJucAAAAJ,i0pkJZoAAAAJ,0.0722561851143837,0.03655408322811127,False,Wahyu Sasongko Putro,Yuni Rosita Dewi
i0pkJZoAAAAJ,j8HRV1wAAAAJ,0.07217356562614441,0.014194129966199398,False,Yuni Rosita Dewi,Bambang Suprianto
TAAC1-AAAAAJ,t5f89iIAAAAJ,0.07206396013498306,0.021894609555602074,False,I Gde Agung Sri Sidhimantra,Andi Iwan Nurhidayat
4Yhmpg0AAAAJ,j8HRV1wAAAAJ,0.07202794402837753,0.023269619792699814,False,Hujjatullah Fazlurrahman,Bambang Suprianto
5nAJx9wAAAAJ,hn5jrnAAAAAJ,0.07202215492725372,0.048762787133455276,True,Muhammad Fachmi,Yuni Yamasari
-BuJoD0AAAAJ,Tp_X_bYAAAAJ,0.07200515270233154,0.018882347270846367,False,Ratih Amelia,Farid Baskoro
34CwHgkAAAAJ,5nAJx9wAAAAJ,0.07199686765670776,0.019950876012444496,False,Riza Akhsani Setyo Prayoga,Muhammad Fachmi
Em3aIV0AAAAJ,bTjH6IgAAAAJ,0.07198416441679001,0.03910065442323685,False,Ramadhan Cakra Wibawa,Achmad Kautsar
YADiqesAAAAJ,qtFw9UMAAAAJ,0.07174938172101974,0.02441352792084217,True,Ekohariadi,Bambang Sujatmiko
FZ00CQ8AAAAJ,j8HRV1wAAAAJ,0.071686290204525,0.011472291313111782,False,Rizky Basatha,Bambang Suprianto
FZ00CQ8AAAAJ,TB0QfMoAAAAJ,0.07157362252473831,0.008459453471004963,False,Rizky Basatha,Miftahur Rohman
4Yhmpg0AAAAJ,cPj-iOIAAAAJ,0.07155629247426987,0.03680950775742531,False,Hujjatullah Fazlurrahman,Ricky Eka Putra
rnlvOfEAAAAJ,wlGfsB0AAAAJ,0.07140925526618958,0.0026211231015622616,False,Ibrohim,Salamun Rohman Nudin
LeRoniwAAAAJ,zDgqPOsAAAAJ,0.07137690484523773,0.020450366660952568,False,Farhanna Mari,Mustaji
n7ykK-IAAAAJ,o4zdesUAAAAJ,0.07128798216581345,0.010576647706329823,False,Dhiyan Septa Wihara,Rakha Asyrofi
JsEkeOsAAAAJ,aW1lSOYAAAAJ,0.0712505504488945,0.018064696341753006,False,Ari Kurniawan,Aditya Chandra Hermawan
2lw6P3IAAAAJ,_n2j0ZAAAAAJ,0.07112681120634079,0.024677420035004616,False,Muhammad Febrilian Dwi Syahputra,I Gusti Lanang Putra Eka Prismana
Thp8jg0AAAAJ,Yw9l51IAAAAJ,0.07109507918357849,0.0026879014912992716,False,Dodik Arwin Dermawan,Riza Akhsani Setyo Prayoga
NO8mJucAAAAJ,psg8hdoAAAAJ,0.07104011625051498,0.015056712552905083,False,Wahyu Sasongko Putro,Bonda Sisephaputra
MnI3Tm0AAAAJ,aW1lSOYAAAAJ,0.07101384550333023,0.044154055416584015,False,Sayyidul Aulia Alamsyah,Aditya Chandra Hermawan
Jzuk6doAAAAJ,yObeL8gAAAAJ,0.07092192023992538,0.01860552281141281,False,Aries Dwi Indriyanti,I Gusti Putu Asto Buditjahjanto
6ifThF0AAAAJ,AjvtBWIAAAAJ,0.07089455425739288,0.053922124207019806,False,Ika Diyah Candra Arifah,Siti Masitoh
6RBIukkAAAAJ,Tz8EfXcAAAAJ,0.0707096979022026,0.0230901800096035,False,Yatim Riyanto,Yuliani Puji Astuti
4Yhmpg0AAAAJ,IJIEntMAAAAJ,0.07067790627479553,0.03551550582051277,False,Hujjatullah Fazlurrahman,Yeni Anistyasari
ZjPpHWsAAAAJ,n7IAKI0AAAAJ,0.07065553218126297,0.007718020584434271,False,Erik Rahman,Joko
1hm7MM8AAAAJ,Em3aIV0AAAAJ,0.0706518217921257,0.027164379134774208,False,Reza Rahmadian,Ramadhan Cakra Wibawa
W7ncZRgAAAAJ,hn5jrnAAAAAJ,0.07055924832820892,0.04151202738285065,False,Hafid Kholidi Hadi,Yuni Yamasari
-BuJoD0AAAAJ,p1pK7E4AAAAJ,0.07052067667245865,0.02088279090821743,False,Ratih Amelia,Subuh Isnur Haryudo
6ifThF0AAAAJ,LeRoniwAAAAJ,0.07047034800052643,0.011093092150986195,False,Ika Diyah Candra Arifah,Farhanna Mari
Jzuk6doAAAAJ,N40Vh64AAAAJ,0.07046324014663696,0.007166353985667229,False,Aries Dwi Indriyanti,Raden Roro Hapsari Peni Agustin T
8wFXNjYAAAAJ,p4gdgRgAAAAJ,0.07045512646436691,0.0256654005497694,False,Naim Rochmawati,Rusijono
hn5jrnAAAAAJ,p4gdgRgAAAAJ,0.07045111060142517,0.035174645483493805,False,Yuni Yamasari,Rusijono
TAAC1-AAAAAJ,yObeL8gAAAAJ,0.07044564932584763,0.019296763464808464,True,I Gde Agung Sri Sidhimantra,I Gusti Putu Asto Buditjahjanto
6MXDzBQAAAAJ,p4gdgRgAAAAJ,0.07037868350744247,0.013930019922554493,False,Lilik Anifah,Rusijono
7EQjv9wAAAAJ,TB0QfMoAAAAJ,0.07032724469900131,0.009254752658307552,False,Asmunin,Miftahur Rohman
Thp8jg0AAAAJ,aW1lSOYAAAAJ,0.07028819620609283,0.03430776298046112,False,Dodik Arwin Dermawan,Aditya Chandra Hermawan
1hm7MM8AAAAJ,y_OiarcAAAAJ,0.07026409357786179,0.016132235527038574,False,Reza Rahmadian,Yandhika Surya Akbar Gumilang
JsEkeOsAAAAJ,_VFGVQQAAAAJ,0.07020491361618042,0.04151756688952446,False,Ari Kurniawan,Berlian Maulidya Izzati
MZCJPuIAAAAJ,dfwr-2YAAAAJ,0.07019879668951035,0.0684642419219017,False,Fajar Arianto,Muhammad Fajar Wahyudi Rahman
i0pkJZoAAAAJ,nWPONc8AAAAJ,0.07010767608880997,0.015527340583503246,False,Yuni Rosita Dewi,Lusia Rakhmawati
8wFXNjYAAAAJ,zDgqPOsAAAAJ,0.07004544883966446,0.034318454563617706,False,Naim Rochmawati,Mustaji
-BuJoD0AAAAJ,LeRoniwAAAAJ,0.06990865617990494,0.01911906898021698,False,Ratih Amelia,Farhanna Mari
R9rGmc4AAAAJ,fkxhjZ4AAAAJ,0.06987710297107697,0.002613308373838663,False,Kartika Chandra Dewi,Ronggo Alit
psg8hdoAAAAJ,yObeL8gAAAAJ,0.06984289735555649,0.018834464251995087,False,Bonda Sisephaputra,I Gusti Putu Asto Buditjahjanto
Jzuk6doAAAAJ,TB0QfMoAAAAJ,0.06982171535491943,0.017397919669747353,True,Aries Dwi Indriyanti,Miftahur Rohman
AjvtBWIAAAAJ,ZjPpHWsAAAAJ,0.0695987269282341,0.024599626660346985,False,Siti Masitoh,Erik Rahman
ZRCJXO0AAAAJ,i0pkJZoAAAAJ,0.0695909708738327,0.014352400787174702,False,Riska Dhenabayu,Yuni Rosita Dewi
34CwHgkAAAAJ,aW1lSOYAAAAJ,0.06935921311378479,0.017496250569820404,False,Riza Akhsani Setyo Prayoga,Aditya Chandra Hermawan
5uDKOUMAAAAJ,S6IJ51cAAAAJ,0.06932836771011353,0.024473091587424278,False,Heri Purnawan,Unit Three Kartini
DrE0Lf8AAAAJ,cPj-iOIAAAAJ,0.06930941343307495,0.03841516003012657,False,Fresha Kharisma,Ricky Eka Putra
itwnm-AAAAAJ,y_OiarcAAAAJ,0.069151870906353,0.009058434516191483,False,Achmad Fitro,Yandhika Surya Akbar Gumilang
MZCJPuIAAAAJ,aW1lSOYAAAAJ,0.06914358586072922,0.030342189595103264,False,Fajar Arianto,Aditya Chandra Hermawan
XdEn69YAAAAJ,j8HRV1wAAAAJ,0.06912587583065033,0.02016063779592514,False,Cendra Devayana Putra,Bambang Suprianto
b4_EdJYAAAAJ,y_OiarcAAAAJ,0.06911423057317734,0.009572410956025124,False,Moh. Khoridatul Huda,Yandhika Surya Akbar Gumilang
4Yhmpg0AAAAJ,t5f89iIAAAAJ,0.06905952841043472,0.026984041556715965,False,Hujjatullah Fazlurrahman,Andi Iwan Nurhidayat
bTjH6IgAAAAJ,eEtHoOAAAAAJ,0.06897874176502228,0.04537065327167511,False,Achmad Kautsar,Rahadian Bisma
N6RJilIAAAAJ,yObeL8gAAAAJ,0.0689593181014061,0.040441688150167465,False,Anita Qoiriah,I Gusti Putu Asto Buditjahjanto
VwvPnrcAAAAJ,nWPONc8AAAAJ,0.06891374289989471,0.005288232117891312,False,Nisa Dwi Septiyanti,Lusia Rakhmawati
_n2j0ZAAAAAJ,i0pkJZoAAAAJ,0.06886611878871918,0.027914604172110558,False,I Gusti Lanang Putra Eka Prismana,Yuni Rosita Dewi
1hm7MM8AAAAJ,Jzuk6doAAAAJ,0.06879092752933502,0.028875762596726418,False,Reza Rahmadian,Aries Dwi Indriyanti
RNJ3vNQAAAAJ,nWPONc8AAAAJ,0.06877226382493973,0.009654437191784382,False,Harmon Prayogi,Lusia Rakhmawati
hrVTt4kAAAAJ,lFCI_vsAAAAJ,0.06867902725934982,0.018952690064907074,False,Monica Cinthya,Atik Wintarti
VwvPnrcAAAAJ,ZhJ08JkAAAAJ,0.06867687404155731,0.02595788799226284,False,Nisa Dwi Septiyanti,Bachtiar Syaiful Bachri
dfwr-2YAAAAJ,nyyfjCgAAAAJ,0.06867332011461258,0.013607647269964218,False,Muhammad Fajar Wahyudi Rahman,Rifqi Abdillah
AjvtBWIAAAAJ,lmlBHlsAAAAJ,0.06859753280878067,0.019148647785186768,False,Siti Masitoh,Widi Aribowo
XdEn69YAAAAJ,q-sbahIAAAAJ,0.06854989379644394,0.0034111966378986835,False,Cendra Devayana Putra,Ulfa Siti Nuraini
LeRoniwAAAAJ,bTjH6IgAAAAJ,0.06854338198900223,0.01566310226917267,True,Farhanna Mari,Achmad Kautsar
4VXQFKYAAAAJ,zDgqPOsAAAAJ,0.06854336708784103,0.06502313911914825,False,Renny Sari Dewi,Mustaji
4VXQFKYAAAAJ,nbtuM4IAAAAJ,0.06852507591247559,0.007762278895825148,False,Renny Sari Dewi,Parama Diptya Widayaka
AjvtBWIAAAAJ,itwnm-AAAAAJ,0.06839632242918015,0.022761719301342964,False,Siti Masitoh,Achmad Fitro
-tpBKawAAAAJ,o4zdesUAAAAJ,0.06831188499927521,0.012207292020320892,False,Dimas Novian Aditia Syahputra,Rakha Asyrofi
8wFXNjYAAAAJ,q-sbahIAAAAJ,0.06830405443906784,0.019442249089479446,False,Naim Rochmawati,Ulfa Siti Nuraini
6f4j4TYAAAAJ,b81qaDkAAAAJ,0.06830213218927383,0.03709680214524269,False,Mahendra Widyartono,Anita Safitri
cY1QGVEAAAAJ,itwnm-AAAAAJ,0.06830009818077087,0.015617584809660912,False,Muhammad Sonhaji Akbar,Achmad Fitro
p4gdgRgAAAAJ,wlGfsB0AAAAJ,0.06828702241182327,0.025538044050335884,False,Rusijono,Salamun Rohman Nudin
6ifThF0AAAAJ,Hl6bqU8AAAAJ,0.06825332343578339,0.04757973551750183,False,Ika Diyah Candra Arifah,Rindu Puspita Wibawa
NO8mJucAAAAJ,_ecYpyYAAAAJ,0.06816466152667999,0.013704697601497173,False,Wahyu Sasongko Putro,Dinda Galuh Guminta
cY1QGVEAAAAJ,j8HRV1wAAAAJ,0.0681387260556221,0.01851189136505127,False,Muhammad Sonhaji Akbar,Bambang Suprianto
DiBTIz4AAAAJ,wEGsLv4AAAAJ,0.06812971830368042,0.020263690501451492,False,Riskyana Dewi Intan P,Ike Fitriyaningsih
-gGGkMcAAAAJ,_ecYpyYAAAAJ,0.06807178258895874,0.01161076407879591,False,Faris Abdi El Hakim,Dinda Galuh Guminta
4VXQFKYAAAAJ,MZCJPuIAAAAJ,0.06805025041103363,0.06775745004415512,False,Renny Sari Dewi,Fajar Arianto
LeRoniwAAAAJ,pb3-UjwAAAAJ,0.06801009923219681,0.0043516927398741245,False,Farhanna Mari,Moch Deny Pratama
6RBIukkAAAAJ,bTjH6IgAAAAJ,0.06799959391355515,0.05289248377084732,False,Yatim Riyanto,Achmad Kautsar
N6RJilIAAAAJ,YADiqesAAAAJ,0.06767316162586212,0.031606901437044144,False,Anita Qoiriah,Ekohariadi
WdhKN0sAAAAJ,ZjPpHWsAAAAJ,0.06762716174125671,0.010131881572306156,False,Aditya Prapanca,Erik Rahman
itwnm-AAAAAJ,z7RWDi0AAAAJ,0.06758927553892136,0.02065996825695038,False,Achmad Fitro,Tri Rijanto
8wFXNjYAAAAJ,ZBAnb64AAAAJ,0.06753392517566681,0.02492324449121952,False,Naim Rochmawati,Ardhini Warih Utami
FZ00CQ8AAAAJ,Tz8EfXcAAAAJ,0.0674709677696228,0.01689290814101696,False,Rizky Basatha,Yuliani Puji Astuti
RNJ3vNQAAAAJ,TB0QfMoAAAAJ,0.06746408343315125,0.010593446902930737,False,Harmon Prayogi,Miftahur Rohman
i0pkJZoAAAAJ,p1pK7E4AAAAJ,0.06745409220457077,0.014310671016573906,False,Yuni Rosita Dewi,Subuh Isnur Haryudo
b4_EdJYAAAAJ,hjllQ9gAAAAJ,0.06745269149541855,0.006226194556802511,False,Moh. Khoridatul Huda,Nur Kholis
A9L19RMAAAAJ,p4gdgRgAAAAJ,0.06739386916160583,0.006613028701394796,False,Pradini Puspitaningayu,Rusijono
AYI1rosAAAAJ,N40Vh64AAAAJ,0.06734532117843628,0.010609851218760014,False,Nurhayati,Raden Roro Hapsari Peni Agustin T
N40Vh64AAAAJ,RNJ3vNQAAAAJ,0.06732559204101562,0.006134852766990662,False,Raden Roro Hapsari Peni Agustin T,Harmon Prayogi
4VXQFKYAAAAJ,WdhKN0sAAAAJ,0.06731802970170975,0.027103690430521965,False,Renny Sari Dewi,Aditya Prapanca
4Yhmpg0AAAAJ,WdhKN0sAAAAJ,0.06731626391410828,0.03628480061888695,False,Hujjatullah Fazlurrahman,Aditya Prapanca
nbtuM4IAAAAJ,p4gdgRgAAAAJ,0.06724913418292999,0.01013152115046978,False,Parama Diptya Widayaka,Rusijono
EBgY5K0AAAAJ,Tz8EfXcAAAAJ,0.0671382024884224,0.0348803736269474,False,Moch. Badrus Oleh,Yuliani Puji Astuti
XdEn69YAAAAJ,sHANI1gAAAAJ,0.06710739433765411,0.008720740675926208,False,Cendra Devayana Putra,Rifqi Firmansyah
2lw6P3IAAAAJ,OffRzhoAAAAJ,0.06682486832141876,0.03378806263208389,False,Muhammad Febrilian Dwi Syahputra,Dwi Fatrianto Suyatno
ZBAnb64AAAAJ,hjllQ9gAAAAJ,0.06679552793502808,0.01218416541814804,False,Ardhini Warih Utami,Nur Kholis
RvG7jG4AAAAJ,jPKU5cAAAAAJ,0.06675203889608383,0.014062268659472466,False,I Made Suartana,Anggraeni Widya Purwita
BIrtbD8AAAAJ,nbtuM4IAAAAJ,0.06674473732709885,0.0123657938092947,False,Ibnu Febry Kurniawan,Parama Diptya Widayaka
5nAJx9wAAAAJ,hjllQ9gAAAAJ,0.06664561480283737,0.0158001109957695,False,Muhammad Fachmi,Nur Kholis
8wFXNjYAAAAJ,q24bD6AAAAAJ,0.06656897813081741,0.028115158900618553,False,Naim Rochmawati,Martini Dwi Endah Susanti
4VXQFKYAAAAJ,aW1lSOYAAAAJ,0.06650329381227493,0.022254398092627525,False,Renny Sari Dewi,Aditya Chandra Hermawan
MnI3Tm0AAAAJ,b4_EdJYAAAAJ,0.06646323949098587,0.003085559466853738,False,Sayyidul Aulia Alamsyah,Moh. Khoridatul Huda
o4zdesUAAAAJ,psg8hdoAAAAJ,0.06645755469799042,0.017236027866601944,False,Rakha Asyrofi,Bonda Sisephaputra
UL2-upoAAAAJ,itwnm-AAAAAJ,0.06644289940595627,0.021594330668449402,False,Dana Azizah Rahmat,Achmad Fitro
-BuJoD0AAAAJ,o4zdesUAAAAJ,0.06628210097551346,0.018667778000235558,False,Ratih Amelia,Rakha Asyrofi
-BuJoD0AAAAJ,Jzuk6doAAAAJ,0.06627048552036285,0.027772575616836548,False,Ratih Amelia,Aries Dwi Indriyanti
4Yhmpg0AAAAJ,aW1lSOYAAAAJ,0.06620118767023087,0.029806463047862053,False,Hujjatullah Fazlurrahman,Aditya Chandra Hermawan
psg8hdoAAAAJ,sHANI1gAAAAJ,0.0661584883928299,0.00749593460932374,False,Bonda Sisephaputra,Rifqi Firmansyah
bTjH6IgAAAAJ,psg8hdoAAAAJ,0.06613270193338394,0.039198681712150574,False,Achmad Kautsar,Bonda Sisephaputra
-tpBKawAAAAJ,RvG7jG4AAAAJ,0.06602098792791367,0.012426094152033329,False,Dimas Novian Aditia Syahputra,I Made Suartana
-tpBKawAAAAJ,psg8hdoAAAAJ,0.06598503887653351,0.022102465853095055,False,Dimas Novian Aditia Syahputra,Bonda Sisephaputra
Tz8EfXcAAAAJ,b81qaDkAAAAJ,0.06598354876041412,0.022856976836919785,True,Yuliani Puji Astuti,Anita Safitri
dfwr-2YAAAAJ,j8HRV1wAAAAJ,0.06597385555505753,0.02623584307730198,False,Muhammad Fajar Wahyudi Rahman,Bambang Suprianto
TAAC1-AAAAAJ,pb3-UjwAAAAJ,0.06593754887580872,0.00589793361723423,False,I Gde Agung Sri Sidhimantra,Moch Deny Pratama
Em3aIV0AAAAJ,wwhACXoAAAAJ,0.06590375304222107,0.02085173688828945,False,Ramadhan Cakra Wibawa,M Adamu Islam Mashuri
Thp8jg0AAAAJ,VNrCn4gAAAAJ,0.06582126766443253,0.0032350088004022837,False,Dodik Arwin Dermawan,Ersha Aisyah Elfaiz
DrE0Lf8AAAAJ,WdhKN0sAAAAJ,0.06581972539424896,0.03596188500523567,False,Fresha Kharisma,Aditya Prapanca
4d_6xxEAAAAJ,RES4QIQAAAAJ,0.06578975915908813,0.009717327542603016,False,Ghea Sekar Palupi,Arif Widodo
AjvtBWIAAAAJ,N40Vh64AAAAJ,0.06578584015369415,0.007121639791876078,False,Siti Masitoh,Raden Roro Hapsari Peni Agustin T
nVac1BcAAAAJ,q-sbahIAAAAJ,0.06575766950845718,0.003078246721997857,False,Rosita,Ulfa Siti Nuraini
Em3aIV0AAAAJ,p4gdgRgAAAAJ,0.06573156267404556,0.024458738043904305,False,Ramadhan Cakra Wibawa,Rusijono
MZCJPuIAAAAJ,n7ykK-IAAAAJ,0.06566304713487625,0.04027813673019409,False,Fajar Arianto,Dhiyan Septa Wihara
FZ00CQ8AAAAJ,RNJ3vNQAAAAJ,0.0655604749917984,0.004433604888617992,False,Rizky Basatha,Harmon Prayogi
WdhKN0sAAAAJ,i0pkJZoAAAAJ,0.06555894762277603,0.030747639015316963,False,Aditya Prapanca,Yuni Rosita Dewi
Thp8jg0AAAAJ,pCyzpjgAAAAJ,0.06553541868925095,0.007006606087088585,False,Dodik Arwin Dermawan,Nurul Laili
-_VNTSIAAAAJ,pb3-UjwAAAAJ,0.06553324311971664,0.031167402863502502,False,Agus Prihanto,Moch Deny Pratama
Jzuk6doAAAAJ,ZjPpHWsAAAAJ,0.06550861895084381,0.010797941125929356,False,Aries Dwi Indriyanti,Erik Rahman
4VXQFKYAAAAJ,RvG7jG4AAAAJ,0.0655081495642662,0.015795830637216568,False,Renny Sari Dewi,I Made Suartana
W7ncZRgAAAAJ,cPj-iOIAAAAJ,0.06534174084663391,0.04076376184821129,False,Hafid Kholidi Hadi,Ricky Eka Putra
b81qaDkAAAAJ,t5f89iIAAAAJ,0.0652792900800705,0.024467898532748222,False,Anita Safitri,Andi Iwan Nurhidayat
n7ykK-IAAAAJ,nyyfjCgAAAAJ,0.06526519358158112,0.00557479914277792,False,Dhiyan Septa Wihara,Rifqi Abdillah
RvG7jG4AAAAJ,lmlBHlsAAAAJ,0.06525450199842453,0.055623859167099,False,I Made Suartana,Widi Aribowo
6ifThF0AAAAJ,_VFGVQQAAAAJ,0.06522081792354584,0.018671879544854164,False,Ika Diyah Candra Arifah,Berlian Maulidya Izzati
7EQjv9wAAAAJ,NO8mJucAAAAJ,0.06507446616888046,0.018978407606482506,False,Asmunin,Wahyu Sasongko Putro
-BuJoD0AAAAJ,j8HRV1wAAAAJ,0.06504590064287186,0.019977232441306114,False,Ratih Amelia,Bambang Suprianto
eEtHoOAAAAAJ,lFCI_vsAAAAJ,0.06495524942874908,0.02192157320678234,False,Rahadian Bisma,Atik Wintarti
C_EGqeMAAAAJ,DsVi_OAAAAAJ,0.06495485454797745,0.014167535118758678,False,Namira Roudlotul Jannah,Nadia Nur Thahirrah
ZhJ08JkAAAAJ,q24bD6AAAAAJ,0.06495315581560135,0.028399692848324776,False,Bachtiar Syaiful Bachri,Martini Dwi Endah Susanti
9BWyE0UAAAAJ,Iq3gzh4AAAAJ,0.06486258655786514,0.01914956234395504,False,Endryansyah,Andi Mariono
UL2-upoAAAAJ,pb3-UjwAAAAJ,0.06482893228530884,0.004249245394021273,False,Dana Azizah Rahmat,Moch Deny Pratama
j8HRV1wAAAAJ,p4gdgRgAAAAJ,0.06481333822011948,0.016175085678696632,False,Bambang Suprianto,Rusijono
6ifThF0AAAAJ,WdhKN0sAAAAJ,0.06474395841360092,0.03135686740279198,False,Ika Diyah Candra Arifah,Aditya Prapanca
Hl6bqU8AAAAJ,NO8mJucAAAAJ,0.06468912214040756,0.018396947532892227,False,Rindu Puspita Wibawa,Wahyu Sasongko Putro
Smb2eg8AAAAJ,WdhKN0sAAAAJ,0.06467507779598236,0.024217629805207253,False,Nanang Hoesen. H. A.,Aditya Prapanca
WdhKN0sAAAAJ,y_OiarcAAAAJ,0.0646362155675888,0.020682094618678093,False,Aditya Prapanca,Yandhika Surya Akbar Gumilang
TAAC1-AAAAAJ,_n2j0ZAAAAAJ,0.06461621075868607,0.0318690650165081,False,I Gde Agung Sri Sidhimantra,I Gusti Lanang Putra Eka Prismana
4VXQFKYAAAAJ,Tp_X_bYAAAAJ,0.06456807255744934,0.01239585131406784,False,Renny Sari Dewi,Farid Baskoro
6f4j4TYAAAAJ,ZhJ08JkAAAAJ,0.06444212794303894,0.024931402876973152,False,Mahendra Widyartono,Bachtiar Syaiful Bachri
AaC4eAwAAAAJ,wEGsLv4AAAAJ,0.06436266750097275,0.01925806887447834,False,Fadhilah Qalbi Annisa,Ike Fitriyaningsih
Iq3gzh4AAAAJ,aW1lSOYAAAAJ,0.06425724923610687,0.03319190815091133,True,Andi Mariono,Aditya Chandra Hermawan
4d_6xxEAAAAJ,j8HRV1wAAAAJ,0.06423602253198624,0.013635070994496346,False,Ghea Sekar Palupi,Bambang Suprianto
YADiqesAAAAJ,p4gdgRgAAAAJ,0.0641908049583435,0.033521730452775955,False,Ekohariadi,Rusijono
IJIEntMAAAAJ,TAAC1-AAAAAJ,0.06391672790050507,0.034984853118658066,False,Yeni Anistyasari,I Gde Agung Sri Sidhimantra
4d_6xxEAAAAJ,o4zdesUAAAAJ,0.0639115422964096,0.01326520461589098,False,Ghea Sekar Palupi,Rakha Asyrofi
aW1lSOYAAAAJ,nWPONc8AAAAJ,0.06384243816137314,0.07661419361829758,False,Aditya Chandra Hermawan,Lusia Rakhmawati
5uDKOUMAAAAJ,AYI1rosAAAAJ,0.0638413056731224,0.019749144092202187,False,Heri Purnawan,Nurhayati
6f4j4TYAAAAJ,Iq3gzh4AAAAJ,0.06384020298719406,0.035944271832704544,False,Mahendra Widyartono,Andi Mariono
5uDKOUMAAAAJ,EBgY5K0AAAAJ,0.06378927826881409,0.005118363071233034,False,Heri Purnawan,Moch. Badrus Oleh
MZCJPuIAAAAJ,ZBAnb64AAAAJ,0.06378106027841568,0.018902605399489403,False,Fajar Arianto,Ardhini Warih Utami
t5f89iIAAAAJ,yXy6kW0AAAAJ,0.06373902410268784,0.04987091198563576,False,Andi Iwan Nurhidayat,Harun Al Rosyid
34CwHgkAAAAJ,pb3-UjwAAAAJ,0.06351767480373383,0.004514394327998161,False,Riza Akhsani Setyo Prayoga,Moch Deny Pratama
1hm7MM8AAAAJ,hrVTt4kAAAAJ,0.06351730972528458,0.018261801451444626,False,Reza Rahmadian,Monica Cinthya
2lw6P3IAAAAJ,jJBtZPgAAAAJ,0.06349895149469376,0.02455146797001362,False,Muhammad Febrilian Dwi Syahputra,Siska Puspitaningsih
ne31is4AAAAJ,o4zdesUAAAAJ,0.06348827481269836,0.010999107733368874,False,Danang Ary Dewangga,Rakha Asyrofi
1hm7MM8AAAAJ,1xVR-fgAAAAJ,0.06341423094272614,0.028782101348042488,False,Reza Rahmadian,1xVR-fgAAAAJ
DsVi_OAAAAAJ,UL2-upoAAAAJ,0.06340117752552032,0.031410280615091324,False,Nadia Nur Thahirrah,Dana Azizah Rahmat
-BuJoD0AAAAJ,nbtuM4IAAAAJ,0.06339941918849945,0.01336453203111887,False,Ratih Amelia,Parama Diptya Widayaka
MnI3Tm0AAAAJ,WdhKN0sAAAAJ,0.06328610330820084,0.04253065586090088,False,Sayyidul Aulia Alamsyah,Aditya Prapanca
LeRoniwAAAAJ,hn5jrnAAAAAJ,0.06328223645687103,0.02057763747870922,False,Farhanna Mari,Yuni Yamasari
Tz8EfXcAAAAJ,lFCI_vsAAAAJ,0.06326670944690704,0.011760985478758812,False,Yuliani Puji Astuti,Atik Wintarti
JsEkeOsAAAAJ,p1pK7E4AAAAJ,0.06322301179170609,0.01064427848905325,True,Ari Kurniawan,Subuh Isnur Haryudo
cY1QGVEAAAAJ,sHANI1gAAAAJ,0.06312649697065353,0.007612221408635378,False,Muhammad Sonhaji Akbar,Rifqi Firmansyah
4Yhmpg0AAAAJ,p1pK7E4AAAAJ,0.06307744234800339,0.020411036908626556,False,Hujjatullah Fazlurrahman,Subuh Isnur Haryudo
1xVR-fgAAAAJ,RNJ3vNQAAAAJ,0.06298128515481949,0.005516517907381058,False,1xVR-fgAAAAJ,Harmon Prayogi
AjvtBWIAAAAJ,L6O1lvkAAAAJ,0.06295565515756607,0.013914520852267742,False,Siti Masitoh,Tri Wrahatnolo
2lw6P3IAAAAJ,MeGE8WAAAAAJ,0.06291411072015762,0.029077813029289246,False,Muhammad Febrilian Dwi Syahputra,Binti Kholifah
-tpBKawAAAAJ,b4_EdJYAAAAJ,0.06290552020072937,0.017064308747649193,False,Dimas Novian Aditia Syahputra,Moh. Khoridatul Huda
b4_EdJYAAAAJ,nbtuM4IAAAAJ,0.06282223761081696,0.003988521173596382,False,Moh. Khoridatul Huda,Parama Diptya Widayaka
Tz8EfXcAAAAJ,n7ykK-IAAAAJ,0.06280793994665146,0.026541246101260185,False,Yuliani Puji Astuti,Dhiyan Septa Wihara
4Yhmpg0AAAAJ,6f4j4TYAAAAJ,0.06271650642156601,0.022175313904881477,False,Hujjatullah Fazlurrahman,Mahendra Widyartono
-BuJoD0AAAAJ,TB0QfMoAAAAJ,0.06255783140659332,0.014976155944168568,False,Ratih Amelia,Miftahur Rohman
W7ncZRgAAAAJ,aW1lSOYAAAAJ,0.06252619624137878,0.029677238315343857,False,Hafid Kholidi Hadi,Aditya Chandra Hermawan
34CwHgkAAAAJ,p1pK7E4AAAAJ,0.06245524063706398,0.011151143349707127,False,Riza Akhsani Setyo Prayoga,Subuh Isnur Haryudo
TAAC1-AAAAAJ,z7RWDi0AAAAJ,0.06244403496384621,0.022237030789256096,False,I Gde Agung Sri Sidhimantra,Tri Rijanto
1xVR-fgAAAAJ,FZ00CQ8AAAAJ,0.06242058798670769,0.02114277333021164,False,1xVR-fgAAAAJ,Rizky Basatha
9BWyE0UAAAAJ,fkxhjZ4AAAAJ,0.06230076029896736,0.019260145723819733,False,Endryansyah,Ronggo Alit
-gGGkMcAAAAJ,Jzuk6doAAAAJ,0.06225376948714256,0.01760569028556347,False,Faris Abdi El Hakim,Aries Dwi Indriyanti
AX-w0AEAAAAJ,MeGE8WAAAAAJ,0.062229614704847336,0.027503183111548424,False,Hasanuddin Al-Habib,Binti Kholifah
FZ00CQ8AAAAJ,RES4QIQAAAAJ,0.062229178845882416,0.0069737560115754604,False,Rizky Basatha,Arif Widodo
34CwHgkAAAAJ,zDgqPOsAAAAJ,0.06222570315003395,0.03799924626946449,False,Riza Akhsani Setyo Prayoga,Mustaji
TAAC1-AAAAAJ,ne31is4AAAAJ,0.0622108168900013,0.017285477370023727,False,I Gde Agung Sri Sidhimantra,Danang Ary Dewangga
LeRoniwAAAAJ,VwvPnrcAAAAJ,0.0621761791408062,0.01697476953268051,False,Farhanna Mari,Nisa Dwi Septiyanti
Hl6bqU8AAAAJ,wEGsLv4AAAAJ,0.06215856596827507,0.011504529975354671,False,Rindu Puspita Wibawa,Ike Fitriyaningsih
6f4j4TYAAAAJ,8wFXNjYAAAAJ,0.06214132905006409,0.06499673426151276,False,Mahendra Widyartono,Naim Rochmawati
A9L19RMAAAAJ,cPj-iOIAAAAJ,0.06210822984576225,0.02350636199116707,False,Pradini Puspitaningayu,Ricky Eka Putra
-BuJoD0AAAAJ,_VFGVQQAAAAJ,0.06208698824048042,0.020703935995697975,False,Ratih Amelia,Berlian Maulidya Izzati
itwnm-AAAAAJ,yObeL8gAAAAJ,0.0619894303381443,0.01932356506586075,False,Achmad Fitro,I Gusti Putu Asto Buditjahjanto
RvG7jG4AAAAJ,VwvPnrcAAAAJ,0.06197001412510872,0.01358882337808609,False,I Made Suartana,Nisa Dwi Septiyanti
4d_6xxEAAAAJ,b4_EdJYAAAAJ,0.06192873790860176,0.023336898535490036,False,Ghea Sekar Palupi,Moh. Khoridatul Huda
W7ncZRgAAAAJ,j8HRV1wAAAAJ,0.061923813074827194,0.022145994007587433,False,Hafid Kholidi Hadi,Bambang Suprianto
CxdwNaYAAAAJ,RNJ3vNQAAAAJ,0.06188387796282768,0.006472709123045206,False,Wiyli Yustanti,Harmon Prayogi
eEtHoOAAAAAJ,i0pkJZoAAAAJ,0.061810217797756195,0.04994593933224678,False,Rahadian Bisma,Yuni Rosita Dewi
Hl6bqU8AAAAJ,RNJ3vNQAAAAJ,0.06179748475551605,0.00498600909486413,False,Rindu Puspita Wibawa,Harmon Prayogi
ZhJ08JkAAAAJ,i0pkJZoAAAAJ,0.061794426292181015,0.046343691647052765,False,Bachtiar Syaiful Bachri,Yuni Rosita Dewi
hn5jrnAAAAAJ,i0pkJZoAAAAJ,0.06171419471502304,0.03842967376112938,False,Yuni Yamasari,Yuni Rosita Dewi
6ifThF0AAAAJ,Tp_X_bYAAAAJ,0.061662834137678146,0.015316205099225044,False,Ika Diyah Candra Arifah,Farid Baskoro
Smb2eg8AAAAJ,ne31is4AAAAJ,0.0616622120141983,0.020735355094075203,False,Nanang Hoesen. H. A.,Danang Ary Dewangga
-_VNTSIAAAAJ,XdEn69YAAAAJ,0.06165355071425438,0.03995516896247864,False,Agus Prihanto,Cendra Devayana Putra
OwdLKtQAAAAJ,nyyfjCgAAAAJ,0.061614036560058594,0.005184287205338478,False,Fitria,Rifqi Abdillah
MnI3Tm0AAAAJ,y_OiarcAAAAJ,0.0615486204624176,0.007522428408265114,False,Sayyidul Aulia Alamsyah,Yandhika Surya Akbar Gumilang
Em3aIV0AAAAJ,z7RWDi0AAAAJ,0.06153711676597595,0.017282681539654732,False,Ramadhan Cakra Wibawa,Tri Rijanto
AX-w0AEAAAAJ,MZCJPuIAAAAJ,0.061517998576164246,0.019378269091248512,False,Hasanuddin Al-Habib,Fajar Arianto
ZRCJXO0AAAAJ,bTjH6IgAAAAJ,0.061469823122024536,0.010833678767085075,False,Riska Dhenabayu,Achmad Kautsar
S6IJ51cAAAAJ,psg8hdoAAAAJ,0.0613863579928875,0.016166022047400475,True,Unit Three Kartini,Bonda Sisephaputra
Jzuk6doAAAAJ,VNrCn4gAAAAJ,0.06123271584510803,0.0032082393299788237,False,Aries Dwi Indriyanti,Ersha Aisyah Elfaiz
jPKU5cAAAAAJ,nWPONc8AAAAJ,0.06122082099318504,0.006167914252728224,False,Anggraeni Widya Purwita,Lusia Rakhmawati
ZhJ08JkAAAAJ,hrVTt4kAAAAJ,0.06121431663632393,0.01607813872396946,False,Bachtiar Syaiful Bachri,Monica Cinthya
Thp8jg0AAAAJ,nVac1BcAAAAJ,0.06115209683775902,0.0023410555440932512,False,Dodik Arwin Dermawan,Rosita
JsEkeOsAAAAJ,lFCI_vsAAAAJ,0.06110665202140808,0.029632562771439552,False,Ari Kurniawan,Atik Wintarti
34CwHgkAAAAJ,ZhJ08JkAAAAJ,0.06110652536153793,0.03241809830069542,False,Riza Akhsani Setyo Prayoga,Bachtiar Syaiful Bachri
CxdwNaYAAAAJ,UL2-upoAAAAJ,0.061077095568180084,0.011927863582968712,False,Wiyli Yustanti,Dana Azizah Rahmat
_ecYpyYAAAAJ,fkxhjZ4AAAAJ,0.06101376563310623,0.004765612538903952,False,Dinda Galuh Guminta,Ronggo Alit
OwdLKtQAAAAJ,cY1QGVEAAAAJ,0.060995977371931076,0.01729092001914978,False,Fitria,Muhammad Sonhaji Akbar
-tpBKawAAAAJ,MZCJPuIAAAAJ,0.06098589673638344,0.03823158144950867,False,Dimas Novian Aditia Syahputra,Fajar Arianto
Em3aIV0AAAAJ,sHANI1gAAAAJ,0.060910772532224655,0.008060201071202755,False,Ramadhan Cakra Wibawa,Rifqi Firmansyah
CxdwNaYAAAAJ,bTjH6IgAAAAJ,0.06089874356985092,0.046129919588565826,False,Wiyli Yustanti,Achmad Kautsar
Yw9l51IAAAAJ,n7ykK-IAAAAJ,0.060896407812833786,0.0037904425989836454,False,Riza Akhsani Setyo Prayoga,Dhiyan Septa Wihara
EBgY5K0AAAAJ,p4gdgRgAAAAJ,0.060893770307302475,0.0340355709195137,False,Moch. Badrus Oleh,Rusijono
4VXQFKYAAAAJ,j8HRV1wAAAAJ,0.060885898768901825,0.013911871239542961,False,Renny Sari Dewi,Bambang Suprianto
7EQjv9wAAAAJ,wEGsLv4AAAAJ,0.06071977689862251,0.019190702587366104,False,Asmunin,Ike Fitriyaningsih
Jzuk6doAAAAJ,lmlBHlsAAAAJ,0.06062103062868118,0.020889729261398315,False,Aries Dwi Indriyanti,Widi Aribowo
W7ncZRgAAAAJ,WdhKN0sAAAAJ,0.06056125462055206,0.03686460107564926,False,Hafid Kholidi Hadi,Aditya Prapanca
4VXQFKYAAAAJ,nWPONc8AAAAJ,0.060475751757621765,0.012182993814349174,False,Renny Sari Dewi,Lusia Rakhmawati
1xVR-fgAAAAJ,MnI3Tm0AAAAJ,0.06044689938426018,0.007361012045294046,False,1xVR-fgAAAAJ,Sayyidul Aulia Alamsyah
_ecYpyYAAAAJ,hrVTt4kAAAAJ,0.06044182553887367,0.013818440958857536,False,Dinda Galuh Guminta,Monica Cinthya
cPj-iOIAAAAJ,wlGfsB0AAAAJ,0.060441017150878906,0.037529997527599335,False,Ricky Eka Putra,Salamun Rohman Nudin
Em3aIV0AAAAJ,zDgqPOsAAAAJ,0.06043202430009842,0.03314943611621857,False,Ramadhan Cakra Wibawa,Mustaji
Jzuk6doAAAAJ,j8HRV1wAAAAJ,0.06042828410863876,0.017544018104672432,False,Aries Dwi Indriyanti,Bambang Suprianto
5uDKOUMAAAAJ,A9L19RMAAAAJ,0.060421425849199295,0.01631547510623932,False,Heri Purnawan,Pradini Puspitaningayu
j8HRV1wAAAAJ,psg8hdoAAAAJ,0.0603981539607048,0.018925761803984642,False,Bambang Suprianto,Bonda Sisephaputra
C_EGqeMAAAAJ,W7ncZRgAAAAJ,0.060367703437805176,0.017159543931484222,False,Namira Roudlotul Jannah,Hafid Kholidi Hadi
Thp8jg0AAAAJ,_ecYpyYAAAAJ,0.06036356836557388,0.005332699045538902,False,Dodik Arwin Dermawan,Dinda Galuh Guminta
5nAJx9wAAAAJ,cPj-iOIAAAAJ,0.06034383550286293,0.0397137887775898,False,Muhammad Fachmi,Ricky Eka Putra
itwnm-AAAAAJ,nbtuM4IAAAAJ,0.0603247694671154,0.011146290227770805,False,Achmad Fitro,Parama Diptya Widayaka
5uDKOUMAAAAJ,sHANI1gAAAAJ,0.060095563530921936,0.014488150365650654,False,Heri Purnawan,Rifqi Firmansyah
Tz8EfXcAAAAJ,i0pkJZoAAAAJ,0.06008649989962578,0.02361539751291275,False,Yuliani Puji Astuti,Yuni Rosita Dewi
2lw6P3IAAAAJ,CxdwNaYAAAAJ,0.060059819370508194,0.015092569403350353,False,Muhammad Febrilian Dwi Syahputra,Wiyli Yustanti
Smb2eg8AAAAJ,nbtuM4IAAAAJ,0.05996593087911606,0.006697271019220352,False,Nanang Hoesen. H. A.,Parama Diptya Widayaka
DsVi_OAAAAAJ,LeRoniwAAAAJ,0.05993034690618515,0.011863273568451405,False,Nadia Nur Thahirrah,Farhanna Mari
OffRzhoAAAAJ,hrVTt4kAAAAJ,0.05988788232207298,0.03682059794664383,False,Dwi Fatrianto Suyatno,Monica Cinthya
OffRzhoAAAAJ,jPKU5cAAAAAJ,0.05985952168703079,0.03749867528676987,False,Dwi Fatrianto Suyatno,Anggraeni Widya Purwita
-tpBKawAAAAJ,jJBtZPgAAAAJ,0.059831082820892334,0.020253220573067665,False,Dimas Novian Aditia Syahputra,Siska Puspitaningsih
DrE0Lf8AAAAJ,Tp_X_bYAAAAJ,0.05978318303823471,0.01973191276192665,False,Fresha Kharisma,Farid Baskoro
5uDKOUMAAAAJ,N40Vh64AAAAJ,0.05976313352584839,0.01188588421791792,False,Heri Purnawan,Raden Roro Hapsari Peni Agustin T
5uDKOUMAAAAJ,RES4QIQAAAAJ,0.059727106243371964,0.018654702231287956,False,Heri Purnawan,Arif Widodo
RNJ3vNQAAAAJ,XdEn69YAAAAJ,0.0596417672932148,0.005444326903671026,False,Harmon Prayogi,Cendra Devayana Putra
RvG7jG4AAAAJ,p1pK7E4AAAAJ,0.05960054695606232,0.03897019848227501,False,I Made Suartana,Subuh Isnur Haryudo
Mr22rjsAAAAJ,XdEn69YAAAAJ,0.05958221107721329,0.0058418032713234425,False,Hesti Khuzaimah Nurul Yusufiyah,Cendra Devayana Putra
JsEkeOsAAAAJ,S6IJ51cAAAAJ,0.059524960815906525,0.009823626838624477,False,Ari Kurniawan,Unit Three Kartini
DsVi_OAAAAAJ,Iq3gzh4AAAAJ,0.0595112182199955,0.04453736171126366,True,Nadia Nur Thahirrah,Andi Mariono
cPj-iOIAAAAJ,wwhACXoAAAAJ,0.05944263935089111,0.020483676344156265,False,Ricky Eka Putra,M Adamu Islam Mashuri
Tp_X_bYAAAAJ,itwnm-AAAAAJ,0.05940752848982811,0.01864774338901043,False,Farid Baskoro,Achmad Fitro
yXy6kW0AAAAJ,y_OiarcAAAAJ,0.05933481454849243,0.008103949949145317,False,Harun Al Rosyid,Yandhika Surya Akbar Gumilang
lmlBHlsAAAAJ,psg8hdoAAAAJ,0.05924048274755478,0.0224582739174366,False,Widi Aribowo,Bonda Sisephaputra
Smb2eg8AAAAJ,lmlBHlsAAAAJ,0.05914309620857239,0.013526281341910362,False,Nanang Hoesen. H. A.,Widi Aribowo
XdEn69YAAAAJ,z7RWDi0AAAAJ,0.0591343529522419,0.019265329465270042,False,Cendra Devayana Putra,Tri Rijanto
7EQjv9wAAAAJ,j8HRV1wAAAAJ,0.059113215655088425,0.01099348720163107,False,Asmunin,Bambang Suprianto
UL2-upoAAAAJ,VwvPnrcAAAAJ,0.059109948575496674,0.06702017039060593,False,Dana Azizah Rahmat,Nisa Dwi Septiyanti
RNJ3vNQAAAAJ,YADiqesAAAAJ,0.05910227447748184,0.016326120123267174,False,Harmon Prayogi,Ekohariadi
-gGGkMcAAAAJ,b81qaDkAAAAJ,0.05909162759780884,0.039940785616636276,False,Faris Abdi El Hakim,Anita Safitri
6ifThF0AAAAJ,nWPONc8AAAAJ,0.059053465723991394,0.015607456676661968,False,Ika Diyah Candra Arifah,Lusia Rakhmawati
5uDKOUMAAAAJ,b81qaDkAAAAJ,0.05904259905219078,0.011996988207101822,False,Heri Purnawan,Anita Safitri
jJBtZPgAAAAJ,yXy6kW0AAAAJ,0.0590372271835804,0.031245606020092964,False,Siska Puspitaningsih,Harun Al Rosyid
6ifThF0AAAAJ,j8HRV1wAAAAJ,0.05895647406578064,0.016991334035992622,False,Ika Diyah Candra Arifah,Bambang Suprianto
_n2j0ZAAAAAJ,p1pK7E4AAAAJ,0.05887096747756004,0.01040552370250225,False,I Gusti Lanang Putra Eka Prismana,Subuh Isnur Haryudo
FZ00CQ8AAAAJ,Yw9l51IAAAAJ,0.0588650181889534,0.0036995038390159607,False,Rizky Basatha,Riza Akhsani Setyo Prayoga
-tpBKawAAAAJ,1hm7MM8AAAAJ,0.0588650181889534,0.012014766223728657,False,Dimas Novian Aditia Syahputra,Reza Rahmadian
L6O1lvkAAAAJ,zDgqPOsAAAAJ,0.0588424950838089,0.02367781661450863,False,Tri Wrahatnolo,Mustaji
VwvPnrcAAAAJ,zDgqPOsAAAAJ,0.05882316082715988,0.028841735795140266,False,Nisa Dwi Septiyanti,Mustaji
MZCJPuIAAAAJ,tzjThtIAAAAJ,0.05880305543541908,0.011766728945076466,False,Fajar Arianto,Elly Matul Imah
TAAC1-AAAAAJ,p4gdgRgAAAAJ,0.05873297527432442,0.028122879564762115,False,I Gde Agung Sri Sidhimantra,Rusijono
6MXDzBQAAAAJ,itwnm-AAAAAJ,0.058709047734737396,0.017672546207904816,False,Lilik Anifah,Achmad Fitro
bTjH6IgAAAAJ,yObeL8gAAAAJ,0.05868254601955414,0.022821661084890366,False,Achmad Kautsar,I Gusti Putu Asto Buditjahjanto
Iq3gzh4AAAAJ,q24bD6AAAAAJ,0.058679256588220596,0.02884892001748085,False,Andi Mariono,Martini Dwi Endah Susanti
8wFXNjYAAAAJ,N40Vh64AAAAJ,0.05855197831988335,0.017505671828985214,False,Naim Rochmawati,Raden Roro Hapsari Peni Agustin T
Jzuk6doAAAAJ,wEGsLv4AAAAJ,0.05849973112344742,0.0077193733304739,False,Aries Dwi Indriyanti,Ike Fitriyaningsih
6MXDzBQAAAAJ,TAAC1-AAAAAJ,0.058461349457502365,0.01800302043557167,False,Lilik Anifah,I Gde Agung Sri Sidhimantra
_n2j0ZAAAAAJ,n7ykK-IAAAAJ,0.05841362476348877,0.020527033135294914,False,I Gusti Lanang Putra Eka Prismana,Dhiyan Septa Wihara
-gGGkMcAAAAJ,MZCJPuIAAAAJ,0.05838865786790848,0.04231994226574898,True,Faris Abdi El Hakim,Fajar Arianto
_VFGVQQAAAAJ,t5f89iIAAAAJ,0.05837347358465195,0.013495667837560177,False,Berlian Maulidya Izzati,Andi Iwan Nurhidayat
4Yhmpg0AAAAJ,6MXDzBQAAAAJ,0.058367326855659485,0.018920961767435074,False,Hujjatullah Fazlurrahman,Lilik Anifah
BIrtbD8AAAAJ,b4_EdJYAAAAJ,0.058327656239271164,0.00736255431547761,False,Ibnu Febry Kurniawan,Moh. Khoridatul Huda
cY1QGVEAAAAJ,z7RWDi0AAAAJ,0.05828762799501419,0.018712658435106277,False,Muhammad Sonhaji Akbar,Tri Rijanto
4Yhmpg0AAAAJ,AjvtBWIAAAAJ,0.05822030454874039,0.051806557923555374,False,Hujjatullah Fazlurrahman,Siti Masitoh
RES4QIQAAAAJ,psg8hdoAAAAJ,0.058179695159196854,0.012834861874580383,False,Arif Widodo,Bonda Sisephaputra
S6IJ51cAAAAJ,bTjH6IgAAAAJ,0.05817278102040291,0.029633281752467155,False,Unit Three Kartini,Achmad Kautsar
Hl6bqU8AAAAJ,aW1lSOYAAAAJ,0.05812384560704231,0.02549242414534092,False,Rindu Puspita Wibawa,Aditya Chandra Hermawan
6MXDzBQAAAAJ,Hl6bqU8AAAAJ,0.05811328440904617,0.019198844209313393,False,Lilik Anifah,Rindu Puspita Wibawa
ZhJ08JkAAAAJ,dfwr-2YAAAAJ,0.05810166150331497,0.05788614973425865,False,Bachtiar Syaiful Bachri,Muhammad Fajar Wahyudi Rahman
DrE0Lf8AAAAJ,aW1lSOYAAAAJ,0.058006785809993744,0.029933322221040726,False,Fresha Kharisma,Aditya Chandra Hermawan
5uDKOUMAAAAJ,6MXDzBQAAAAJ,0.057941537350416183,0.02291284129023552,False,Heri Purnawan,Lilik Anifah
RNJ3vNQAAAAJ,lmlBHlsAAAAJ,0.05793877691030502,0.013261329382658005,False,Harmon Prayogi,Widi Aribowo
TAAC1-AAAAAJ,aW1lSOYAAAAJ,0.05786636844277382,0.031654734164476395,False,I Gde Agung Sri Sidhimantra,Aditya Chandra Hermawan
AYI1rosAAAAJ,Hl6bqU8AAAAJ,0.057858455926179886,0.01690472848713398,False,Nurhayati,Rindu Puspita Wibawa
Jzuk6doAAAAJ,n7ykK-IAAAAJ,0.05785403773188591,0.014287484809756279,False,Aries Dwi Indriyanti,Dhiyan Septa Wihara
Jzuk6doAAAAJ,bTjH6IgAAAAJ,0.05775366351008415,0.026965666562318802,False,Aries Dwi Indriyanti,Achmad Kautsar
AYI1rosAAAAJ,TAAC1-AAAAAJ,0.05772827938199043,0.013537048362195492,True,Nurhayati,I Gde Agung Sri Sidhimantra
CxdwNaYAAAAJ,DiBTIz4AAAAJ,0.05765437334775925,0.03295571729540825,False,Wiyli Yustanti,Riskyana Dewi Intan P
nWPONc8AAAAJ,y_OiarcAAAAJ,0.05752236396074295,0.010204555466771126,False,Lusia Rakhmawati,Yandhika Surya Akbar Gumilang
OffRzhoAAAAJ,nyyfjCgAAAAJ,0.05751962587237358,0.010063618421554565,False,Dwi Fatrianto Suyatno,Rifqi Abdillah
fkxhjZ4AAAAJ,q-sbahIAAAAJ,0.05750899389386177,0.0036384854465723038,False,Ronggo Alit,Ulfa Siti Nuraini
2lw6P3IAAAAJ,ZBAnb64AAAAJ,0.05749496817588806,0.028981367126107216,False,Muhammad Febrilian Dwi Syahputra,Ardhini Warih Utami
fkxhjZ4AAAAJ,ne31is4AAAAJ,0.05740932375192642,0.01223213691264391,False,Ronggo Alit,Danang Ary Dewangga
UL2-upoAAAAJ,W7ncZRgAAAAJ,0.05739054083824158,0.044811613857746124,False,Dana Azizah Rahmat,Hafid Kholidi Hadi
LeRoniwAAAAJ,p4gdgRgAAAAJ,0.05735692381858826,0.019153442233800888,False,Farhanna Mari,Rusijono
-gGGkMcAAAAJ,Em3aIV0AAAAJ,0.057340677827596664,0.028665412217378616,False,Faris Abdi El Hakim,Ramadhan Cakra Wibawa
FZ00CQ8AAAAJ,ZRCJXO0AAAAJ,0.057318314909935,0.012802939862012863,False,Rizky Basatha,Riska Dhenabayu
YADiqesAAAAJ,zDgqPOsAAAAJ,0.057272713631391525,0.04757843166589737,False,Ekohariadi,Mustaji
Iq3gzh4AAAAJ,RvG7jG4AAAAJ,0.05726773291826248,0.01899959333240986,False,Andi Mariono,I Made Suartana
1xVR-fgAAAAJ,lmlBHlsAAAAJ,0.05701429396867752,0.020389584824442863,False,1xVR-fgAAAAJ,Widi Aribowo
_VFGVQQAAAAJ,qtFw9UMAAAAJ,0.056991975754499435,0.016264576464891434,False,Berlian Maulidya Izzati,Bambang Sujatmiko
rnlvOfEAAAAJ,wwhACXoAAAAJ,0.05697859078645706,0.00498941307887435,False,Ibrohim,M Adamu Islam Mashuri
itwnm-AAAAAJ,sHANI1gAAAAJ,0.05688956752419472,0.009360296651721,False,Achmad Fitro,Rifqi Firmansyah
UL2-upoAAAAJ,o4zdesUAAAAJ,0.05688188225030899,0.008713091723620892,False,Dana Azizah Rahmat,Rakha Asyrofi
LeRoniwAAAAJ,cPj-iOIAAAAJ,0.05687955766916275,0.01309376209974289,False,Farhanna Mari,Ricky Eka Putra
W7ncZRgAAAAJ,p1pK7E4AAAAJ,0.056820083409547806,0.020104654133319855,False,Hafid Kholidi Hadi,Subuh Isnur Haryudo
Em3aIV0AAAAJ,n7ykK-IAAAAJ,0.05680456385016441,0.021298972889780998,False,Ramadhan Cakra Wibawa,Dhiyan Septa Wihara
Jzuk6doAAAAJ,nVac1BcAAAAJ,0.05672990903258324,0.0024139978922903538,False,Aries Dwi Indriyanti,Rosita
A9L19RMAAAAJ,AX-w0AEAAAAJ,0.05672303959727287,0.009865916334092617,False,Pradini Puspitaningayu,Hasanuddin Al-Habib
Thp8jg0AAAAJ,ZjPpHWsAAAAJ,0.05667375400662422,0.015119212679564953,False,Dodik Arwin Dermawan,Erik Rahman
MnI3Tm0AAAAJ,qtFw9UMAAAAJ,0.05663689225912094,0.00560961477458477,False,Sayyidul Aulia Alamsyah,Bambang Sujatmiko
Iq3gzh4AAAAJ,eEtHoOAAAAAJ,0.05661924183368683,0.031758587807416916,False,Andi Mariono,Rahadian Bisma
Hl6bqU8AAAAJ,n7ykK-IAAAAJ,0.05661537125706673,0.030905380845069885,False,Rindu Puspita Wibawa,Dhiyan Septa Wihara
ZhJ08JkAAAAJ,aW1lSOYAAAAJ,0.056608010083436966,0.02116980217397213,False,Bachtiar Syaiful Bachri,Aditya Chandra Hermawan
1hm7MM8AAAAJ,OffRzhoAAAAJ,0.05656363070011139,0.016007760539650917,False,Reza Rahmadian,Dwi Fatrianto Suyatno
WdhKN0sAAAAJ,jPKU5cAAAAAJ,0.05647662654519081,0.013530568219721317,False,Aditya Prapanca,Anggraeni Widya Purwita
4VXQFKYAAAAJ,6f4j4TYAAAAJ,0.05637497454881668,0.01572410948574543,False,Renny Sari Dewi,Mahendra Widyartono
JsEkeOsAAAAJ,Tz8EfXcAAAAJ,0.056369926780462265,0.038293804973363876,False,Ari Kurniawan,Yuliani Puji Astuti
4d_6xxEAAAAJ,z7RWDi0AAAAJ,0.05634583905339241,0.016594702377915382,False,Ghea Sekar Palupi,Tri Rijanto
Tp_X_bYAAAAJ,XdEn69YAAAAJ,0.0563172847032547,0.025040939450263977,True,Farid Baskoro,Cendra Devayana Putra
Em3aIV0AAAAJ,yObeL8gAAAAJ,0.05629582330584526,0.015118690207600594,False,Ramadhan Cakra Wibawa,I Gusti Putu Asto Buditjahjanto
Tz8EfXcAAAAJ,psg8hdoAAAAJ,0.056203264743089676,0.014368914999067783,False,Yuliani Puji Astuti,Bonda Sisephaputra
IJIEntMAAAAJ,bTjH6IgAAAAJ,0.05618389695882797,0.04796552658081055,False,Yeni Anistyasari,Achmad Kautsar
MZCJPuIAAAAJ,jPKU5cAAAAAJ,0.05617177113890648,0.019147904589772224,False,Fajar Arianto,Anggraeni Widya Purwita
bTjH6IgAAAAJ,sHANI1gAAAAJ,0.05614849179983139,0.010077862069010735,False,Achmad Kautsar,Rifqi Firmansyah
Tz8EfXcAAAAJ,nyyfjCgAAAAJ,0.056117329746484756,0.003247543005272746,False,Yuliani Puji Astuti,Rifqi Abdillah
bTjH6IgAAAAJ,o4zdesUAAAAJ,0.05602698773145676,0.015795838087797165,False,Achmad Kautsar,Rakha Asyrofi
UL2-upoAAAAJ,hn5jrnAAAAAJ,0.05594578757882118,0.018435180187225342,False,Dana Azizah Rahmat,Yuni Yamasari
b81qaDkAAAAJ,eEtHoOAAAAAJ,0.05592780560255051,0.03991537168622017,False,Anita Safitri,Rahadian Bisma
5nAJx9wAAAAJ,Tp_X_bYAAAAJ,0.05592726916074753,0.015129870735108852,False,Muhammad Fachmi,Farid Baskoro
UL2-upoAAAAJ,cPj-iOIAAAAJ,0.05590371787548065,0.018076634034514427,False,Dana Azizah Rahmat,Ricky Eka Putra
R9rGmc4AAAAJ,nyyfjCgAAAAJ,0.055866047739982605,0.0023964564315974712,False,Kartika Chandra Dewi,Rifqi Abdillah
lmlBHlsAAAAJ,qtFw9UMAAAAJ,0.055857762694358826,0.014373731799423695,False,Widi Aribowo,Bambang Sujatmiko
VwvPnrcAAAAJ,W7ncZRgAAAAJ,0.05585765093564987,0.03068668209016323,False,Nisa Dwi Septiyanti,Hafid Kholidi Hadi
dfwr-2YAAAAJ,p1pK7E4AAAAJ,0.055853549391031265,0.023133380338549614,False,Muhammad Fajar Wahyudi Rahman,Subuh Isnur Haryudo
TAAC1-AAAAAJ,qtFw9UMAAAAJ,0.05584049969911575,0.022664163261651993,False,I Gde Agung Sri Sidhimantra,Bambang Sujatmiko
itwnm-AAAAAJ,p1pK7E4AAAAJ,0.055814798921346664,0.016883373260498047,False,Achmad Fitro,Subuh Isnur Haryudo
t5f89iIAAAAJ,wlGfsB0AAAAJ,0.055702246725559235,0.038428790867328644,False,Andi Iwan Nurhidayat,Salamun Rohman Nudin
-_VNTSIAAAAJ,psg8hdoAAAAJ,0.055694449692964554,0.032210856676101685,False,Agus Prihanto,Bonda Sisephaputra
VNrCn4gAAAAJ,psg8hdoAAAAJ,0.0556928925216198,0.003204917535185814,False,Ersha Aisyah Elfaiz,Bonda Sisephaputra
9BWyE0UAAAAJ,lFCI_vsAAAAJ,0.05565803498029709,0.014329587109386921,False,Endryansyah,Atik Wintarti
8wFXNjYAAAAJ,BIrtbD8AAAAJ,0.05557144433259964,0.019802387803792953,False,Naim Rochmawati,Ibnu Febry Kurniawan
N6RJilIAAAAJ,b81qaDkAAAAJ,0.05547923222184181,0.04665110632777214,False,Anita Qoiriah,Anita Safitri
-tpBKawAAAAJ,ZRCJXO0AAAAJ,0.055442288517951965,0.018093692138791084,False,Dimas Novian Aditia Syahputra,Riska Dhenabayu
FZ00CQ8AAAAJ,sHANI1gAAAAJ,0.05542975664138794,0.004255638923496008,False,Rizky Basatha,Rifqi Firmansyah
lFCI_vsAAAAJ,wlGfsB0AAAAJ,0.055389098823070526,0.017370110377669334,False,Atik Wintarti,Salamun Rohman Nudin
Tp_X_bYAAAAJ,psg8hdoAAAAJ,0.05537889525294304,0.017196033149957657,False,Farid Baskoro,Bonda Sisephaputra
DrE0Lf8AAAAJ,o4zdesUAAAAJ,0.05537444353103638,0.018280068412423134,False,Fresha Kharisma,Rakha Asyrofi
6f4j4TYAAAAJ,A9L19RMAAAAJ,0.05537434294819832,0.05964957922697067,False,Mahendra Widyartono,Pradini Puspitaningayu
_VFGVQQAAAAJ,q24bD6AAAAAJ,0.05537323281168938,0.014262626878917217,False,Berlian Maulidya Izzati,Martini Dwi Endah Susanti
DrE0Lf8AAAAJ,j8HRV1wAAAAJ,0.055371128022670746,0.021063657477498055,False,Fresha Kharisma,Bambang Suprianto
Hl6bqU8AAAAJ,Mr22rjsAAAAJ,0.05533658340573311,0.006908797193318605,False,Rindu Puspita Wibawa,Hesti Khuzaimah Nurul Yusufiyah
i0pkJZoAAAAJ,sHANI1gAAAAJ,0.0553138293325901,0.006741607096046209,False,Yuni Rosita Dewi,Rifqi Firmansyah
AYI1rosAAAAJ,Thp8jg0AAAAJ,0.05528763681650162,0.019894735887646675,False,Nurhayati,Dodik Arwin Dermawan
4VXQFKYAAAAJ,MnI3Tm0AAAAJ,0.055234361439943314,0.004020024091005325,False,Renny Sari Dewi,Sayyidul Aulia Alamsyah
RNJ3vNQAAAAJ,TAAC1-AAAAAJ,0.0552123486995697,0.006469064392149448,False,Harmon Prayogi,I Gde Agung Sri Sidhimantra
6ifThF0AAAAJ,RvG7jG4AAAAJ,0.055188778787851334,0.01689634472131729,False,Ika Diyah Candra Arifah,I Made Suartana
9BWyE0UAAAAJ,hn5jrnAAAAAJ,0.055148690938949585,0.053184133023023605,False,Endryansyah,Yuni Yamasari
R9rGmc4AAAAJ,Thp8jg0AAAAJ,0.0551169291138649,0.0029002483934164047,False,Kartika Chandra Dewi,Dodik Arwin Dermawan
Yw9l51IAAAAJ,i0pkJZoAAAAJ,0.055115267634391785,0.003156268270686269,False,Riza Akhsani Setyo Prayoga,Yuni Rosita Dewi
VwvPnrcAAAAJ,hn5jrnAAAAAJ,0.05508876591920853,0.01244785264134407,False,Nisa Dwi Septiyanti,Yuni Yamasari
jPKU5cAAAAAJ,o4zdesUAAAAJ,0.05507562309503555,0.0068003274500370026,False,Anggraeni Widya Purwita,Rakha Asyrofi
2lw6P3IAAAAJ,N6RJilIAAAAJ,0.05503052845597267,0.023282432928681374,False,Muhammad Febrilian Dwi Syahputra,Anita Qoiriah
FZ00CQ8AAAAJ,LsydBAMAAAAJ,0.05502736195921898,0.011137890629470348,False,Rizky Basatha,Puput Wanarti Rusimamto
AYI1rosAAAAJ,Jzuk6doAAAAJ,0.054827217012643814,0.016322847455739975,False,Nurhayati,Aries Dwi Indriyanti
OwdLKtQAAAAJ,fkxhjZ4AAAAJ,0.054765377193689346,0.013774946331977844,False,Fitria,Ronggo Alit
Iq3gzh4AAAAJ,VwvPnrcAAAAJ,0.05474090203642845,0.026293497532606125,False,Andi Mariono,Nisa Dwi Septiyanti
hrVTt4kAAAAJ,nbtuM4IAAAAJ,0.054655276238918304,0.006969423033297062,False,Monica Cinthya,Parama Diptya Widayaka
34CwHgkAAAAJ,RNJ3vNQAAAAJ,0.054638978093862534,0.0038290973752737045,False,Riza Akhsani Setyo Prayoga,Harmon Prayogi
-tpBKawAAAAJ,_n2j0ZAAAAAJ,0.054617565125226974,0.02222469076514244,False,Dimas Novian Aditia Syahputra,I Gusti Lanang Putra Eka Prismana
6f4j4TYAAAAJ,itwnm-AAAAAJ,0.0545978881418705,0.02667476423084736,False,Mahendra Widyartono,Achmad Fitro
34CwHgkAAAAJ,AjvtBWIAAAAJ,0.05454666167497635,0.03381915017962456,False,Riza Akhsani Setyo Prayoga,Siti Masitoh
_VFGVQQAAAAJ,dfwr-2YAAAAJ,0.05454587936401367,0.011983677744865417,False,Berlian Maulidya Izzati,Muhammad Fajar Wahyudi Rahman
Yw9l51IAAAAJ,psg8hdoAAAAJ,0.054543960839509964,0.0025430743116885424,False,Riza Akhsani Setyo Prayoga,Bonda Sisephaputra
-tpBKawAAAAJ,_ecYpyYAAAAJ,0.05450432002544403,0.008100326173007488,False,Dimas Novian Aditia Syahputra,Dinda Galuh Guminta
Tz8EfXcAAAAJ,hrVTt4kAAAAJ,0.054474446922540665,0.012500876560807228,False,Yuliani Puji Astuti,Monica Cinthya
DsVi_OAAAAAJ,NO8mJucAAAAJ,0.05444661155343056,0.030714871361851692,False,Nadia Nur Thahirrah,Wahyu Sasongko Putro
Iq3gzh4AAAAJ,y_OiarcAAAAJ,0.05440527945756912,0.00773804122582078,False,Andi Mariono,Yandhika Surya Akbar Gumilang
JsEkeOsAAAAJ,b4_EdJYAAAAJ,0.05433432757854462,0.035918205976486206,False,Ari Kurniawan,Moh. Khoridatul Huda
cY1QGVEAAAAJ,dfwr-2YAAAAJ,0.05422674119472504,0.03426363691687584,False,Muhammad Sonhaji Akbar,Muhammad Fajar Wahyudi Rahman
ZBAnb64AAAAJ,y_OiarcAAAAJ,0.05422252044081688,0.011745685711503029,False,Ardhini Warih Utami,Yandhika Surya Akbar Gumilang
-BuJoD0AAAAJ,6f4j4TYAAAAJ,0.05422242358326912,0.020905282348394394,False,Ratih Amelia,Mahendra Widyartono
jJBtZPgAAAAJ,nyyfjCgAAAAJ,0.05420483648777008,0.0051223719492554665,False,Siska Puspitaningsih,Rifqi Abdillah
Tz8EfXcAAAAJ,qtFw9UMAAAAJ,0.05417449772357941,0.01964547485113144,False,Yuliani Puji Astuti,Bambang Sujatmiko
-tpBKawAAAAJ,MeGE8WAAAAAJ,0.054128896445035934,0.02077793888747692,False,Dimas Novian Aditia Syahputra,Binti Kholifah
-_VNTSIAAAAJ,DiBTIz4AAAAJ,0.054069362580776215,0.06508632004261017,False,Agus Prihanto,Riskyana Dewi Intan P
bTjH6IgAAAAJ,z7RWDi0AAAAJ,0.05402672663331032,0.027389928698539734,False,Achmad Kautsar,Tri Rijanto
4d_6xxEAAAAJ,5nAJx9wAAAAJ,0.05402138829231262,0.023902829736471176,False,Ghea Sekar Palupi,Muhammad Fachmi
nVac1BcAAAAJ,y_OiarcAAAAJ,0.053959041833877563,0.002049372997134924,False,Rosita,Yandhika Surya Akbar Gumilang
34CwHgkAAAAJ,j8HRV1wAAAAJ,0.05393902212381363,0.010127037763595581,True,Riza Akhsani Setyo Prayoga,Bambang Suprianto
EBgY5K0AAAAJ,wwhACXoAAAAJ,0.053908396512269974,0.02413148805499077,False,Moch. Badrus Oleh,M Adamu Islam Mashuri
7EQjv9wAAAAJ,RES4QIQAAAAJ,0.05387347191572189,0.007794221863150597,False,Asmunin,Arif Widodo
JsEkeOsAAAAJ,q24bD6AAAAAJ,0.05384974554181099,0.048298511654138565,False,Ari Kurniawan,Martini Dwi Endah Susanti
nVac1BcAAAAJ,wwhACXoAAAAJ,0.053835686296224594,0.00493094976991415,False,Rosita,M Adamu Islam Mashuri
1xVR-fgAAAAJ,MZCJPuIAAAAJ,0.05383259430527687,0.02195725589990616,False,1xVR-fgAAAAJ,Fajar Arianto
tzjThtIAAAAJ,wEGsLv4AAAAJ,0.053831424564123154,0.021875185891985893,False,Elly Matul Imah,Ike Fitriyaningsih
MnI3Tm0AAAAJ,hn5jrnAAAAAJ,0.053830452263355255,0.032553356140851974,False,Sayyidul Aulia Alamsyah,Yuni Yamasari
7EQjv9wAAAAJ,_ecYpyYAAAAJ,0.05383007600903511,0.011272675357758999,False,Asmunin,Dinda Galuh Guminta
NO8mJucAAAAJ,TAAC1-AAAAAJ,0.05382763594388962,0.01747574470937252,False,Wahyu Sasongko Putro,I Gde Agung Sri Sidhimantra
7EQjv9wAAAAJ,AjvtBWIAAAAJ,0.05381716042757034,0.04102320969104767,False,Asmunin,Siti Masitoh
L6O1lvkAAAAJ,hn5jrnAAAAAJ,0.053812555968761444,0.04587533324956894,False,Tri Wrahatnolo,Yuni Yamasari
6ifThF0AAAAJ,nbtuM4IAAAAJ,0.053607746958732605,0.010029427707195282,False,Ika Diyah Candra Arifah,Parama Diptya Widayaka
-gGGkMcAAAAJ,1hm7MM8AAAAJ,0.05358485132455826,0.016555454581975937,False,Faris Abdi El Hakim,Reza Rahmadian
4Yhmpg0AAAAJ,nbtuM4IAAAAJ,0.053543537855148315,0.013193370774388313,False,Hujjatullah Fazlurrahman,Parama Diptya Widayaka
4VXQFKYAAAAJ,p1pK7E4AAAAJ,0.05351293087005615,0.013358009047806263,False,Renny Sari Dewi,Subuh Isnur Haryudo
MZCJPuIAAAAJ,pCyzpjgAAAAJ,0.053512874990701675,0.0062835025601089,False,Fajar Arianto,Nurul Laili
Jzuk6doAAAAJ,NO8mJucAAAAJ,0.053464919328689575,0.010606269352138042,False,Aries Dwi Indriyanti,Wahyu Sasongko Putro
DrE0Lf8AAAAJ,nbtuM4IAAAAJ,0.05346466228365898,0.013148000463843346,False,Fresha Kharisma,Parama Diptya Widayaka
Hl6bqU8AAAAJ,YADiqesAAAAJ,0.053435105830430984,0.02333386242389679,False,Rindu Puspita Wibawa,Ekohariadi
iFSMsegAAAAJ,tzjThtIAAAAJ,0.053365785628557205,0.01155117154121399,False,Elvira Wardah,Elly Matul Imah
9BWyE0UAAAAJ,CxdwNaYAAAAJ,0.05335403233766556,0.04518941789865494,False,Endryansyah,Wiyli Yustanti
4VXQFKYAAAAJ,CxdwNaYAAAAJ,0.05334537476301193,0.02214377000927925,False,Renny Sari Dewi,Wiyli Yustanti
MeGE8WAAAAAJ,_n2j0ZAAAAAJ,0.05333758890628815,0.018823498860001564,False,Binti Kholifah,I Gusti Lanang Putra Eka Prismana
R9rGmc4AAAAJ,cY1QGVEAAAAJ,0.05332950875163078,0.003961730282753706,False,Kartika Chandra Dewi,Muhammad Sonhaji Akbar
-_VNTSIAAAAJ,q24bD6AAAAAJ,0.05331825464963913,0.03064730018377304,False,Agus Prihanto,Martini Dwi Endah Susanti
N6RJilIAAAAJ,y_OiarcAAAAJ,0.05323692411184311,0.027557864785194397,False,Anita Qoiriah,Yandhika Surya Akbar Gumilang
6ifThF0AAAAJ,aW1lSOYAAAAJ,0.05322815477848053,0.023061946034431458,False,Ika Diyah Candra Arifah,Aditya Chandra Hermawan
DsVi_OAAAAAJ,jPKU5cAAAAAJ,0.05319654941558838,0.029613912105560303,False,Nadia Nur Thahirrah,Anggraeni Widya Purwita
-gGGkMcAAAAJ,WdhKN0sAAAAJ,0.053163740783929825,0.0244100671261549,True,Faris Abdi El Hakim,Aditya Prapanca
9BWyE0UAAAAJ,cPj-iOIAAAAJ,0.05314430221915245,0.04082810878753662,False,Endryansyah,Ricky Eka Putra
4Yhmpg0AAAAJ,yObeL8gAAAAJ,0.05310956761240959,0.019440652802586555,False,Hujjatullah Fazlurrahman,I Gusti Putu Asto Buditjahjanto
N6RJilIAAAAJ,TAAC1-AAAAAJ,0.05309068039059639,0.039485689252614975,False,Anita Qoiriah,I Gde Agung Sri Sidhimantra
5uDKOUMAAAAJ,yObeL8gAAAAJ,0.052996229380369186,0.01994486339390278,False,Heri Purnawan,I Gusti Putu Asto Buditjahjanto
5nAJx9wAAAAJ,j8HRV1wAAAAJ,0.052992433309555054,0.01425026822835207,False,Muhammad Fachmi,Bambang Suprianto
IJIEntMAAAAJ,itwnm-AAAAAJ,0.05289484187960625,0.01916702464222908,False,Yeni Anistyasari,Achmad Fitro
6ifThF0AAAAJ,p1pK7E4AAAAJ,0.052870310842990875,0.01580374501645565,False,Ika Diyah Candra Arifah,Subuh Isnur Haryudo
nVac1BcAAAAJ,nyyfjCgAAAAJ,0.05286883935332298,0.0013535228790715337,False,Rosita,Rifqi Abdillah
MeGE8WAAAAAJ,eEtHoOAAAAAJ,0.0528426319360733,0.023464638739824295,False,Binti Kholifah,Rahadian Bisma
TAAC1-AAAAAJ,_VFGVQQAAAAJ,0.052837248891592026,0.012910915538668633,False,I Gde Agung Sri Sidhimantra,Berlian Maulidya Izzati
7EQjv9wAAAAJ,n7ykK-IAAAAJ,0.05282878875732422,0.02787811867892742,False,Asmunin,Dhiyan Septa Wihara
aW1lSOYAAAAJ,b81qaDkAAAAJ,0.05275193229317665,0.0498708076775074,False,Aditya Chandra Hermawan,Anita Safitri
-BuJoD0AAAAJ,6MXDzBQAAAAJ,0.05273502692580223,0.016452785581350327,False,Ratih Amelia,Lilik Anifah
4Yhmpg0AAAAJ,nWPONc8AAAAJ,0.052716273814439774,0.018088700249791145,False,Hujjatullah Fazlurrahman,Lusia Rakhmawati
5nAJx9wAAAAJ,CxdwNaYAAAAJ,0.05264041945338249,0.039396002888679504,False,Muhammad Fachmi,Wiyli Yustanti
4d_6xxEAAAAJ,yObeL8gAAAAJ,0.0526103749871254,0.014284556731581688,False,Ghea Sekar Palupi,I Gusti Putu Asto Buditjahjanto
34CwHgkAAAAJ,TB0QfMoAAAAJ,0.052590057253837585,0.007648630067706108,False,Riza Akhsani Setyo Prayoga,Miftahur Rohman
-BuJoD0AAAAJ,sHANI1gAAAAJ,0.052563369274139404,0.009563008323311806,False,Ratih Amelia,Rifqi Firmansyah
W7ncZRgAAAAJ,wwhACXoAAAAJ,0.05255753919482231,0.025572415441274643,False,Hafid Kholidi Hadi,M Adamu Islam Mashuri
-BuJoD0AAAAJ,VwvPnrcAAAAJ,0.052521657198667526,0.03713623061776161,False,Ratih Amelia,Nisa Dwi Septiyanti
lmlBHlsAAAAJ,p4gdgRgAAAAJ,0.0523545928299427,0.01660960353910923,False,Widi Aribowo,Rusijono
8wFXNjYAAAAJ,JsEkeOsAAAAJ,0.052333585917949677,0.02370145544409752,False,Naim Rochmawati,Ari Kurniawan
L6O1lvkAAAAJ,cPj-iOIAAAAJ,0.05231551080942154,0.037579119205474854,False,Tri Wrahatnolo,Ricky Eka Putra
4d_6xxEAAAAJ,LeRoniwAAAAJ,0.05231241509318352,0.014412373304367065,False,Ghea Sekar Palupi,Farhanna Mari
lFCI_vsAAAAJ,wwhACXoAAAAJ,0.05227074399590492,0.01901107467710972,False,Atik Wintarti,M Adamu Islam Mashuri
_n2j0ZAAAAAJ,o4zdesUAAAAJ,0.05223553255200386,0.009351841174066067,False,I Gusti Lanang Putra Eka Prismana,Rakha Asyrofi
ZjPpHWsAAAAJ,nbtuM4IAAAAJ,0.052218277007341385,0.006370787974447012,False,Erik Rahman,Parama Diptya Widayaka
BIrtbD8AAAAJ,Mr22rjsAAAAJ,0.052174199372529984,0.012147746980190277,False,Ibnu Febry Kurniawan,Hesti Khuzaimah Nurul Yusufiyah
ZRCJXO0AAAAJ,wwhACXoAAAAJ,0.05214168131351471,0.011935940943658352,False,Riska Dhenabayu,M Adamu Islam Mashuri
Thp8jg0AAAAJ,q-sbahIAAAAJ,0.05210946127772331,0.002592136152088642,False,Dodik Arwin Dermawan,Ulfa Siti Nuraini
4Yhmpg0AAAAJ,TB0QfMoAAAAJ,0.05206600949168205,0.014375139959156513,False,Hujjatullah Fazlurrahman,Miftahur Rohman
1xVR-fgAAAAJ,C_EGqeMAAAAJ,0.052005961537361145,0.00990345049649477,False,1xVR-fgAAAAJ,Namira Roudlotul Jannah
1xVR-fgAAAAJ,cY1QGVEAAAAJ,0.051997873932123184,0.015964211896061897,False,1xVR-fgAAAAJ,Muhammad Sonhaji Akbar
DrE0Lf8AAAAJ,ZhJ08JkAAAAJ,0.05199672281742096,0.054634809494018555,False,Fresha Kharisma,Bachtiar Syaiful Bachri
RNJ3vNQAAAAJ,itwnm-AAAAAJ,0.051994726061820984,0.01192726381123066,False,Harmon Prayogi,Achmad Fitro
NO8mJucAAAAJ,bTjH6IgAAAAJ,0.05194783955812454,0.0291599053889513,False,Wahyu Sasongko Putro,Achmad Kautsar
jPKU5cAAAAAJ,lmlBHlsAAAAJ,0.05191371589899063,0.007426634896546602,False,Anggraeni Widya Purwita,Widi Aribowo
BIrtbD8AAAAJ,hjllQ9gAAAAJ,0.05180872604250908,0.010986951179802418,False,Ibnu Febry Kurniawan,Nur Kholis
1hm7MM8AAAAJ,Smb2eg8AAAAJ,0.05179404467344284,0.029982468113303185,False,Reza Rahmadian,Nanang Hoesen. H. A.
eEtHoOAAAAAJ,jJBtZPgAAAAJ,0.05172351375222206,0.017014164477586746,False,Rahadian Bisma,Siska Puspitaningsih
DrE0Lf8AAAAJ,_VFGVQQAAAAJ,0.0517062209546566,0.01792198047041893,False,Fresha Kharisma,Berlian Maulidya Izzati
Thp8jg0AAAAJ,n7IAKI0AAAAJ,0.05170120298862457,0.005872583482414484,False,Dodik Arwin Dermawan,Joko
Jzuk6doAAAAJ,YADiqesAAAAJ,0.05169309303164482,0.015119556337594986,False,Aries Dwi Indriyanti,Ekohariadi
8wFXNjYAAAAJ,wwhACXoAAAAJ,0.0516916923224926,0.01985188014805317,False,Naim Rochmawati,M Adamu Islam Mashuri
OffRzhoAAAAJ,pb3-UjwAAAAJ,0.051679108291864395,0.008772752247750759,False,Dwi Fatrianto Suyatno,Moch Deny Pratama
IJIEntMAAAAJ,i0pkJZoAAAAJ,0.05159395933151245,0.027608590200543404,False,Yeni Anistyasari,Yuni Rosita Dewi
ZRCJXO0AAAAJ,qtFw9UMAAAAJ,0.051587678492069244,0.017568496987223625,False,Riska Dhenabayu,Bambang Sujatmiko
-BuJoD0AAAAJ,RES4QIQAAAAJ,0.051572285592556,0.01277903188019991,False,Ratih Amelia,Arif Widodo
AX-w0AEAAAAJ,cY1QGVEAAAAJ,0.05156536027789116,0.024800218641757965,False,Hasanuddin Al-Habib,Muhammad Sonhaji Akbar
_ecYpyYAAAAJ,b4_EdJYAAAAJ,0.05155585706233978,0.015655484050512314,False,Dinda Galuh Guminta,Moh. Khoridatul Huda
dfwr-2YAAAAJ,psg8hdoAAAAJ,0.051528722047805786,0.024346336722373962,False,Muhammad Fajar Wahyudi Rahman,Bonda Sisephaputra
VNrCn4gAAAAJ,jJBtZPgAAAAJ,0.051513366401195526,0.010328506119549274,False,Ersha Aisyah Elfaiz,Siska Puspitaningsih
A9L19RMAAAAJ,psg8hdoAAAAJ,0.051492951810359955,0.006433455273509026,False,Pradini Puspitaningayu,Bonda Sisephaputra
-gGGkMcAAAAJ,DrE0Lf8AAAAJ,0.05148991197347641,0.04980601370334625,False,Faris Abdi El Hakim,Fresha Kharisma
ZRCJXO0AAAAJ,y_OiarcAAAAJ,0.05145171284675598,0.0033569016959518194,False,Riska Dhenabayu,Yandhika Surya Akbar Gumilang
4d_6xxEAAAAJ,AYI1rosAAAAJ,0.051439423114061356,0.009026512503623962,False,Ghea Sekar Palupi,Nurhayati
Yw9l51IAAAAJ,bTjH6IgAAAAJ,0.051351528614759445,0.0032522305846214294,False,Riza Akhsani Setyo Prayoga,Achmad Kautsar
N6RJilIAAAAJ,_n2j0ZAAAAAJ,0.051351334899663925,0.03965930640697479,False,Anita Qoiriah,I Gusti Lanang Putra Eka Prismana
-_VNTSIAAAAJ,eEtHoOAAAAAJ,0.05135130509734154,0.03433108702301979,False,Agus Prihanto,Rahadian Bisma
XdEn69YAAAAJ,yObeL8gAAAAJ,0.051351148635149,0.01660618558526039,False,Cendra Devayana Putra,I Gusti Putu Asto Buditjahjanto
Yw9l51IAAAAJ,_n2j0ZAAAAAJ,0.05127231031656265,0.0028274438809603453,False,Riza Akhsani Setyo Prayoga,I Gusti Lanang Putra Eka Prismana
OffRzhoAAAAJ,Thp8jg0AAAAJ,0.05126126483082771,0.03193039074540138,False,Dwi Fatrianto Suyatno,Dodik Arwin Dermawan
6ifThF0AAAAJ,CxdwNaYAAAAJ,0.05119072645902634,0.024623364210128784,False,Ika Diyah Candra Arifah,Wiyli Yustanti
ZBAnb64AAAAJ,nWPONc8AAAAJ,0.05118894204497337,0.012985294684767723,False,Ardhini Warih Utami,Lusia Rakhmawati
6f4j4TYAAAAJ,zDgqPOsAAAAJ,0.05109173804521561,0.03012278862297535,False,Mahendra Widyartono,Mustaji
UL2-upoAAAAJ,hjllQ9gAAAAJ,0.05109068751335144,0.006883662194013596,False,Dana Azizah Rahmat,Nur Kholis
hjllQ9gAAAAJ,y_OiarcAAAAJ,0.051080796867609024,0.010855789296329021,False,Nur Kholis,Yandhika Surya Akbar Gumilang
CxdwNaYAAAAJ,i0pkJZoAAAAJ,0.05106906592845917,0.025949763134121895,False,Wiyli Yustanti,Yuni Rosita Dewi
eEtHoOAAAAAJ,j8HRV1wAAAAJ,0.051064249128103256,0.015348274260759354,False,Rahadian Bisma,Bambang Suprianto
4Yhmpg0AAAAJ,CxdwNaYAAAAJ,0.05105116218328476,0.02802150882780552,False,Hujjatullah Fazlurrahman,Wiyli Yustanti
7EQjv9wAAAAJ,LsydBAMAAAAJ,0.051033757627010345,0.011169061996042728,False,Asmunin,Puput Wanarti Rusimamto
jJBtZPgAAAAJ,qtFw9UMAAAAJ,0.05102679878473282,0.022345200181007385,False,Siska Puspitaningsih,Bambang Sujatmiko
5uDKOUMAAAAJ,hjllQ9gAAAAJ,0.05101144313812256,0.020630039274692535,False,Heri Purnawan,Nur Kholis
_n2j0ZAAAAAJ,z7RWDi0AAAAJ,0.05098472908139229,0.01175779104232788,False,I Gusti Lanang Putra Eka Prismana,Tri Rijanto
4Yhmpg0AAAAJ,wwhACXoAAAAJ,0.050945427268743515,0.022316763177514076,False,Hujjatullah Fazlurrahman,M Adamu Islam Mashuri
-BuJoD0AAAAJ,AjvtBWIAAAAJ,0.05093453451991081,0.08080267161130905,True,Ratih Amelia,Siti Masitoh
L6O1lvkAAAAJ,lFCI_vsAAAAJ,0.050933923572301865,0.013499087654054165,False,Tri Wrahatnolo,Atik Wintarti
4d_6xxEAAAAJ,ZhJ08JkAAAAJ,0.05087108537554741,0.036602288484573364,False,Ghea Sekar Palupi,Bachtiar Syaiful Bachri
-tpBKawAAAAJ,Yw9l51IAAAAJ,0.05086277052760124,0.004190387669950724,False,Dimas Novian Aditia Syahputra,Riza Akhsani Setyo Prayoga
5uDKOUMAAAAJ,itwnm-AAAAAJ,0.0508548766374588,0.010986893437802792,False,Heri Purnawan,Achmad Fitro
Hl6bqU8AAAAJ,ZjPpHWsAAAAJ,0.050838448107242584,0.01804845966398716,False,Rindu Puspita Wibawa,Erik Rahman
FZ00CQ8AAAAJ,p4gdgRgAAAAJ,0.05082826316356659,0.03982895240187645,False,Rizky Basatha,Rusijono
4Yhmpg0AAAAJ,7EQjv9wAAAAJ,0.05079001933336258,0.029695162549614906,False,Hujjatullah Fazlurrahman,Asmunin
Thp8jg0AAAAJ,rnlvOfEAAAAJ,0.050775106996297836,0.0023862223606556654,False,Dodik Arwin Dermawan,Ibrohim
MeGE8WAAAAAJ,psg8hdoAAAAJ,0.05077483877539635,0.013900453224778175,False,Binti Kholifah,Bonda Sisephaputra
6RBIukkAAAAJ,hrVTt4kAAAAJ,0.050758618861436844,0.015752360224723816,False,Yatim Riyanto,Monica Cinthya
4d_6xxEAAAAJ,A9L19RMAAAAJ,0.05075845494866371,0.00507322745397687,False,Ghea Sekar Palupi,Pradini Puspitaningayu
JsEkeOsAAAAJ,nbtuM4IAAAAJ,0.050675198435783386,0.0068098255433142185,False,Ari Kurniawan,Parama Diptya Widayaka
DrE0Lf8AAAAJ,MnI3Tm0AAAAJ,0.05066138505935669,0.007680308539420366,False,Fresha Kharisma,Sayyidul Aulia Alamsyah
4VXQFKYAAAAJ,NO8mJucAAAAJ,0.050569236278533936,0.027556737884879112,False,Renny Sari Dewi,Wahyu Sasongko Putro
Hl6bqU8AAAAJ,n7IAKI0AAAAJ,0.050558339804410934,0.007281682454049587,False,Rindu Puspita Wibawa,Joko
8wFXNjYAAAAJ,L6O1lvkAAAAJ,0.05053703859448433,0.028561189770698547,False,Naim Rochmawati,Tri Wrahatnolo
5nAJx9wAAAAJ,LsydBAMAAAAJ,0.05049283802509308,0.016927259042859077,False,Muhammad Fachmi,Puput Wanarti Rusimamto
RvG7jG4AAAAJ,wwhACXoAAAAJ,0.05048881098628044,0.01655249483883381,False,I Made Suartana,M Adamu Islam Mashuri
n7IAKI0AAAAJ,qtFw9UMAAAAJ,0.05046944320201874,0.008649474941194057,False,Joko,Bambang Sujatmiko
ZhJ08JkAAAAJ,eEtHoOAAAAAJ,0.05046733096241951,0.02355984039604664,False,Bachtiar Syaiful Bachri,Rahadian Bisma
i0pkJZoAAAAJ,z7RWDi0AAAAJ,0.050429992377758026,0.01792517490684986,False,Yuni Rosita Dewi,Tri Rijanto
AjvtBWIAAAAJ,hrVTt4kAAAAJ,0.05042392760515213,0.017524374648928642,False,Siti Masitoh,Monica Cinthya
4Yhmpg0AAAAJ,RNJ3vNQAAAAJ,0.050401218235492706,0.006551086902618408,False,Hujjatullah Fazlurrahman,Harmon Prayogi
TB0QfMoAAAAJ,psg8hdoAAAAJ,0.0503886342048645,0.015506446361541748,True,Miftahur Rohman,Bonda Sisephaputra
bTjH6IgAAAAJ,lFCI_vsAAAAJ,0.05033976212143898,0.024385688826441765,False,Achmad Kautsar,Atik Wintarti
RvG7jG4AAAAJ,bTjH6IgAAAAJ,0.05028799548745155,0.03385327756404877,False,I Made Suartana,Achmad Kautsar
Em3aIV0AAAAJ,aW1lSOYAAAAJ,0.05027773603796959,0.018276527523994446,False,Ramadhan Cakra Wibawa,Aditya Chandra Hermawan
-tpBKawAAAAJ,hn5jrnAAAAAJ,0.05027023330330849,0.020452052354812622,False,Dimas Novian Aditia Syahputra,Yuni Yamasari
W7ncZRgAAAAJ,nbtuM4IAAAAJ,0.050252366811037064,0.013010332360863686,False,Hafid Kholidi Hadi,Parama Diptya Widayaka
cY1QGVEAAAAJ,yObeL8gAAAAJ,0.05019814148545265,0.016510574147105217,False,Muhammad Sonhaji Akbar,I Gusti Putu Asto Buditjahjanto
1xVR-fgAAAAJ,LeRoniwAAAAJ,0.05019715055823326,0.005840617697685957,False,1xVR-fgAAAAJ,Farhanna Mari
EBgY5K0AAAAJ,hjllQ9gAAAAJ,0.05014187470078468,0.00737564405426383,False,Moch. Badrus Oleh,Nur Kholis
bTjH6IgAAAAJ,p4gdgRgAAAAJ,0.050052981823682785,0.04549410939216614,False,Achmad Kautsar,Rusijono
-BuJoD0AAAAJ,z7RWDi0AAAAJ,0.050052836537361145,0.02680261991918087,True,Ratih Amelia,Tri Rijanto
LeRoniwAAAAJ,hjllQ9gAAAAJ,0.0500466451048851,0.004865058232098818,False,Farhanna Mari,Nur Kholis
1hm7MM8AAAAJ,ZBAnb64AAAAJ,0.050001367926597595,0.01487523689866066,False,Reza Rahmadian,Ardhini Warih Utami
DrE0Lf8AAAAJ,p1pK7E4AAAAJ,0.04997780919075012,0.02005918323993683,False,Fresha Kharisma,Subuh Isnur Haryudo
RNJ3vNQAAAAJ,UL2-upoAAAAJ,0.04997015371918678,0.006043882574886084,False,Harmon Prayogi,Dana Azizah Rahmat
Hl6bqU8AAAAJ,ZRCJXO0AAAAJ,0.04995739459991455,0.01291665993630886,False,Rindu Puspita Wibawa,Riska Dhenabayu
Tp_X_bYAAAAJ,cY1QGVEAAAAJ,0.049921441823244095,0.021231237798929214,False,Farid Baskoro,Muhammad Sonhaji Akbar
OffRzhoAAAAJ,hjllQ9gAAAAJ,0.04982073977589607,0.013536048121750355,False,Dwi Fatrianto Suyatno,Nur Kholis
2lw6P3IAAAAJ,WdhKN0sAAAAJ,0.049800124019384384,0.015533344820141792,False,Muhammad Febrilian Dwi Syahputra,Aditya Prapanca
-BuJoD0AAAAJ,yObeL8gAAAAJ,0.04979352280497551,0.019830409437417984,False,Ratih Amelia,I Gusti Putu Asto Buditjahjanto
1xVR-fgAAAAJ,zDgqPOsAAAAJ,0.04968268424272537,0.019901640713214874,False,1xVR-fgAAAAJ,Mustaji
UL2-upoAAAAJ,_n2j0ZAAAAAJ,0.04967484995722771,0.035514265298843384,False,Dana Azizah Rahmat,I Gusti Lanang Putra Eka Prismana
dfwr-2YAAAAJ,yObeL8gAAAAJ,0.0496654286980629,0.022543104365468025,False,Muhammad Fajar Wahyudi Rahman,I Gusti Putu Asto Buditjahjanto
OwdLKtQAAAAJ,b81qaDkAAAAJ,0.04965614154934883,0.02470678836107254,False,Fitria,Anita Safitri
6MXDzBQAAAAJ,Thp8jg0AAAAJ,0.049649689346551895,0.023543735966086388,False,Lilik Anifah,Dodik Arwin Dermawan
1hm7MM8AAAAJ,o4zdesUAAAAJ,0.04961346834897995,0.025422103703022003,True,Reza Rahmadian,Rakha Asyrofi
4Yhmpg0AAAAJ,z7RWDi0AAAAJ,0.04953299090266228,0.023598553612828255,False,Hujjatullah Fazlurrahman,Tri Rijanto
p1pK7E4AAAAJ,p4gdgRgAAAAJ,0.049517348408699036,0.014210988767445087,False,Subuh Isnur Haryudo,Rusijono
-gGGkMcAAAAJ,DsVi_OAAAAAJ,0.049456316977739334,0.04057331755757332,False,Faris Abdi El Hakim,Nadia Nur Thahirrah
iFSMsegAAAAJ,lFCI_vsAAAAJ,0.04942694678902626,0.01058709342032671,False,Elvira Wardah,Atik Wintarti
Mr22rjsAAAAJ,cY1QGVEAAAAJ,0.0494067445397377,0.007123480085283518,False,Hesti Khuzaimah Nurul Yusufiyah,Muhammad Sonhaji Akbar
4Yhmpg0AAAAJ,RES4QIQAAAAJ,0.049406230449676514,0.012736018747091293,False,Hujjatullah Fazlurrahman,Arif Widodo
RNJ3vNQAAAAJ,Thp8jg0AAAAJ,0.04938604682683945,0.007322223391383886,False,Harmon Prayogi,Dodik Arwin Dermawan
Jzuk6doAAAAJ,R9rGmc4AAAAJ,0.049354590475559235,0.0029381841886788607,False,Aries Dwi Indriyanti,Kartika Chandra Dewi
N6RJilIAAAAJ,sHANI1gAAAAJ,0.04934483766555786,0.022092744708061218,False,Anita Qoiriah,Rifqi Firmansyah
4d_6xxEAAAAJ,sHANI1gAAAAJ,0.049307987093925476,0.006016896106302738,False,Ghea Sekar Palupi,Rifqi Firmansyah
L6O1lvkAAAAJ,p4gdgRgAAAAJ,0.04928763210773468,0.013761207461357117,False,Tri Wrahatnolo,Rusijono
AYI1rosAAAAJ,XdEn69YAAAAJ,0.049286097288131714,0.014956514351069927,False,Nurhayati,Cendra Devayana Putra
hn5jrnAAAAAJ,wwhACXoAAAAJ,0.0492706261575222,0.028812719509005547,False,Yuni Yamasari,M Adamu Islam Mashuri
Jzuk6doAAAAJ,n7IAKI0AAAAJ,0.049246642738580704,0.00650477409362793,False,Aries Dwi Indriyanti,Joko
RvG7jG4AAAAJ,b81qaDkAAAAJ,0.04924064129590988,0.0259972233325243,False,I Made Suartana,Anita Safitri
dfwr-2YAAAAJ,z7RWDi0AAAAJ,0.04918348789215088,0.026107756420969963,False,Muhammad Fajar Wahyudi Rahman,Tri Rijanto
4Yhmpg0AAAAJ,sHANI1gAAAAJ,0.04915214702486992,0.00887095183134079,True,Hujjatullah Fazlurrahman,Rifqi Firmansyah
Mr22rjsAAAAJ,fkxhjZ4AAAAJ,0.04911653324961662,0.00554836867377162,False,Hesti Khuzaimah Nurul Yusufiyah,Ronggo Alit
AYI1rosAAAAJ,psg8hdoAAAAJ,0.049081701785326004,0.012580620124936104,False,Nurhayati,Bonda Sisephaputra
nWPONc8AAAAJ,wlGfsB0AAAAJ,0.049012672156095505,0.011010710150003433,False,Lusia Rakhmawati,Salamun Rohman Nudin
LeRoniwAAAAJ,nWPONc8AAAAJ,0.049001581966876984,0.007293527014553547,False,Farhanna Mari,Lusia Rakhmawati
6ifThF0AAAAJ,Em3aIV0AAAAJ,0.04899829998612404,0.024642566218972206,False,Ika Diyah Candra Arifah,Ramadhan Cakra Wibawa
6RBIukkAAAAJ,i0pkJZoAAAAJ,0.04894157499074936,0.042932651937007904,False,Yatim Riyanto,Yuni Rosita Dewi
-_VNTSIAAAAJ,1hm7MM8AAAAJ,0.048910412937402725,0.03467318043112755,False,Agus Prihanto,Reza Rahmadian
4d_6xxEAAAAJ,9BWyE0UAAAAJ,0.048890791833400726,0.006644494831562042,False,Ghea Sekar Palupi,Endryansyah
RNJ3vNQAAAAJ,qtFw9UMAAAAJ,0.04882654547691345,0.006429524626582861,False,Harmon Prayogi,Bambang Sujatmiko
OwdLKtQAAAAJ,RNJ3vNQAAAAJ,0.04879883676767349,0.006777292583137751,False,Fitria,Harmon Prayogi
8wFXNjYAAAAJ,LeRoniwAAAAJ,0.048752665519714355,0.014072866179049015,False,Naim Rochmawati,Farhanna Mari
DrE0Lf8AAAAJ,nWPONc8AAAAJ,0.0487445592880249,0.01674526557326317,True,Fresha Kharisma,Lusia Rakhmawati
4VXQFKYAAAAJ,8wFXNjYAAAAJ,0.04868695139884949,0.016680380329489708,False,Renny Sari Dewi,Naim Rochmawati
8wFXNjYAAAAJ,n7IAKI0AAAAJ,0.04864460602402687,0.017246460542082787,False,Naim Rochmawati,Joko
Hl6bqU8AAAAJ,L6O1lvkAAAAJ,0.048598598688840866,0.011696533299982548,False,Rindu Puspita Wibawa,Tri Wrahatnolo
S6IJ51cAAAAJ,p4gdgRgAAAAJ,0.04859789088368416,0.011490515433251858,False,Unit Three Kartini,Rusijono
L6O1lvkAAAAJ,b81qaDkAAAAJ,0.048529382795095444,0.018400277942419052,False,Tri Wrahatnolo,Anita Safitri
RNJ3vNQAAAAJ,cY1QGVEAAAAJ,0.04851865768432617,0.005661487579345703,False,Harmon Prayogi,Muhammad Sonhaji Akbar
IJIEntMAAAAJ,o4zdesUAAAAJ,0.048511043190956116,0.015462420880794525,False,Yeni Anistyasari,Rakha Asyrofi
AjvtBWIAAAAJ,W7ncZRgAAAAJ,0.04850427433848381,0.05837099254131317,False,Siti Masitoh,Hafid Kholidi Hadi
OwdLKtQAAAAJ,UL2-upoAAAAJ,0.04849732667207718,0.017633099108934402,False,Fitria,Dana Azizah Rahmat
DrE0Lf8AAAAJ,IJIEntMAAAAJ,0.04848569631576538,0.032244447618722916,False,Fresha Kharisma,Yeni Anistyasari
RES4QIQAAAAJ,TAAC1-AAAAAJ,0.04846436157822609,0.012675262987613678,False,Arif Widodo,I Gde Agung Sri Sidhimantra
JsEkeOsAAAAJ,nWPONc8AAAAJ,0.04846059903502464,0.01134483702480793,False,Ari Kurniawan,Lusia Rakhmawati
4VXQFKYAAAAJ,TB0QfMoAAAAJ,0.048426367342472076,0.008777320384979248,False,Renny Sari Dewi,Miftahur Rohman
RNJ3vNQAAAAJ,ZjPpHWsAAAAJ,0.04841695353388786,0.006067142356187105,False,Harmon Prayogi,Erik Rahman
i0pkJZoAAAAJ,yObeL8gAAAAJ,0.04840662702918053,0.01293348241597414,False,Yuni Rosita Dewi,I Gusti Putu Asto Buditjahjanto
FZ00CQ8AAAAJ,z7RWDi0AAAAJ,0.048387665301561356,0.013273678719997406,False,Rizky Basatha,Tri Rijanto
6ifThF0AAAAJ,IJIEntMAAAAJ,0.04837877303361893,0.02890365943312645,False,Ika Diyah Candra Arifah,Yeni Anistyasari
CxdwNaYAAAAJ,q-sbahIAAAAJ,0.048363637179136276,0.010699713602662086,False,Wiyli Yustanti,Ulfa Siti Nuraini
MeGE8WAAAAAJ,RvG7jG4AAAAJ,0.04834895581007004,0.011945024132728577,False,Binti Kholifah,I Made Suartana
dfwr-2YAAAAJ,sHANI1gAAAAJ,0.04827561229467392,0.010611108504235744,False,Muhammad Fajar Wahyudi Rahman,Rifqi Firmansyah
dfwr-2YAAAAJ,nbtuM4IAAAAJ,0.048269424587488174,0.015066192485392094,True,Muhammad Fajar Wahyudi Rahman,Parama Diptya Widayaka
Tz8EfXcAAAAJ,b4_EdJYAAAAJ,0.04826751723885536,0.01571917161345482,False,Yuliani Puji Astuti,Moh. Khoridatul Huda
9BWyE0UAAAAJ,zDgqPOsAAAAJ,0.04817920923233032,0.016204437240958214,False,Endryansyah,Mustaji
4d_6xxEAAAAJ,6MXDzBQAAAAJ,0.04817890003323555,0.01084703579545021,False,Ghea Sekar Palupi,Lilik Anifah
-BuJoD0AAAAJ,AYI1rosAAAAJ,0.048162441700696945,0.013769812881946564,False,Ratih Amelia,Nurhayati
jJBtZPgAAAAJ,wlGfsB0AAAAJ,0.04810728505253792,0.018509292975068092,False,Siska Puspitaningsih,Salamun Rohman Nudin
-BuJoD0AAAAJ,pb3-UjwAAAAJ,0.048104796558618546,0.008673169650137424,False,Ratih Amelia,Moch Deny Pratama
_n2j0ZAAAAAJ,j8HRV1wAAAAJ,0.04806649312376976,0.010225364938378334,False,I Gusti Lanang Putra Eka Prismana,Bambang Suprianto
aW1lSOYAAAAJ,o4zdesUAAAAJ,0.04806112125515938,0.04937659949064255,True,Aditya Chandra Hermawan,Rakha Asyrofi
MnI3Tm0AAAAJ,cPj-iOIAAAAJ,0.048035845160484314,0.019931063055992126,False,Sayyidul Aulia Alamsyah,Ricky Eka Putra
8wFXNjYAAAAJ,bTjH6IgAAAAJ,0.047991663217544556,0.03485982492566109,False,Naim Rochmawati,Achmad Kautsar
i0pkJZoAAAAJ,pb3-UjwAAAAJ,0.04797603562474251,0.005480849649757147,False,Yuni Rosita Dewi,Moch Deny Pratama
ZBAnb64AAAAJ,p1pK7E4AAAAJ,0.047957077622413635,0.010741454549133778,False,Ardhini Warih Utami,Subuh Isnur Haryudo
TB0QfMoAAAAJ,p4gdgRgAAAAJ,0.04795634001493454,0.012233534827828407,False,Miftahur Rohman,Rusijono
Iq3gzh4AAAAJ,wwhACXoAAAAJ,0.04793370142579079,0.020501313731074333,False,Andi Mariono,M Adamu Islam Mashuri
RvG7jG4AAAAJ,TB0QfMoAAAAJ,0.04789615795016289,0.03668980300426483,False,I Made Suartana,Miftahur Rohman
4d_6xxEAAAAJ,y_OiarcAAAAJ,0.04784604534506798,0.00801164098083973,False,Ghea Sekar Palupi,Yandhika Surya Akbar Gumilang
OwdLKtQAAAAJ,Smb2eg8AAAAJ,0.047833092510700226,0.0261264406144619,False,Fitria,Nanang Hoesen. H. A.
-BuJoD0AAAAJ,RNJ3vNQAAAAJ,0.04778824746608734,0.007378188893198967,False,Ratih Amelia,Harmon Prayogi
TB0QfMoAAAAJ,Thp8jg0AAAAJ,0.0477740578353405,0.02249927632510662,False,Miftahur Rohman,Dodik Arwin Dermawan
JsEkeOsAAAAJ,RNJ3vNQAAAAJ,0.04771948605775833,0.005738577339798212,False,Ari Kurniawan,Harmon Prayogi
VwvPnrcAAAAJ,o4zdesUAAAAJ,0.04765342175960541,0.006588896736502647,False,Nisa Dwi Septiyanti,Rakha Asyrofi
JsEkeOsAAAAJ,z7RWDi0AAAAJ,0.047625262290239334,0.014271773397922516,False,Ari Kurniawan,Tri Rijanto
1xVR-fgAAAAJ,nyyfjCgAAAAJ,0.04761799797415733,0.009114098735153675,False,1xVR-fgAAAAJ,Rifqi Abdillah
Smb2eg8AAAAJ,z7RWDi0AAAAJ,0.04752165079116821,0.013230427168309689,False,Nanang Hoesen. H. A.,Tri Rijanto
q24bD6AAAAAJ,y_OiarcAAAAJ,0.04750055819749832,0.00732572702690959,False,Martini Dwi Endah Susanti,Yandhika Surya Akbar Gumilang
ZjPpHWsAAAAJ,psg8hdoAAAAJ,0.04748348519206047,0.029207324609160423,False,Erik Rahman,Bonda Sisephaputra
ZjPpHWsAAAAJ,b81qaDkAAAAJ,0.0473630428314209,0.044102467596530914,False,Erik Rahman,Anita Safitri
6ifThF0AAAAJ,TB0QfMoAAAAJ,0.04729950428009033,0.010612917132675648,False,Ika Diyah Candra Arifah,Miftahur Rohman
rnlvOfEAAAAJ,y_OiarcAAAAJ,0.04727732390165329,0.0020979521796107292,False,Ibrohim,Yandhika Surya Akbar Gumilang
34CwHgkAAAAJ,RES4QIQAAAAJ,0.04727526754140854,0.006488978862762451,False,Riza Akhsani Setyo Prayoga,Arif Widodo
C_EGqeMAAAAJ,dfwr-2YAAAAJ,0.04724620282649994,0.015141166746616364,False,Namira Roudlotul Jannah,Muhammad Fajar Wahyudi Rahman
aW1lSOYAAAAJ,itwnm-AAAAAJ,0.04723287746310234,0.03519828990101814,False,Aditya Chandra Hermawan,Achmad Fitro
LeRoniwAAAAJ,NO8mJucAAAAJ,0.04722216725349426,0.010117149911820889,False,Farhanna Mari,Wahyu Sasongko Putro
UL2-upoAAAAJ,dfwr-2YAAAAJ,0.047206006944179535,0.031504999846220016,False,Dana Azizah Rahmat,Muhammad Fajar Wahyudi Rahman
-tpBKawAAAAJ,Tz8EfXcAAAAJ,0.047157224267721176,0.020799385383725166,False,Dimas Novian Aditia Syahputra,Yuliani Puji Astuti
Smb2eg8AAAAJ,Tp_X_bYAAAAJ,0.04713857173919678,0.00983257032930851,False,Nanang Hoesen. H. A.,Farid Baskoro
CxdwNaYAAAAJ,OwdLKtQAAAAJ,0.0471053309738636,0.013378004543483257,False,Wiyli Yustanti,Fitria
Iq3gzh4AAAAJ,jPKU5cAAAAAJ,0.047084465622901917,0.022575797513127327,False,Andi Mariono,Anggraeni Widya Purwita
MeGE8WAAAAAJ,wlGfsB0AAAAJ,0.046938277781009674,0.016552908346056938,False,Binti Kholifah,Salamun Rohman Nudin
CxdwNaYAAAAJ,wwhACXoAAAAJ,0.046888891607522964,0.01949070394039154,False,Wiyli Yustanti,M Adamu Islam Mashuri
4VXQFKYAAAAJ,ZhJ08JkAAAAJ,0.0468088835477829,0.055897247046232224,False,Renny Sari Dewi,Bachtiar Syaiful Bachri
RES4QIQAAAAJ,Thp8jg0AAAAJ,0.04677946865558624,0.018516430631279945,False,Arif Widodo,Dodik Arwin Dermawan
6ifThF0AAAAJ,8wFXNjYAAAAJ,0.046739596873521805,0.019064297899603844,False,Ika Diyah Candra Arifah,Naim Rochmawati
Jzuk6doAAAAJ,tzjThtIAAAAJ,0.04671042039990425,0.016921967267990112,False,Aries Dwi Indriyanti,Elly Matul Imah
4d_6xxEAAAAJ,Iq3gzh4AAAAJ,0.04669316112995148,0.04481300711631775,False,Ghea Sekar Palupi,Andi Mariono
Smb2eg8AAAAJ,pb3-UjwAAAAJ,0.04668803885579109,0.003961843904107809,False,Nanang Hoesen. H. A.,Moch Deny Pratama
7EQjv9wAAAAJ,zDgqPOsAAAAJ,0.04664004221558571,0.041971173137426376,False,Asmunin,Mustaji
MnI3Tm0AAAAJ,q-sbahIAAAAJ,0.04661089926958084,0.009225758723914623,False,Sayyidul Aulia Alamsyah,Ulfa Siti Nuraini
4VXQFKYAAAAJ,A9L19RMAAAAJ,0.046578824520111084,0.0046298932284116745,False,Renny Sari Dewi,Pradini Puspitaningayu
L6O1lvkAAAAJ,fkxhjZ4AAAAJ,0.04657824710011482,0.020672990009188652,False,Tri Wrahatnolo,Ronggo Alit
JsEkeOsAAAAJ,yXy6kW0AAAAJ,0.04655897989869118,0.04864406958222389,False,Ari Kurniawan,Harun Al Rosyid
-tpBKawAAAAJ,CxdwNaYAAAAJ,0.04654458537697792,0.013651574030518532,False,Dimas Novian Aditia Syahputra,Wiyli Yustanti
W7ncZRgAAAAJ,yObeL8gAAAAJ,0.046527426689863205,0.01871469058096409,False,Hafid Kholidi Hadi,I Gusti Putu Asto Buditjahjanto
Jzuk6doAAAAJ,MeGE8WAAAAAJ,0.04651600494980812,0.008946000598371029,False,Aries Dwi Indriyanti,Binti Kholifah
1xVR-fgAAAAJ,6RBIukkAAAAJ,0.04649777337908745,0.013554652221500874,False,1xVR-fgAAAAJ,Yatim Riyanto
1xVR-fgAAAAJ,S6IJ51cAAAAJ,0.04649131000041962,0.015204066410660744,False,1xVR-fgAAAAJ,Unit Three Kartini
7EQjv9wAAAAJ,DrE0Lf8AAAAJ,0.04645448550581932,0.03330111876130104,False,Asmunin,Fresha Kharisma
RvG7jG4AAAAJ,i0pkJZoAAAAJ,0.04645271971821785,0.021431677043437958,False,I Made Suartana,Yuni Rosita Dewi
_VFGVQQAAAAJ,cPj-iOIAAAAJ,0.04644729197025299,0.008750738576054573,False,Berlian Maulidya Izzati,Ricky Eka Putra
Thp8jg0AAAAJ,wEGsLv4AAAAJ,0.04641824960708618,0.006921353284269571,False,Dodik Arwin Dermawan,Ike Fitriyaningsih
-gGGkMcAAAAJ,Iq3gzh4AAAAJ,0.046354908496141434,0.043325576931238174,False,Faris Abdi El Hakim,Andi Mariono
IJIEntMAAAAJ,hrVTt4kAAAAJ,0.04628288373351097,0.014708742499351501,False,Yeni Anistyasari,Monica Cinthya
DrE0Lf8AAAAJ,RvG7jG4AAAAJ,0.046246469020843506,0.01923779956996441,False,Fresha Kharisma,I Made Suartana
hrVTt4kAAAAJ,q24bD6AAAAAJ,0.04623016342520714,0.023640336468815804,False,Monica Cinthya,Martini Dwi Endah Susanti
EBgY5K0AAAAJ,lmlBHlsAAAAJ,0.04620543122291565,0.00843418575823307,False,Moch. Badrus Oleh,Widi Aribowo
6MXDzBQAAAAJ,N6RJilIAAAAJ,0.04617036134004593,0.04172232374548912,False,Lilik Anifah,Anita Qoiriah
OffRzhoAAAAJ,aW1lSOYAAAAJ,0.046162866055965424,0.02213742583990097,False,Dwi Fatrianto Suyatno,Aditya Chandra Hermawan
5nAJx9wAAAAJ,L6O1lvkAAAAJ,0.04600901156663895,0.011680829338729382,False,Muhammad Fachmi,Tri Wrahatnolo
4VXQFKYAAAAJ,ne31is4AAAAJ,0.0459410697221756,0.027316013351082802,False,Renny Sari Dewi,Danang Ary Dewangga
6RBIukkAAAAJ,q24bD6AAAAAJ,0.04594075679779053,0.025765713304281235,False,Yatim Riyanto,Martini Dwi Endah Susanti
-_VNTSIAAAAJ,hjllQ9gAAAAJ,0.04585045948624611,0.034617628902196884,False,Agus Prihanto,Nur Kholis
6ifThF0AAAAJ,psg8hdoAAAAJ,0.04584915190935135,0.026580017060041428,False,Ika Diyah Candra Arifah,Bonda Sisephaputra
JsEkeOsAAAAJ,j8HRV1wAAAAJ,0.04584157466888428,0.010181624442338943,False,Ari Kurniawan,Bambang Suprianto
Smb2eg8AAAAJ,sHANI1gAAAAJ,0.0458366721868515,0.004914144519716501,False,Nanang Hoesen. H. A.,Rifqi Firmansyah
hn5jrnAAAAAJ,n7IAKI0AAAAJ,0.04578530043363571,0.01852254755795002,False,Yuni Yamasari,Joko
ZRCJXO0AAAAJ,yXy6kW0AAAAJ,0.04577288031578064,0.01803498901426792,False,Riska Dhenabayu,Harun Al Rosyid
C_EGqeMAAAAJ,Smb2eg8AAAAJ,0.04574139788746834,0.012672074139118195,False,Namira Roudlotul Jannah,Nanang Hoesen. H. A.
5nAJx9wAAAAJ,S6IJ51cAAAAJ,0.04567475616931915,0.014604351483285427,False,Muhammad Fachmi,Unit Three Kartini
-gGGkMcAAAAJ,yXy6kW0AAAAJ,0.045663982629776,0.04394669458270073,False,Faris Abdi El Hakim,Harun Al Rosyid
5nAJx9wAAAAJ,yObeL8gAAAAJ,0.045647215098142624,0.015803184360265732,False,Muhammad Fachmi,I Gusti Putu Asto Buditjahjanto
6ifThF0AAAAJ,MnI3Tm0AAAAJ,0.04562288150191307,0.00538762379437685,False,Ika Diyah Candra Arifah,Sayyidul Aulia Alamsyah
6ifThF0AAAAJ,o4zdesUAAAAJ,0.04560330510139465,0.013274167664349079,False,Ika Diyah Candra Arifah,Rakha Asyrofi
DrE0Lf8AAAAJ,ZjPpHWsAAAAJ,0.045602861791849136,0.016283812001347542,False,Fresha Kharisma,Erik Rahman
EBgY5K0AAAAJ,Jzuk6doAAAAJ,0.045575227588415146,0.011135227978229523,False,Moch. Badrus Oleh,Aries Dwi Indriyanti
Yw9l51IAAAAJ,yXy6kW0AAAAJ,0.045537203550338745,0.00475939130410552,False,Riza Akhsani Setyo Prayoga,Harun Al Rosyid
VwvPnrcAAAAJ,pb3-UjwAAAAJ,0.04553171619772911,0.002553301863372326,False,Nisa Dwi Septiyanti,Moch Deny Pratama
EBgY5K0AAAAJ,S6IJ51cAAAAJ,0.04552093893289566,0.006037920247763395,False,Moch. Badrus Oleh,Unit Three Kartini
4Yhmpg0AAAAJ,psg8hdoAAAAJ,0.045518796890974045,0.027989821508526802,False,Hujjatullah Fazlurrahman,Bonda Sisephaputra
Iq3gzh4AAAAJ,pCyzpjgAAAAJ,0.04551754519343376,0.007205131463706493,False,Andi Mariono,Nurul Laili
DrE0Lf8AAAAJ,Hl6bqU8AAAAJ,0.04551338031888008,0.043152667582035065,False,Fresha Kharisma,Rindu Puspita Wibawa
hrVTt4kAAAAJ,lmlBHlsAAAAJ,0.04546835273504257,0.013220321387052536,False,Monica Cinthya,Widi Aribowo
W7ncZRgAAAAJ,nWPONc8AAAAJ,0.045460592955350876,0.017757002264261246,False,Hafid Kholidi Hadi,Lusia Rakhmawati
NO8mJucAAAAJ,Smb2eg8AAAAJ,0.045458804816007614,0.025673549622297287,False,Wahyu Sasongko Putro,Nanang Hoesen. H. A.
VNrCn4gAAAAJ,q-sbahIAAAAJ,0.04544926807284355,0.0034209631849080324,False,Ersha Aisyah Elfaiz,Ulfa Siti Nuraini
TAAC1-AAAAAJ,o4zdesUAAAAJ,0.04532172903418541,0.01262613944709301,False,I Gde Agung Sri Sidhimantra,Rakha Asyrofi
LsydBAMAAAAJ,Thp8jg0AAAAJ,0.0453171543776989,0.027325179427862167,False,Puput Wanarti Rusimamto,Dodik Arwin Dermawan
EBgY5K0AAAAJ,IJIEntMAAAAJ,0.045256711542606354,0.015786007046699524,False,Moch. Badrus Oleh,Yeni Anistyasari
NO8mJucAAAAJ,nyyfjCgAAAAJ,0.045232824981212616,0.0061380211263895035,False,Wahyu Sasongko Putro,Rifqi Abdillah
DrE0Lf8AAAAJ,psg8hdoAAAAJ,0.04521983116865158,0.029520785436034203,False,Fresha Kharisma,Bonda Sisephaputra
-tpBKawAAAAJ,yXy6kW0AAAAJ,0.04521482065320015,0.028939832001924515,False,Dimas Novian Aditia Syahputra,Harun Al Rosyid
7EQjv9wAAAAJ,Mr22rjsAAAAJ,0.04516003280878067,0.00851257611066103,False,Asmunin,Hesti Khuzaimah Nurul Yusufiyah
Em3aIV0AAAAJ,NO8mJucAAAAJ,0.04506750404834747,0.015850432217121124,False,Ramadhan Cakra Wibawa,Wahyu Sasongko Putro
2lw6P3IAAAAJ,_ecYpyYAAAAJ,0.045060157775878906,0.009507006965577602,False,Muhammad Febrilian Dwi Syahputra,Dinda Galuh Guminta
C_EGqeMAAAAJ,RvG7jG4AAAAJ,0.04505026713013649,0.010556885972619057,False,Namira Roudlotul Jannah,I Made Suartana
8wFXNjYAAAAJ,RNJ3vNQAAAAJ,0.045035470277071,0.007568955421447754,False,Naim Rochmawati,Harmon Prayogi
AjvtBWIAAAAJ,i0pkJZoAAAAJ,0.045013103634119034,0.04353397712111473,False,Siti Masitoh,Yuni Rosita Dewi
DrE0Lf8AAAAJ,TB0QfMoAAAAJ,0.04500848054885864,0.013914789073169231,False,Fresha Kharisma,Miftahur Rohman
Tz8EfXcAAAAJ,bTjH6IgAAAAJ,0.04498443379998207,0.017909135669469833,False,Yuliani Puji Astuti,Achmad Kautsar
hrVTt4kAAAAJ,qtFw9UMAAAAJ,0.04497851803898811,0.014191724359989166,False,Monica Cinthya,Bambang Sujatmiko
-_VNTSIAAAAJ,ZhJ08JkAAAAJ,0.04497488960623741,0.029316885396838188,False,Agus Prihanto,Bachtiar Syaiful Bachri
lFCI_vsAAAAJ,y_OiarcAAAAJ,0.04497052729129791,0.007337287534028292,False,Atik Wintarti,Yandhika Surya Akbar Gumilang
eEtHoOAAAAAJ,wlGfsB0AAAAJ,0.0449189618229866,0.03806556016206741,False,Rahadian Bisma,Salamun Rohman Nudin
FZ00CQ8AAAAJ,yObeL8gAAAAJ,0.04488973692059517,0.010269724763929844,False,Rizky Basatha,I Gusti Putu Asto Buditjahjanto
-tpBKawAAAAJ,Iq3gzh4AAAAJ,0.04488203674554825,0.039251528680324554,False,Dimas Novian Aditia Syahputra,Andi Mariono
6ifThF0AAAAJ,RNJ3vNQAAAAJ,0.04487413913011551,0.00558833172544837,False,Ika Diyah Candra Arifah,Harmon Prayogi
AYI1rosAAAAJ,itwnm-AAAAAJ,0.04486268386244774,0.013033730909228325,False,Nurhayati,Achmad Fitro
-gGGkMcAAAAJ,W7ncZRgAAAAJ,0.04486117139458656,0.045288439840078354,False,Faris Abdi El Hakim,Hafid Kholidi Hadi
hrVTt4kAAAAJ,itwnm-AAAAAJ,0.044853564351797104,0.016575219109654427,False,Monica Cinthya,Achmad Fitro
LeRoniwAAAAJ,jPKU5cAAAAAJ,0.04485268518328667,0.010002796538174152,False,Farhanna Mari,Anggraeni Widya Purwita
_VFGVQQAAAAJ,o4zdesUAAAAJ,0.04484148323535919,0.004070702940225601,False,Berlian Maulidya Izzati,Rakha Asyrofi
Smb2eg8AAAAJ,j8HRV1wAAAAJ,0.044831812381744385,0.010331068187952042,False,Nanang Hoesen. H. A.,Bambang Suprianto
-_VNTSIAAAAJ,hrVTt4kAAAAJ,0.044772978872060776,0.03225738927721977,False,Agus Prihanto,Monica Cinthya
MeGE8WAAAAAJ,NO8mJucAAAAJ,0.04475178197026253,0.025019844993948936,False,Binti Kholifah,Wahyu Sasongko Putro
1xVR-fgAAAAJ,5nAJx9wAAAAJ,0.044722165912389755,0.009679524227976799,False,1xVR-fgAAAAJ,Muhammad Fachmi
7EQjv9wAAAAJ,_VFGVQQAAAAJ,0.04466736689209938,0.016275806352496147,False,Asmunin,Berlian Maulidya Izzati
Tp_X_bYAAAAJ,bTjH6IgAAAAJ,0.044567760080099106,0.028964830562472343,False,Farid Baskoro,Achmad Kautsar
9BWyE0UAAAAJ,qtFw9UMAAAAJ,0.044534146785736084,0.00783472042530775,False,Endryansyah,Bambang Sujatmiko
N6RJilIAAAAJ,zDgqPOsAAAAJ,0.04449659585952759,0.04321190342307091,False,Anita Qoiriah,Mustaji
9BWyE0UAAAAJ,AjvtBWIAAAAJ,0.0444566011428833,0.009695112705230713,False,Endryansyah,Siti Masitoh
Smb2eg8AAAAJ,Yw9l51IAAAAJ,0.044435467571020126,0.002314129378646612,False,Nanang Hoesen. H. A.,Riza Akhsani Setyo Prayoga
_n2j0ZAAAAAJ,lmlBHlsAAAAJ,0.04440837725996971,0.010956024751067162,False,I Gusti Lanang Putra Eka Prismana,Widi Aribowo
MnI3Tm0AAAAJ,ZjPpHWsAAAAJ,0.0444038063287735,0.003223765641450882,False,Sayyidul Aulia Alamsyah,Erik Rahman
ZRCJXO0AAAAJ,b81qaDkAAAAJ,0.044356536120176315,0.011072542518377304,False,Riska Dhenabayu,Anita Safitri
AjvtBWIAAAAJ,q24bD6AAAAAJ,0.04435344785451889,0.029101626947522163,False,Siti Masitoh,Martini Dwi Endah Susanti
DsVi_OAAAAAJ,MZCJPuIAAAAJ,0.044349007308483124,0.03600739315152168,False,Nadia Nur Thahirrah,Fajar Arianto
OwdLKtQAAAAJ,cPj-iOIAAAAJ,0.04434117302298546,0.01636718027293682,False,Fitria,Ricky Eka Putra
Hl6bqU8AAAAJ,OwdLKtQAAAAJ,0.04427627474069595,0.016790784895420074,False,Rindu Puspita Wibawa,Fitria
2lw6P3IAAAAJ,b4_EdJYAAAAJ,0.044212456792593,0.01567140966653824,False,Muhammad Febrilian Dwi Syahputra,Moh. Khoridatul Huda
7EQjv9wAAAAJ,AYI1rosAAAAJ,0.0442054457962513,0.007230411749333143,False,Asmunin,Nurhayati
AX-w0AEAAAAJ,N6RJilIAAAAJ,0.044198740273714066,0.05002250894904137,False,Hasanuddin Al-Habib,Anita Qoiriah
jPKU5cAAAAAJ,zDgqPOsAAAAJ,0.04419802129268646,0.0244173351675272,False,Anggraeni Widya Purwita,Mustaji
Hl6bqU8AAAAJ,W7ncZRgAAAAJ,0.044191014021635056,0.04073774442076683,False,Rindu Puspita Wibawa,Hafid Kholidi Hadi
-BuJoD0AAAAJ,MnI3Tm0AAAAJ,0.044189535081386566,0.006979919038712978,False,Ratih Amelia,Sayyidul Aulia Alamsyah
q24bD6AAAAAJ,wlGfsB0AAAAJ,0.044175609946250916,0.023645123466849327,False,Martini Dwi Endah Susanti,Salamun Rohman Nudin
ZjPpHWsAAAAJ,aW1lSOYAAAAJ,0.04417559131979942,0.011080584488809109,False,Erik Rahman,Aditya Chandra Hermawan
fkxhjZ4AAAAJ,nVac1BcAAAAJ,0.0441359207034111,0.0018345549469813704,False,Ronggo Alit,Rosita
-BuJoD0AAAAJ,lFCI_vsAAAAJ,0.04410076513886452,0.033124737441539764,False,Ratih Amelia,Atik Wintarti
-BuJoD0AAAAJ,LsydBAMAAAAJ,0.04408539459109306,0.018125619739294052,False,Ratih Amelia,Puput Wanarti Rusimamto
A9L19RMAAAAJ,aW1lSOYAAAAJ,0.0440787672996521,0.03289737552404404,False,Pradini Puspitaningayu,Aditya Chandra Hermawan
W7ncZRgAAAAJ,sHANI1gAAAAJ,0.044070053845644,0.008742363192141056,False,Hafid Kholidi Hadi,Rifqi Firmansyah
R9rGmc4AAAAJ,nWPONc8AAAAJ,0.04399304464459419,0.0027140018064528704,False,Kartika Chandra Dewi,Lusia Rakhmawati
4Yhmpg0AAAAJ,MnI3Tm0AAAAJ,0.04387601464986801,0.007167909760028124,False,Hujjatullah Fazlurrahman,Sayyidul Aulia Alamsyah
IJIEntMAAAAJ,W7ncZRgAAAAJ,0.043862033635377884,0.032117780297994614,False,Yeni Anistyasari,Hafid Kholidi Hadi
S6IJ51cAAAAJ,i0pkJZoAAAAJ,0.04383504390716553,0.013514632359147072,False,Unit Three Kartini,Yuni Rosita Dewi
2lw6P3IAAAAJ,8wFXNjYAAAAJ,0.043830178678035736,0.011593261733651161,False,Muhammad Febrilian Dwi Syahputra,Naim Rochmawati
LeRoniwAAAAJ,Mr22rjsAAAAJ,0.043828487396240234,0.007492246106266975,False,Farhanna Mari,Hesti Khuzaimah Nurul Yusufiyah
4d_6xxEAAAAJ,6f4j4TYAAAAJ,0.04382166266441345,0.012754490599036217,False,Ghea Sekar Palupi,Mahendra Widyartono
7EQjv9wAAAAJ,MnI3Tm0AAAAJ,0.04378366097807884,0.006116554141044617,False,Asmunin,Sayyidul Aulia Alamsyah
6RBIukkAAAAJ,aW1lSOYAAAAJ,0.04375968500971794,0.01161421462893486,False,Yatim Riyanto,Aditya Chandra Hermawan
Smb2eg8AAAAJ,TB0QfMoAAAAJ,0.04374033585190773,0.007426811382174492,False,Nanang Hoesen. H. A.,Miftahur Rohman
qtFw9UMAAAAJ,y_OiarcAAAAJ,0.04373572766780853,0.005311213433742523,False,Bambang Sujatmiko,Yandhika Surya Akbar Gumilang
Tp_X_bYAAAAJ,p4gdgRgAAAAJ,0.043728310614824295,0.013225809670984745,False,Farid Baskoro,Rusijono
aW1lSOYAAAAJ,zDgqPOsAAAAJ,0.043702948838472366,0.03970855474472046,False,Aditya Chandra Hermawan,Mustaji
-gGGkMcAAAAJ,OffRzhoAAAAJ,0.043694280087947845,0.028710810467600822,False,Faris Abdi El Hakim,Dwi Fatrianto Suyatno
W7ncZRgAAAAJ,z7RWDi0AAAAJ,0.04368830844759941,0.022703278809785843,False,Hafid Kholidi Hadi,Tri Rijanto
Jzuk6doAAAAJ,pCyzpjgAAAAJ,0.04368191584944725,0.004998485092073679,False,Aries Dwi Indriyanti,Nurul Laili
6MXDzBQAAAAJ,psg8hdoAAAAJ,0.0436759814620018,0.01392356213182211,False,Lilik Anifah,Bonda Sisephaputra
RvG7jG4AAAAJ,yXy6kW0AAAAJ,0.043656423687934875,0.020963182672858238,False,I Made Suartana,Harun Al Rosyid
jPKU5cAAAAAJ,nbtuM4IAAAAJ,0.04361088201403618,0.0036900092381983995,False,Anggraeni Widya Purwita,Parama Diptya Widayaka
RES4QIQAAAAJ,XdEn69YAAAAJ,0.043605320155620575,0.015292234718799591,True,Arif Widodo,Cendra Devayana Putra
JsEkeOsAAAAJ,TB0QfMoAAAAJ,0.04359053820371628,0.007766770664602518,False,Ari Kurniawan,Miftahur Rohman
JsEkeOsAAAAJ,Tp_X_bYAAAAJ,0.04356779530644417,0.009504755027592182,False,Ari Kurniawan,Farid Baskoro
hjllQ9gAAAAJ,q24bD6AAAAAJ,0.043519388884305954,0.017379030585289,False,Nur Kholis,Martini Dwi Endah Susanti
4VXQFKYAAAAJ,Jzuk6doAAAAJ,0.043517351150512695,0.013464267365634441,False,Renny Sari Dewi,Aries Dwi Indriyanti
6RBIukkAAAAJ,RvG7jG4AAAAJ,0.04351697489619255,0.010434325784444809,False,Yatim Riyanto,I Made Suartana
4Yhmpg0AAAAJ,AYI1rosAAAAJ,0.04351525753736496,0.012896878644824028,False,Hujjatullah Fazlurrahman,Nurhayati
ZjPpHWsAAAAJ,fkxhjZ4AAAAJ,0.04351170361042023,0.025220315903425217,False,Erik Rahman,Ronggo Alit
4Yhmpg0AAAAJ,Em3aIV0AAAAJ,0.04350190609693527,0.02459385246038437,False,Hujjatullah Fazlurrahman,Ramadhan Cakra Wibawa
Hl6bqU8AAAAJ,Tz8EfXcAAAAJ,0.043463170528411865,0.015564745292067528,False,Rindu Puspita Wibawa,Yuliani Puji Astuti
JsEkeOsAAAAJ,LsydBAMAAAAJ,0.043453384190797806,0.010327340103685856,False,Ari Kurniawan,Puput Wanarti Rusimamto
AX-w0AEAAAAJ,hn5jrnAAAAAJ,0.043449580669403076,0.03952505812048912,False,Hasanuddin Al-Habib,Yuni Yamasari
-tpBKawAAAAJ,8wFXNjYAAAAJ,0.04343631863594055,0.011299602687358856,False,Dimas Novian Aditia Syahputra,Naim Rochmawati
TAAC1-AAAAAJ,Tz8EfXcAAAAJ,0.04342605918645859,0.010114668868482113,False,I Gde Agung Sri Sidhimantra,Yuliani Puji Astuti
Smb2eg8AAAAJ,eEtHoOAAAAAJ,0.043413836508989334,0.023940252140164375,False,Nanang Hoesen. H. A.,Rahadian Bisma
W7ncZRgAAAAJ,psg8hdoAAAAJ,0.04340006411075592,0.03107239305973053,False,Hafid Kholidi Hadi,Bonda Sisephaputra
b4_EdJYAAAAJ,t5f89iIAAAAJ,0.04338797926902771,0.04274599999189377,False,Moh. Khoridatul Huda,Andi Iwan Nurhidayat
-tpBKawAAAAJ,eEtHoOAAAAAJ,0.04335111379623413,0.026731323450803757,False,Dimas Novian Aditia Syahputra,Rahadian Bisma
bTjH6IgAAAAJ,pb3-UjwAAAAJ,0.04335014522075653,0.007154408842325211,False,Achmad Kautsar,Moch Deny Pratama
6RBIukkAAAAJ,dfwr-2YAAAAJ,0.043326884508132935,0.03530588001012802,False,Yatim Riyanto,Muhammad Fajar Wahyudi Rahman
-BuJoD0AAAAJ,A9L19RMAAAAJ,0.04328709468245506,0.0074233366176486015,False,Ratih Amelia,Pradini Puspitaningayu
itwnm-AAAAAJ,p4gdgRgAAAAJ,0.0432705283164978,0.020350202918052673,False,Achmad Fitro,Rusijono
Yw9l51IAAAAJ,b4_EdJYAAAAJ,0.04326819255948067,0.004746454302221537,False,Riza Akhsani Setyo Prayoga,Moh. Khoridatul Huda
7EQjv9wAAAAJ,AaC4eAwAAAAJ,0.04326143115758896,0.013206370174884796,False,Asmunin,Fadhilah Qalbi Annisa
DiBTIz4AAAAJ,jJBtZPgAAAAJ,0.043248821049928665,0.019571634009480476,False,Riskyana Dewi Intan P,Siska Puspitaningsih
6RBIukkAAAAJ,W7ncZRgAAAAJ,0.04322584718465805,0.043043170124292374,False,Yatim Riyanto,Hafid Kholidi Hadi
_n2j0ZAAAAAJ,yObeL8gAAAAJ,0.043212953954935074,0.009967397898435593,False,I Gusti Lanang Putra Eka Prismana,I Gusti Putu Asto Buditjahjanto
ZhJ08JkAAAAJ,y_OiarcAAAAJ,0.04321260377764702,0.005607918836176395,False,Bachtiar Syaiful Bachri,Yandhika Surya Akbar Gumilang
5nAJx9wAAAAJ,TB0QfMoAAAAJ,0.04320972040295601,0.013531382195651531,False,Muhammad Fachmi,Miftahur Rohman
6ifThF0AAAAJ,yObeL8gAAAAJ,0.04319047927856445,0.014785807579755783,False,Ika Diyah Candra Arifah,I Gusti Putu Asto Buditjahjanto
NO8mJucAAAAJ,jJBtZPgAAAAJ,0.0431777685880661,0.016379283741116524,False,Wahyu Sasongko Putro,Siska Puspitaningsih
4VXQFKYAAAAJ,VwvPnrcAAAAJ,0.043143246322870255,0.04552701115608215,False,Renny Sari Dewi,Nisa Dwi Septiyanti
R9rGmc4AAAAJ,wEGsLv4AAAAJ,0.04311738163232803,0.016229096800088882,False,Kartika Chandra Dewi,Ike Fitriyaningsih
4VXQFKYAAAAJ,6MXDzBQAAAAJ,0.04310674965381622,0.010678243823349476,False,Renny Sari Dewi,Lilik Anifah
-_VNTSIAAAAJ,4d_6xxEAAAAJ,0.04310369864106178,0.03122871182858944,False,Agus Prihanto,Ghea Sekar Palupi
Em3aIV0AAAAJ,MnI3Tm0AAAAJ,0.04309575632214546,0.00671657407656312,False,Ramadhan Cakra Wibawa,Sayyidul Aulia Alamsyah
DrE0Lf8AAAAJ,RES4QIQAAAAJ,0.04309556633234024,0.011708216741681099,False,Fresha Kharisma,Arif Widodo
AjvtBWIAAAAJ,dfwr-2YAAAAJ,0.04309356212615967,0.0464915931224823,False,Siti Masitoh,Muhammad Fajar Wahyudi Rahman
IJIEntMAAAAJ,dfwr-2YAAAAJ,0.04303058609366417,0.034981124103069305,False,Yeni Anistyasari,Muhammad Fajar Wahyudi Rahman
5uDKOUMAAAAJ,j8HRV1wAAAAJ,0.043008964508771896,0.021822558715939522,False,Heri Purnawan,Bambang Suprianto
DsVi_OAAAAAJ,nyyfjCgAAAAJ,0.04300510883331299,0.007279693149030209,False,Nadia Nur Thahirrah,Rifqi Abdillah
6f4j4TYAAAAJ,lFCI_vsAAAAJ,0.042978089302778244,0.01604464277625084,False,Mahendra Widyartono,Atik Wintarti
CxdwNaYAAAAJ,jPKU5cAAAAAJ,0.042967259883880615,0.011220148764550686,False,Wiyli Yustanti,Anggraeni Widya Purwita
ZBAnb64AAAAJ,nbtuM4IAAAAJ,0.0429571196436882,0.00813977885991335,False,Ardhini Warih Utami,Parama Diptya Widayaka
JsEkeOsAAAAJ,p4gdgRgAAAAJ,0.04290282353758812,0.04527411609888077,False,Ari Kurniawan,Rusijono
Iq3gzh4AAAAJ,t5f89iIAAAAJ,0.04288678616285324,0.024521291255950928,False,Andi Mariono,Andi Iwan Nurhidayat
4VXQFKYAAAAJ,sHANI1gAAAAJ,0.042881954461336136,0.005698078311979771,False,Renny Sari Dewi,Rifqi Firmansyah
Smb2eg8AAAAJ,p1pK7E4AAAAJ,0.0428813099861145,0.0104916300624609,False,Nanang Hoesen. H. A.,Subuh Isnur Haryudo
JsEkeOsAAAAJ,sHANI1gAAAAJ,0.04285028949379921,0.005335456226021051,False,Ari Kurniawan,Rifqi Firmansyah
LeRoniwAAAAJ,RvG7jG4AAAAJ,0.042809393256902695,0.008223161101341248,False,Farhanna Mari,I Made Suartana
N40Vh64AAAAJ,RES4QIQAAAAJ,0.042784545570611954,0.011067005805671215,False,Raden Roro Hapsari Peni Agustin T,Arif Widodo
2lw6P3IAAAAJ,4d_6xxEAAAAJ,0.042775847017765045,0.02717483416199684,False,Muhammad Febrilian Dwi Syahputra,Ghea Sekar Palupi
XdEn69YAAAAJ,ZjPpHWsAAAAJ,0.042733967304229736,0.007327063474804163,False,Cendra Devayana Putra,Erik Rahman
AX-w0AEAAAAJ,pCyzpjgAAAAJ,0.04272270202636719,0.012424369342625141,False,Hasanuddin Al-Habib,Nurul Laili
-gGGkMcAAAAJ,jPKU5cAAAAAJ,0.04271874576807022,0.02395722270011902,False,Faris Abdi El Hakim,Anggraeni Widya Purwita
VwvPnrcAAAAJ,nbtuM4IAAAAJ,0.04256369173526764,0.0026862702798098326,False,Nisa Dwi Septiyanti,Parama Diptya Widayaka
cY1QGVEAAAAJ,q-sbahIAAAAJ,0.042559657245874405,0.004074443131685257,False,Muhammad Sonhaji Akbar,Ulfa Siti Nuraini
6ifThF0AAAAJ,ne31is4AAAAJ,0.04253619164228439,0.022851023823022842,False,Ika Diyah Candra Arifah,Danang Ary Dewangga
Smb2eg8AAAAJ,yObeL8gAAAAJ,0.04251227155327797,0.010548977181315422,False,Nanang Hoesen. H. A.,I Gusti Putu Asto Buditjahjanto
AX-w0AEAAAAJ,Jzuk6doAAAAJ,0.04250343143939972,0.020049892365932465,False,Hasanuddin Al-Habib,Aries Dwi Indriyanti
OwdLKtQAAAAJ,nWPONc8AAAAJ,0.042484380304813385,0.007047649007290602,False,Fitria,Lusia Rakhmawati
4d_6xxEAAAAJ,b81qaDkAAAAJ,0.04243995249271393,0.03849085047841072,False,Ghea Sekar Palupi,Anita Safitri
9BWyE0UAAAAJ,b81qaDkAAAAJ,0.04241473972797394,0.013526069931685925,False,Endryansyah,Anita Safitri
4d_6xxEAAAAJ,wlGfsB0AAAAJ,0.04235100373625755,0.03113718144595623,False,Ghea Sekar Palupi,Salamun Rohman Nudin
4VXQFKYAAAAJ,psg8hdoAAAAJ,0.04234282299876213,0.025994202122092247,False,Renny Sari Dewi,Bonda Sisephaputra
p4gdgRgAAAAJ,q24bD6AAAAAJ,0.04233448952436447,0.02534504048526287,False,Rusijono,Martini Dwi Endah Susanti
ZBAnb64AAAAJ,lmlBHlsAAAAJ,0.04229562729597092,0.01220784243196249,False,Ardhini Warih Utami,Widi Aribowo
Smb2eg8AAAAJ,o4zdesUAAAAJ,0.04229145869612694,0.008207060396671295,False,Nanang Hoesen. H. A.,Rakha Asyrofi
AYI1rosAAAAJ,cY1QGVEAAAAJ,0.042290475219488144,0.013499714434146881,False,Nurhayati,Muhammad Sonhaji Akbar
6ifThF0AAAAJ,sHANI1gAAAAJ,0.04226208105683327,0.007317632436752319,False,Ika Diyah Candra Arifah,Rifqi Firmansyah
6f4j4TYAAAAJ,AjvtBWIAAAAJ,0.04223333299160004,0.01860337145626545,False,Mahendra Widyartono,Siti Masitoh
cPj-iOIAAAAJ,yXy6kW0AAAAJ,0.042194195091724396,0.026054756715893745,False,Ricky Eka Putra,Harun Al Rosyid
dfwr-2YAAAAJ,nWPONc8AAAAJ,0.04216635972261429,0.01921229623258114,False,Muhammad Fajar Wahyudi Rahman,Lusia Rakhmawati
VwvPnrcAAAAJ,p4gdgRgAAAAJ,0.04213189706206322,0.025116806849837303,False,Nisa Dwi Septiyanti,Rusijono
-tpBKawAAAAJ,hjllQ9gAAAAJ,0.04209187999367714,0.006960420869290829,False,Dimas Novian Aditia Syahputra,Nur Kholis
ZjPpHWsAAAAJ,pb3-UjwAAAAJ,0.04207180067896843,0.007613399997353554,False,Erik Rahman,Moch Deny Pratama
pb3-UjwAAAAJ,q24bD6AAAAAJ,0.04204944893717766,0.009637240320444107,False,Moch Deny Pratama,Martini Dwi Endah Susanti
Tz8EfXcAAAAJ,y_OiarcAAAAJ,0.042040932923555374,0.0057634711265563965,False,Yuliani Puji Astuti,Yandhika Surya Akbar Gumilang
DrE0Lf8AAAAJ,sHANI1gAAAAJ,0.04197998344898224,0.008416234515607357,False,Fresha Kharisma,Rifqi Firmansyah
Em3aIV0AAAAJ,Smb2eg8AAAAJ,0.041978444904088974,0.02677583508193493,False,Ramadhan Cakra Wibawa,Nanang Hoesen. H. A.
4VXQFKYAAAAJ,Em3aIV0AAAAJ,0.04196564853191376,0.022458285093307495,False,Renny Sari Dewi,Ramadhan Cakra Wibawa
hjllQ9gAAAAJ,hrVTt4kAAAAJ,0.04196316376328468,0.011070427484810352,False,Nur Kholis,Monica Cinthya
Hl6bqU8AAAAJ,tzjThtIAAAAJ,0.04190551117062569,0.017428826540708542,False,Rindu Puspita Wibawa,Elly Matul Imah
Tz8EfXcAAAAJ,wwhACXoAAAAJ,0.04185422509908676,0.0145769864320755,False,Yuliani Puji Astuti,M Adamu Islam Mashuri
6ifThF0AAAAJ,RES4QIQAAAAJ,0.04184442386031151,0.009104378521442413,False,Ika Diyah Candra Arifah,Arif Widodo
Thp8jg0AAAAJ,tzjThtIAAAAJ,0.04183424264192581,0.008994480594992638,False,Dodik Arwin Dermawan,Elly Matul Imah
b4_EdJYAAAAJ,bTjH6IgAAAAJ,0.04181443899869919,0.01288272999227047,False,Moh. Khoridatul Huda,Achmad Kautsar
iFSMsegAAAAJ,pCyzpjgAAAAJ,0.0418005995452404,0.006904951296746731,False,Elvira Wardah,Nurul Laili
AX-w0AEAAAAJ,cPj-iOIAAAAJ,0.04178370162844658,0.025632083415985107,False,Hasanuddin Al-Habib,Ricky Eka Putra
N40Vh64AAAAJ,b4_EdJYAAAAJ,0.041777126491069794,0.009810071438550949,False,Raden Roro Hapsari Peni Agustin T,Moh. Khoridatul Huda
7EQjv9wAAAAJ,W7ncZRgAAAAJ,0.04174645617604256,0.03558801859617233,False,Asmunin,Hafid Kholidi Hadi
_n2j0ZAAAAAJ,sHANI1gAAAAJ,0.041739050298929214,0.004162463825196028,False,I Gusti Lanang Putra Eka Prismana,Rifqi Firmansyah
EBgY5K0AAAAJ,o4zdesUAAAAJ,0.041713107377290726,0.009194566868245602,False,Moch. Badrus Oleh,Rakha Asyrofi
dfwr-2YAAAAJ,eEtHoOAAAAAJ,0.04168165102601051,0.02976188436150551,False,Muhammad Fajar Wahyudi Rahman,Rahadian Bisma
DrE0Lf8AAAAJ,RNJ3vNQAAAAJ,0.041661571711301804,0.007206871174275875,False,Fresha Kharisma,Harmon Prayogi
AjvtBWIAAAAJ,wwhACXoAAAAJ,0.041635334491729736,0.021052775904536247,False,Siti Masitoh,M Adamu Islam Mashuri
34CwHgkAAAAJ,6f4j4TYAAAAJ,0.041634563356637955,0.010211635380983353,False,Riza Akhsani Setyo Prayoga,Mahendra Widyartono
_ecYpyYAAAAJ,ne31is4AAAAJ,0.04162038490176201,0.031109942123293877,False,Dinda Galuh Guminta,Danang Ary Dewangga
LeRoniwAAAAJ,nbtuM4IAAAAJ,0.04156453534960747,0.002872834214940667,False,Farhanna Mari,Parama Diptya Widayaka
LeRoniwAAAAJ,N6RJilIAAAAJ,0.0415179543197155,0.019561102613806725,False,Farhanna Mari,Anita Qoiriah
DrE0Lf8AAAAJ,Em3aIV0AAAAJ,0.04150179773569107,0.026028703898191452,False,Fresha Kharisma,Ramadhan Cakra Wibawa
nVac1BcAAAAJ,psg8hdoAAAAJ,0.041450440883636475,0.0020210498478263617,False,Rosita,Bonda Sisephaputra
34CwHgkAAAAJ,AX-w0AEAAAAJ,0.041439272463321686,0.012793437577784061,False,Riza Akhsani Setyo Prayoga,Hasanuddin Al-Habib
4d_6xxEAAAAJ,UL2-upoAAAAJ,0.04139653220772743,0.02877671644091606,False,Ghea Sekar Palupi,Dana Azizah Rahmat
-_VNTSIAAAAJ,AaC4eAwAAAAJ,0.04135587811470032,0.04989940673112869,False,Agus Prihanto,Fadhilah Qalbi Annisa
8wFXNjYAAAAJ,_n2j0ZAAAAAJ,0.04133998602628708,0.021680723875761032,False,Naim Rochmawati,I Gusti Lanang Putra Eka Prismana
-gGGkMcAAAAJ,psg8hdoAAAAJ,0.0412885919213295,0.020790744572877884,False,Faris Abdi El Hakim,Bonda Sisephaputra
-gGGkMcAAAAJ,4Yhmpg0AAAAJ,0.04127264767885208,0.034927234053611755,False,Faris Abdi El Hakim,Hujjatullah Fazlurrahman
Iq3gzh4AAAAJ,ZBAnb64AAAAJ,0.041266392916440964,0.020041482523083687,False,Andi Mariono,Ardhini Warih Utami
4Yhmpg0AAAAJ,LeRoniwAAAAJ,0.04125581309199333,0.009406407363712788,False,Hujjatullah Fazlurrahman,Farhanna Mari
o4zdesUAAAAJ,pb3-UjwAAAAJ,0.04125308617949486,0.01558004878461361,False,Rakha Asyrofi,Moch Deny Pratama
7EQjv9wAAAAJ,sHANI1gAAAAJ,0.041245847940444946,0.005833829287439585,False,Asmunin,Rifqi Firmansyah
4d_6xxEAAAAJ,TAAC1-AAAAAJ,0.0412379689514637,0.022486086934804916,False,Ghea Sekar Palupi,I Gde Agung Sri Sidhimantra
nWPONc8AAAAJ,wwhACXoAAAAJ,0.04119177907705307,0.006958013400435448,False,Lusia Rakhmawati,M Adamu Islam Mashuri
MeGE8WAAAAAJ,TAAC1-AAAAAJ,0.04118381068110466,0.011946959421038628,False,Binti Kholifah,I Gde Agung Sri Sidhimantra
6ifThF0AAAAJ,NO8mJucAAAAJ,0.04116757959127426,0.020273713394999504,False,Ika Diyah Candra Arifah,Wahyu Sasongko Putro
A9L19RMAAAAJ,y_OiarcAAAAJ,0.041145194321870804,0.007177234161645174,False,Pradini Puspitaningayu,Yandhika Surya Akbar Gumilang
34CwHgkAAAAJ,sHANI1gAAAAJ,0.04112575575709343,0.004234599880874157,False,Riza Akhsani Setyo Prayoga,Rifqi Firmansyah
4VXQFKYAAAAJ,RES4QIQAAAAJ,0.04111364483833313,0.0074312444776296616,False,Renny Sari Dewi,Arif Widodo
6ifThF0AAAAJ,z7RWDi0AAAAJ,0.041078660637140274,0.01845213770866394,False,Ika Diyah Candra Arifah,Tri Rijanto
DrE0Lf8AAAAJ,yObeL8gAAAAJ,0.04104146733880043,0.0183120034635067,False,Fresha Kharisma,I Gusti Putu Asto Buditjahjanto
4Yhmpg0AAAAJ,eEtHoOAAAAAJ,0.040927954018116,0.034445978701114655,False,Hujjatullah Fazlurrahman,Rahadian Bisma
EBgY5K0AAAAJ,psg8hdoAAAAJ,0.0409054160118103,0.019822968170046806,False,Moch. Badrus Oleh,Bonda Sisephaputra
4VXQFKYAAAAJ,RNJ3vNQAAAAJ,0.040880169719457626,0.005551406182348728,False,Renny Sari Dewi,Harmon Prayogi
RvG7jG4AAAAJ,wlGfsB0AAAAJ,0.040875308215618134,0.022665971890091896,False,I Made Suartana,Salamun Rohman Nudin
MnI3Tm0AAAAJ,psg8hdoAAAAJ,0.04085679352283478,0.006596344988793135,False,Sayyidul Aulia Alamsyah,Bonda Sisephaputra
L6O1lvkAAAAJ,qtFw9UMAAAAJ,0.040855925530195236,0.01033715344965458,False,Tri Wrahatnolo,Bambang Sujatmiko
-tpBKawAAAAJ,MnI3Tm0AAAAJ,0.040845517069101334,0.0025615436024963856,False,Dimas Novian Aditia Syahputra,Sayyidul Aulia Alamsyah
-_VNTSIAAAAJ,Iq3gzh4AAAAJ,0.040828295052051544,0.036425888538360596,False,Agus Prihanto,Andi Mariono
-_VNTSIAAAAJ,ZBAnb64AAAAJ,0.040800418704748154,0.03270865976810455,False,Agus Prihanto,Ardhini Warih Utami
cPj-iOIAAAAJ,itwnm-AAAAAJ,0.04078128561377525,0.017641467973589897,False,Ricky Eka Putra,Achmad Fitro
UL2-upoAAAAJ,_VFGVQQAAAAJ,0.04072761535644531,0.04936859384179115,False,Dana Azizah Rahmat,Berlian Maulidya Izzati
UL2-upoAAAAJ,jPKU5cAAAAAJ,0.040677011013031006,0.049139365553855896,False,Dana Azizah Rahmat,Anggraeni Widya Purwita
OwdLKtQAAAAJ,wlGfsB0AAAAJ,0.040670301765203476,0.017004234716296196,False,Fitria,Salamun Rohman Nudin
eEtHoOAAAAAJ,n7ykK-IAAAAJ,0.04065156728029251,0.03132736682891846,False,Rahadian Bisma,Dhiyan Septa Wihara
4VXQFKYAAAAJ,N6RJilIAAAAJ,0.04064755141735077,0.02730470895767212,False,Renny Sari Dewi,Anita Qoiriah
LeRoniwAAAAJ,VNrCn4gAAAAJ,0.0406370535492897,0.007434598635882139,False,Farhanna Mari,Ersha Aisyah Elfaiz
OwdLKtQAAAAJ,jJBtZPgAAAAJ,0.04063316807150841,0.027514956891536713,False,Fitria,Siska Puspitaningsih
wlGfsB0AAAAJ,yXy6kW0AAAAJ,0.04062965512275696,0.02224278822541237,False,Salamun Rohman Nudin,Harun Al Rosyid
RvG7jG4AAAAJ,j8HRV1wAAAAJ,0.040614742785692215,0.03607386350631714,False,I Made Suartana,Bambang Suprianto
4Yhmpg0AAAAJ,8wFXNjYAAAAJ,0.04054134339094162,0.024195272475481033,False,Hujjatullah Fazlurrahman,Naim Rochmawati
5nAJx9wAAAAJ,dfwr-2YAAAAJ,0.04044900834560394,0.024062151089310646,False,Muhammad Fachmi,Muhammad Fajar Wahyudi Rahman
CxdwNaYAAAAJ,wlGfsB0AAAAJ,0.04040718078613281,0.02734115719795227,False,Wiyli Yustanti,Salamun Rohman Nudin
MnI3Tm0AAAAJ,UL2-upoAAAAJ,0.04034597426652908,0.002331214025616646,False,Sayyidul Aulia Alamsyah,Dana Azizah Rahmat
Smb2eg8AAAAJ,ZjPpHWsAAAAJ,0.04033228009939194,0.013740708120167255,False,Nanang Hoesen. H. A.,Erik Rahman
DrE0Lf8AAAAJ,LeRoniwAAAAJ,0.040272437036037445,0.011098547838628292,False,Fresha Kharisma,Farhanna Mari
BIrtbD8AAAAJ,Jzuk6doAAAAJ,0.04027162492275238,0.006273705046623945,False,Ibnu Febry Kurniawan,Aries Dwi Indriyanti
7EQjv9wAAAAJ,Smb2eg8AAAAJ,0.040220219641923904,0.0363040454685688,True,Asmunin,Nanang Hoesen. H. A.
6ifThF0AAAAJ,Jzuk6doAAAAJ,0.0401504710316658,0.014713847078382969,False,Ika Diyah Candra Arifah,Aries Dwi Indriyanti
Iq3gzh4AAAAJ,N40Vh64AAAAJ,0.04014863818883896,0.006563324946910143,False,Andi Mariono,Raden Roro Hapsari Peni Agustin T
2lw6P3IAAAAJ,Tz8EfXcAAAAJ,0.0401175394654274,0.02281249687075615,False,Muhammad Febrilian Dwi Syahputra,Yuliani Puji Astuti
4Yhmpg0AAAAJ,RvG7jG4AAAAJ,0.04011467099189758,0.01651153527200222,False,Hujjatullah Fazlurrahman,I Made Suartana
DrE0Lf8AAAAJ,z7RWDi0AAAAJ,0.04011072590947151,0.02119450829923153,False,Fresha Kharisma,Tri Rijanto
VNrCn4gAAAAJ,wEGsLv4AAAAJ,0.0401001051068306,0.013218418695032597,False,Ersha Aisyah Elfaiz,Ike Fitriyaningsih
4VXQFKYAAAAJ,IJIEntMAAAAJ,0.04009382799267769,0.026748238131403923,False,Renny Sari Dewi,Yeni Anistyasari
2lw6P3IAAAAJ,MZCJPuIAAAAJ,0.04007735848426819,0.028773698955774307,False,Muhammad Febrilian Dwi Syahputra,Fajar Arianto
VwvPnrcAAAAJ,dfwr-2YAAAAJ,0.04006021469831467,0.021917231380939484,False,Nisa Dwi Septiyanti,Muhammad Fajar Wahyudi Rahman
DsVi_OAAAAAJ,t5f89iIAAAAJ,0.04003708437085152,0.020795121788978577,False,Nadia Nur Thahirrah,Andi Iwan Nurhidayat
MnI3Tm0AAAAJ,Smb2eg8AAAAJ,0.040019240230321884,0.0054671885445714,False,Sayyidul Aulia Alamsyah,Nanang Hoesen. H. A.
b81qaDkAAAAJ,o4zdesUAAAAJ,0.04001830518245697,0.011168320663273335,False,Anita Safitri,Rakha Asyrofi
2lw6P3IAAAAJ,ZRCJXO0AAAAJ,0.04000964015722275,0.017558487132191658,False,Muhammad Febrilian Dwi Syahputra,Riska Dhenabayu
Thp8jg0AAAAJ,YADiqesAAAAJ,0.03998718410730362,0.016660241410136223,False,Dodik Arwin Dermawan,Ekohariadi
4VXQFKYAAAAJ,Hl6bqU8AAAAJ,0.03997674211859703,0.04514399543404579,False,Renny Sari Dewi,Rindu Puspita Wibawa
ZhJ08JkAAAAJ,n7ykK-IAAAAJ,0.03994060680270195,0.03656785562634468,False,Bachtiar Syaiful Bachri,Dhiyan Septa Wihara
Jzuk6doAAAAJ,aW1lSOYAAAAJ,0.039893776178359985,0.018005283549427986,False,Aries Dwi Indriyanti,Aditya Chandra Hermawan
6ifThF0AAAAJ,ZjPpHWsAAAAJ,0.03988597169518471,0.016341455280780792,False,Ika Diyah Candra Arifah,Erik Rahman
dfwr-2YAAAAJ,o4zdesUAAAAJ,0.0398283526301384,0.015651056542992592,False,Muhammad Fajar Wahyudi Rahman,Rakha Asyrofi
4VXQFKYAAAAJ,AjvtBWIAAAAJ,0.03981788828969002,0.05489359050989151,False,Renny Sari Dewi,Siti Masitoh
OwdLKtQAAAAJ,psg8hdoAAAAJ,0.03981056064367294,0.01598418317735195,False,Fitria,Bonda Sisephaputra
6ifThF0AAAAJ,eEtHoOAAAAAJ,0.03973187133669853,0.03209996223449707,False,Ika Diyah Candra Arifah,Rahadian Bisma
5nAJx9wAAAAJ,pb3-UjwAAAAJ,0.039728663861751556,0.011751973070204258,False,Muhammad Fachmi,Moch Deny Pratama
MnI3Tm0AAAAJ,hrVTt4kAAAAJ,0.03970763087272644,0.004524655174463987,False,Sayyidul Aulia Alamsyah,Monica Cinthya
N6RJilIAAAAJ,p4gdgRgAAAAJ,0.039693575352430344,0.03322244808077812,False,Anita Qoiriah,Rusijono
-tpBKawAAAAJ,WdhKN0sAAAAJ,0.03968197852373123,0.015548095107078552,False,Dimas Novian Aditia Syahputra,Aditya Prapanca
1hm7MM8AAAAJ,2lw6P3IAAAAJ,0.03968004882335663,0.009902539663016796,False,Reza Rahmadian,Muhammad Febrilian Dwi Syahputra
6RBIukkAAAAJ,6ifThF0AAAAJ,0.039674486964941025,0.03960977494716644,False,Yatim Riyanto,Ika Diyah Candra Arifah
C_EGqeMAAAAJ,OffRzhoAAAAJ,0.03967178985476494,0.015362616628408432,False,Namira Roudlotul Jannah,Dwi Fatrianto Suyatno
Mr22rjsAAAAJ,wwhACXoAAAAJ,0.03966386988759041,0.007740416098386049,False,Hesti Khuzaimah Nurul Yusufiyah,M Adamu Islam Mashuri
6ifThF0AAAAJ,A9L19RMAAAAJ,0.039648398756980896,0.005894065368920565,False,Ika Diyah Candra Arifah,Pradini Puspitaningayu
_ecYpyYAAAAJ,t5f89iIAAAAJ,0.03964659944176674,0.018436966463923454,False,Dinda Galuh Guminta,Andi Iwan Nurhidayat
psg8hdoAAAAJ,wwhACXoAAAAJ,0.03958623856306076,0.013730671256780624,False,Bonda Sisephaputra,M Adamu Islam Mashuri
MnI3Tm0AAAAJ,wlGfsB0AAAAJ,0.03955712914466858,0.004157396499067545,False,Sayyidul Aulia Alamsyah,Salamun Rohman Nudin
-_VNTSIAAAAJ,AjvtBWIAAAAJ,0.03955245390534401,0.029163263738155365,False,Agus Prihanto,Siti Masitoh
N6RJilIAAAAJ,bTjH6IgAAAAJ,0.03953065350651741,0.051397062838077545,False,Anita Qoiriah,Achmad Kautsar
_ecYpyYAAAAJ,wEGsLv4AAAAJ,0.03953003138303757,0.028500862419605255,False,Dinda Galuh Guminta,Ike Fitriyaningsih
aW1lSOYAAAAJ,bTjH6IgAAAAJ,0.039510369300842285,0.053108565509319305,False,Aditya Chandra Hermawan,Achmad Kautsar
-BuJoD0AAAAJ,q24bD6AAAAAJ,0.03947913646697998,0.03267224505543709,False,Ratih Amelia,Martini Dwi Endah Susanti
EBgY5K0AAAAJ,nbtuM4IAAAAJ,0.039440423250198364,0.004027459304779768,False,Moch. Badrus Oleh,Parama Diptya Widayaka
Tp_X_bYAAAAJ,eEtHoOAAAAAJ,0.039438843727111816,0.014942965470254421,False,Farid Baskoro,Rahadian Bisma
5nAJx9wAAAAJ,o4zdesUAAAAJ,0.03943327069282532,0.01788041740655899,False,Muhammad Fachmi,Rakha Asyrofi
BIrtbD8AAAAJ,fkxhjZ4AAAAJ,0.039415087550878525,0.004609021823853254,False,Ibnu Febry Kurniawan,Ronggo Alit
jJBtZPgAAAAJ,q24bD6AAAAAJ,0.039414238184690475,0.01966729946434498,False,Siska Puspitaningsih,Martini Dwi Endah Susanti
MZCJPuIAAAAJ,o4zdesUAAAAJ,0.03938838467001915,0.010434052906930447,False,Fajar Arianto,Rakha Asyrofi
-BuJoD0AAAAJ,p4gdgRgAAAAJ,0.039376381784677505,0.060153428465127945,False,Ratih Amelia,Rusijono
OffRzhoAAAAJ,y_OiarcAAAAJ,0.039366405457258224,0.014153174124658108,False,Dwi Fatrianto Suyatno,Yandhika Surya Akbar Gumilang
-BuJoD0AAAAJ,qtFw9UMAAAAJ,0.03934318944811821,0.038562677800655365,False,Ratih Amelia,Bambang Sujatmiko
WdhKN0sAAAAJ,jJBtZPgAAAAJ,0.03931685909628868,0.009546412155032158,False,Aditya Prapanca,Siska Puspitaningsih
NO8mJucAAAAJ,RvG7jG4AAAAJ,0.03930782526731491,0.015429947525262833,False,Wahyu Sasongko Putro,I Made Suartana
-BuJoD0AAAAJ,9BWyE0UAAAAJ,0.03928231820464134,0.008281399495899677,False,Ratih Amelia,Endryansyah
hrVTt4kAAAAJ,yXy6kW0AAAAJ,0.039233166724443436,0.0297071635723114,False,Monica Cinthya,Harun Al Rosyid
AjvtBWIAAAAJ,y_OiarcAAAAJ,0.03920987993478775,0.0057946001179516315,False,Siti Masitoh,Yandhika Surya Akbar Gumilang
-_VNTSIAAAAJ,OffRzhoAAAAJ,0.03918643295764923,0.028980650007724762,False,Agus Prihanto,Dwi Fatrianto Suyatno
RES4QIQAAAAJ,itwnm-AAAAAJ,0.039166409522295,0.012839820235967636,False,Arif Widodo,Achmad Fitro
-BuJoD0AAAAJ,NO8mJucAAAAJ,0.03912791237235069,0.026617826893925667,False,Ratih Amelia,Wahyu Sasongko Putro
b4_EdJYAAAAJ,pCyzpjgAAAAJ,0.03911580890417099,0.022279515862464905,False,Moh. Khoridatul Huda,Nurul Laili
1hm7MM8AAAAJ,5uDKOUMAAAAJ,0.039071351289749146,0.01643204689025879,False,Reza Rahmadian,Heri Purnawan
-tpBKawAAAAJ,nWPONc8AAAAJ,0.03906450420618057,0.0062818219885230064,False,Dimas Novian Aditia Syahputra,Lusia Rakhmawati
34CwHgkAAAAJ,wEGsLv4AAAAJ,0.0390612818300724,0.007539601065218449,False,Riza Akhsani Setyo Prayoga,Ike Fitriyaningsih
DrE0Lf8AAAAJ,eEtHoOAAAAAJ,0.03902505710721016,0.03716500103473663,False,Fresha Kharisma,Rahadian Bisma
ZBAnb64AAAAJ,i0pkJZoAAAAJ,0.039021141827106476,0.03266284614801407,False,Ardhini Warih Utami,Yuni Rosita Dewi
CxdwNaYAAAAJ,N40Vh64AAAAJ,0.039008285850286484,0.01231752336025238,False,Wiyli Yustanti,Raden Roro Hapsari Peni Agustin T
nVac1BcAAAAJ,nWPONc8AAAAJ,0.03897616267204285,0.001746004563756287,False,Rosita,Lusia Rakhmawati
N40Vh64AAAAJ,n7IAKI0AAAAJ,0.03895675018429756,0.012029946781694889,False,Raden Roro Hapsari Peni Agustin T,Joko
OffRzhoAAAAJ,lmlBHlsAAAAJ,0.038951851427555084,0.016221944242715836,False,Dwi Fatrianto Suyatno,Widi Aribowo
4Yhmpg0AAAAJ,Hl6bqU8AAAAJ,0.038949090987443924,0.03756644204258919,False,Hujjatullah Fazlurrahman,Rindu Puspita Wibawa
1hm7MM8AAAAJ,wlGfsB0AAAAJ,0.03894203156232834,0.02559717558324337,False,Reza Rahmadian,Salamun Rohman Nudin
Jzuk6doAAAAJ,L6O1lvkAAAAJ,0.038941510021686554,0.010413553565740585,False,Aries Dwi Indriyanti,Tri Wrahatnolo
IJIEntMAAAAJ,LeRoniwAAAAJ,0.03892352432012558,0.008157653734087944,False,Yeni Anistyasari,Farhanna Mari
5nAJx9wAAAAJ,JsEkeOsAAAAJ,0.03892161324620247,0.05106690526008606,False,Muhammad Fachmi,Ari Kurniawan
Em3aIV0AAAAJ,W7ncZRgAAAAJ,0.03890872001647949,0.02510080114006996,False,Ramadhan Cakra Wibawa,Hafid Kholidi Hadi
IJIEntMAAAAJ,jPKU5cAAAAAJ,0.03889317438006401,0.016094066202640533,False,Yeni Anistyasari,Anggraeni Widya Purwita
5nAJx9wAAAAJ,psg8hdoAAAAJ,0.038879599422216415,0.023476507514715195,False,Muhammad Fachmi,Bonda Sisephaputra
JsEkeOsAAAAJ,yObeL8gAAAAJ,0.03886969015002251,0.010462215170264244,False,Ari Kurniawan,I Gusti Putu Asto Buditjahjanto
TB0QfMoAAAAJ,XdEn69YAAAAJ,0.038835518062114716,0.01815522462129593,False,Miftahur Rohman,Cendra Devayana Putra
EBgY5K0AAAAJ,pb3-UjwAAAAJ,0.03881344199180603,0.00336034270003438,False,Moch. Badrus Oleh,Moch Deny Pratama
VNrCn4gAAAAJ,nVac1BcAAAAJ,0.038773179054260254,0.007791864685714245,False,Ersha Aisyah Elfaiz,Rosita
o4zdesUAAAAJ,wwhACXoAAAAJ,0.03870820626616478,0.013622826896607876,False,Rakha Asyrofi,M Adamu Islam Mashuri
4Yhmpg0AAAAJ,LsydBAMAAAAJ,0.0386510044336319,0.017036398872733116,False,Hujjatullah Fazlurrahman,Puput Wanarti Rusimamto
-_VNTSIAAAAJ,_n2j0ZAAAAAJ,0.03861240670084953,0.025607306510210037,False,Agus Prihanto,I Gusti Lanang Putra Eka Prismana
AjvtBWIAAAAJ,RvG7jG4AAAAJ,0.0386100634932518,0.012265017256140709,False,Siti Masitoh,I Made Suartana
2lw6P3IAAAAJ,hjllQ9gAAAAJ,0.03858369216322899,0.006787335965782404,False,Muhammad Febrilian Dwi Syahputra,Nur Kholis
BIrtbD8AAAAJ,pb3-UjwAAAAJ,0.03855499252676964,0.011906285770237446,False,Ibnu Febry Kurniawan,Moch Deny Pratama
-_VNTSIAAAAJ,nbtuM4IAAAAJ,0.038549311459064484,0.028034290298819542,False,Agus Prihanto,Parama Diptya Widayaka
AX-w0AEAAAAJ,y_OiarcAAAAJ,0.038532063364982605,0.011548055335879326,False,Hasanuddin Al-Habib,Yandhika Surya Akbar Gumilang
RvG7jG4AAAAJ,ZhJ08JkAAAAJ,0.038528744131326675,0.01740005798637867,False,I Made Suartana,Bachtiar Syaiful Bachri
W7ncZRgAAAAJ,eEtHoOAAAAAJ,0.03851743042469025,0.03736954927444458,False,Hafid Kholidi Hadi,Rahadian Bisma
MeGE8WAAAAAJ,VwvPnrcAAAAJ,0.03849960118532181,0.0265370961278677,False,Binti Kholifah,Nisa Dwi Septiyanti
bTjH6IgAAAAJ,qtFw9UMAAAAJ,0.038498975336551666,0.027286242693662643,False,Achmad Kautsar,Bambang Sujatmiko
Em3aIV0AAAAJ,ZjPpHWsAAAAJ,0.03849019482731819,0.014803440310060978,False,Ramadhan Cakra Wibawa,Erik Rahman
Jzuk6doAAAAJ,ZRCJXO0AAAAJ,0.03843815252184868,0.005650251638144255,False,Aries Dwi Indriyanti,Riska Dhenabayu
_ecYpyYAAAAJ,wlGfsB0AAAAJ,0.03842879459261894,0.0061561064794659615,False,Dinda Galuh Guminta,Salamun Rohman Nudin
4VXQFKYAAAAJ,_VFGVQQAAAAJ,0.03837261721491814,0.027003515511751175,False,Renny Sari Dewi,Berlian Maulidya Izzati
-_VNTSIAAAAJ,S6IJ51cAAAAJ,0.03836727887392044,0.03315865620970726,False,Agus Prihanto,Unit Three Kartini
4d_6xxEAAAAJ,i0pkJZoAAAAJ,0.03836170956492424,0.03836740553379059,False,Ghea Sekar Palupi,Yuni Rosita Dewi
hjllQ9gAAAAJ,wlGfsB0AAAAJ,0.0383472703397274,0.01378104742616415,False,Nur Kholis,Salamun Rohman Nudin
6ifThF0AAAAJ,AYI1rosAAAAJ,0.03834035247564316,0.00971985887736082,False,Ika Diyah Candra Arifah,Nurhayati
BIrtbD8AAAAJ,R9rGmc4AAAAJ,0.038327932357788086,0.005970294587314129,False,Ibnu Febry Kurniawan,Kartika Chandra Dewi
4VXQFKYAAAAJ,AYI1rosAAAAJ,0.03823660686612129,0.007938769645988941,False,Renny Sari Dewi,Nurhayati
hrVTt4kAAAAJ,pb3-UjwAAAAJ,0.03823080286383629,0.005438411142677069,False,Monica Cinthya,Moch Deny Pratama
Y4YoRwUAAAAJ,b4_EdJYAAAAJ,0.038227375596761703,0.00379491550847888,False,Belgis Ainatul Iza,Moh. Khoridatul Huda
itwnm-AAAAAJ,nWPONc8AAAAJ,0.03820839151740074,0.012772839516401291,False,Achmad Fitro,Lusia Rakhmawati
-gGGkMcAAAAJ,_n2j0ZAAAAAJ,0.038167864084243774,0.02360832504928112,False,Faris Abdi El Hakim,I Gusti Lanang Putra Eka Prismana
LeRoniwAAAAJ,WdhKN0sAAAAJ,0.03815873712301254,0.011604336090385914,False,Farhanna Mari,Aditya Prapanca
1xVR-fgAAAAJ,hjllQ9gAAAAJ,0.038151562213897705,0.016013668850064278,False,1xVR-fgAAAAJ,Nur Kholis
Jzuk6doAAAAJ,itwnm-AAAAAJ,0.03815072029829025,0.008459091186523438,False,Aries Dwi Indriyanti,Achmad Fitro
AX-w0AEAAAAJ,TAAC1-AAAAAJ,0.0381380133330822,0.008565518073737621,False,Hasanuddin Al-Habib,I Gde Agung Sri Sidhimantra
5nAJx9wAAAAJ,ZjPpHWsAAAAJ,0.038094595074653625,0.0243782140314579,False,Muhammad Fachmi,Erik Rahman
MZCJPuIAAAAJ,OffRzhoAAAAJ,0.03809140622615814,0.013657788746058941,False,Fajar Arianto,Dwi Fatrianto Suyatno
34CwHgkAAAAJ,6MXDzBQAAAAJ,0.03805224597454071,0.008004974573850632,False,Riza Akhsani Setyo Prayoga,Lilik Anifah
MeGE8WAAAAAJ,bTjH6IgAAAAJ,0.038047246634960175,0.01531590148806572,False,Binti Kholifah,Achmad Kautsar
5uDKOUMAAAAJ,ZjPpHWsAAAAJ,0.03803689777851105,0.004476673901081085,False,Heri Purnawan,Erik Rahman
LeRoniwAAAAJ,OwdLKtQAAAAJ,0.0380328930914402,0.012595723383128643,False,Farhanna Mari,Fitria
WdhKN0sAAAAJ,itwnm-AAAAAJ,0.03800145164132118,0.0201471745967865,False,Aditya Prapanca,Achmad Fitro
AjvtBWIAAAAJ,DrE0Lf8AAAAJ,0.03798240050673485,0.04621512070298195,False,Siti Masitoh,Fresha Kharisma
Jzuk6doAAAAJ,rnlvOfEAAAAJ,0.0379490852355957,0.0022238867823034525,False,Aries Dwi Indriyanti,Ibrohim
ZRCJXO0AAAAJ,eEtHoOAAAAAJ,0.037943035364151,0.0110259298235178,False,Riska Dhenabayu,Rahadian Bisma
eEtHoOAAAAAJ,yObeL8gAAAAJ,0.037936050444841385,0.014926713891327381,False,Rahadian Bisma,I Gusti Putu Asto Buditjahjanto
5uDKOUMAAAAJ,6f4j4TYAAAAJ,0.037931714206933975,0.01748722977936268,False,Heri Purnawan,Mahendra Widyartono
RvG7jG4AAAAJ,aW1lSOYAAAAJ,0.037929732352495193,0.04222182184457779,False,I Made Suartana,Aditya Chandra Hermawan
jPKU5cAAAAAJ,pb3-UjwAAAAJ,0.0379110723733902,0.0032479201909154654,False,Anggraeni Widya Purwita,Moch Deny Pratama
-tpBKawAAAAJ,S6IJ51cAAAAJ,0.03790760412812233,0.00549002131447196,False,Dimas Novian Aditia Syahputra,Unit Three Kartini
VNrCn4gAAAAJ,tzjThtIAAAAJ,0.037902090698480606,0.005648030433803797,False,Ersha Aisyah Elfaiz,Elly Matul Imah
7EQjv9wAAAAJ,p4gdgRgAAAAJ,0.037850961089134216,0.03353631868958473,False,Asmunin,Rusijono
N40Vh64AAAAJ,hjllQ9gAAAAJ,0.03783589228987694,0.010600303299725056,False,Raden Roro Hapsari Peni Agustin T,Nur Kholis
4d_6xxEAAAAJ,_VFGVQQAAAAJ,0.03781431168317795,0.020387431606650352,False,Ghea Sekar Palupi,Berlian Maulidya Izzati
5uDKOUMAAAAJ,L6O1lvkAAAAJ,0.03779754042625427,0.016869736835360527,False,Heri Purnawan,Tri Wrahatnolo
_VFGVQQAAAAJ,nyyfjCgAAAAJ,0.037777069956064224,0.00226289383135736,False,Berlian Maulidya Izzati,Rifqi Abdillah
ZhJ08JkAAAAJ,wwhACXoAAAAJ,0.037764161825180054,0.01897936873137951,False,Bachtiar Syaiful Bachri,M Adamu Islam Mashuri
jJBtZPgAAAAJ,tzjThtIAAAAJ,0.03776327520608902,0.023695189505815506,False,Siska Puspitaningsih,Elly Matul Imah
4d_6xxEAAAAJ,aW1lSOYAAAAJ,0.03772187978029251,0.014272638596594334,False,Ghea Sekar Palupi,Aditya Chandra Hermawan
7EQjv9wAAAAJ,q-sbahIAAAAJ,0.03771938756108284,0.0050933449529111385,False,Asmunin,Ulfa Siti Nuraini
OwdLKtQAAAAJ,hn5jrnAAAAAJ,0.03771165758371353,0.01665811985731125,False,Fitria,Yuni Yamasari
-gGGkMcAAAAJ,zDgqPOsAAAAJ,0.03768234699964523,0.041760772466659546,False,Faris Abdi El Hakim,Mustaji
JsEkeOsAAAAJ,jJBtZPgAAAAJ,0.037681542336940765,0.03450734168291092,False,Ari Kurniawan,Siska Puspitaningsih
UL2-upoAAAAJ,nbtuM4IAAAAJ,0.03763405606150627,0.0033913322258740664,False,Dana Azizah Rahmat,Parama Diptya Widayaka
W7ncZRgAAAAJ,o4zdesUAAAAJ,0.03763045743107796,0.015766078606247902,False,Hafid Kholidi Hadi,Rakha Asyrofi
RES4QIQAAAAJ,cY1QGVEAAAAJ,0.03761232644319534,0.013555397279560566,False,Arif Widodo,Muhammad Sonhaji Akbar
5uDKOUMAAAAJ,lmlBHlsAAAAJ,0.03759593516588211,0.021401220932602882,False,Heri Purnawan,Widi Aribowo
RNJ3vNQAAAAJ,Smb2eg8AAAAJ,0.037564512342214584,0.0066311657428741455,False,Harmon Prayogi,Nanang Hoesen. H. A.
Tz8EfXcAAAAJ,pb3-UjwAAAAJ,0.03756267577409744,0.0026440725196152925,False,Yuliani Puji Astuti,Moch Deny Pratama
34CwHgkAAAAJ,LsydBAMAAAAJ,0.03750976547598839,0.009551092982292175,False,Riza Akhsani Setyo Prayoga,Puput Wanarti Rusimamto
OwdLKtQAAAAJ,qtFw9UMAAAAJ,0.037502042949199677,0.02318239025771618,False,Fitria,Bambang Sujatmiko
VNrCn4gAAAAJ,y_OiarcAAAAJ,0.037474147975444794,0.00228349887765944,False,Ersha Aisyah Elfaiz,Yandhika Surya Akbar Gumilang
hjllQ9gAAAAJ,jPKU5cAAAAAJ,0.037470344454050064,0.007760339882224798,False,Nur Kholis,Anggraeni Widya Purwita
OffRzhoAAAAJ,p1pK7E4AAAAJ,0.03746667131781578,0.012691237032413483,False,Dwi Fatrianto Suyatno,Subuh Isnur Haryudo
Mr22rjsAAAAJ,VNrCn4gAAAAJ,0.03738996013998985,0.008140916004776955,False,Hesti Khuzaimah Nurul Yusufiyah,Ersha Aisyah Elfaiz
JsEkeOsAAAAJ,ZjPpHWsAAAAJ,0.037352390587329865,0.03446253761649132,False,Ari Kurniawan,Erik Rahman
eEtHoOAAAAAJ,z7RWDi0AAAAJ,0.03734947741031647,0.017570342868566513,False,Rahadian Bisma,Tri Rijanto
6ifThF0AAAAJ,N6RJilIAAAAJ,0.037338342517614365,0.027500789612531662,False,Ika Diyah Candra Arifah,Anita Qoiriah
Hl6bqU8AAAAJ,dfwr-2YAAAAJ,0.037321172654628754,0.029665933921933174,False,Rindu Puspita Wibawa,Muhammad Fajar Wahyudi Rahman
2lw6P3IAAAAJ,lmlBHlsAAAAJ,0.037274979054927826,0.00719785038381815,False,Muhammad Febrilian Dwi Syahputra,Widi Aribowo
q-sbahIAAAAJ,wEGsLv4AAAAJ,0.03723525628447533,0.007239370606839657,False,Ulfa Siti Nuraini,Ike Fitriyaningsih
-tpBKawAAAAJ,lmlBHlsAAAAJ,0.03723336011171341,0.00726877199485898,False,Dimas Novian Aditia Syahputra,Widi Aribowo
AaC4eAwAAAAJ,MnI3Tm0AAAAJ,0.037219468504190445,0.011931590735912323,False,Fadhilah Qalbi Annisa,Sayyidul Aulia Alamsyah
-BuJoD0AAAAJ,L6O1lvkAAAAJ,0.03721567988395691,0.011919386684894562,False,Ratih Amelia,Tri Wrahatnolo
fkxhjZ4AAAAJ,tzjThtIAAAAJ,0.037212323397397995,0.012828448787331581,False,Ronggo Alit,Elly Matul Imah
-tpBKawAAAAJ,zDgqPOsAAAAJ,0.037199411541223526,0.031213469803333282,False,Dimas Novian Aditia Syahputra,Mustaji
MeGE8WAAAAAJ,cPj-iOIAAAAJ,0.03718382865190506,0.012423055246472359,False,Binti Kholifah,Ricky Eka Putra
Mr22rjsAAAAJ,Thp8jg0AAAAJ,0.03715473413467407,0.005859458819031715,False,Hesti Khuzaimah Nurul Yusufiyah,Dodik Arwin Dermawan
JsEkeOsAAAAJ,RES4QIQAAAAJ,0.03715451434254646,0.006604485679417849,False,Ari Kurniawan,Arif Widodo
ZhJ08JkAAAAJ,t5f89iIAAAAJ,0.03715167194604874,0.019366759806871414,False,Bachtiar Syaiful Bachri,Andi Iwan Nurhidayat
4d_6xxEAAAAJ,bTjH6IgAAAAJ,0.03713585436344147,0.03487848863005638,False,Ghea Sekar Palupi,Achmad Kautsar
AaC4eAwAAAAJ,jJBtZPgAAAAJ,0.03706298768520355,0.017350265756249428,False,Fadhilah Qalbi Annisa,Siska Puspitaningsih
wlGfsB0AAAAJ,z7RWDi0AAAAJ,0.037034131586551666,0.011738772504031658,False,Salamun Rohman Nudin,Tri Rijanto
1xVR-fgAAAAJ,AjvtBWIAAAAJ,0.03703318536281586,0.01627834513783455,False,1xVR-fgAAAAJ,Siti Masitoh
N40Vh64AAAAJ,z7RWDi0AAAAJ,0.03700149431824684,0.011291767470538616,True,Raden Roro Hapsari Peni Agustin T,Tri Rijanto
34CwHgkAAAAJ,Mr22rjsAAAAJ,0.03698630630970001,0.0038156609516590834,False,Riza Akhsani Setyo Prayoga,Hesti Khuzaimah Nurul Yusufiyah
YADiqesAAAAJ,psg8hdoAAAAJ,0.036978837102651596,0.022697269916534424,False,Ekohariadi,Bonda Sisephaputra
VNrCn4gAAAAJ,q24bD6AAAAAJ,0.03695118427276611,0.0035826629027724266,False,Ersha Aisyah Elfaiz,Martini Dwi Endah Susanti
LeRoniwAAAAJ,_VFGVQQAAAAJ,0.036949384957551956,0.010498475283384323,False,Farhanna Mari,Berlian Maulidya Izzati
-_VNTSIAAAAJ,6RBIukkAAAAJ,0.03691700100898743,0.02292628586292267,False,Agus Prihanto,Yatim Riyanto
DrE0Lf8AAAAJ,N6RJilIAAAAJ,0.036896754056215286,0.03153638914227486,False,Fresha Kharisma,Anita Qoiriah
cPj-iOIAAAAJ,n7ykK-IAAAAJ,0.03685532882809639,0.018159376457333565,False,Ricky Eka Putra,Dhiyan Septa Wihara
jPKU5cAAAAAJ,p1pK7E4AAAAJ,0.03685323894023895,0.005774025339633226,False,Anggraeni Widya Purwita,Subuh Isnur Haryudo
WdhKN0sAAAAJ,dfwr-2YAAAAJ,0.03683971241116524,0.03847946226596832,False,Aditya Prapanca,Muhammad Fajar Wahyudi Rahman
AjvtBWIAAAAJ,aW1lSOYAAAAJ,0.03683922812342644,0.016756631433963776,False,Siti Masitoh,Aditya Chandra Hermawan
ZBAnb64AAAAJ,lFCI_vsAAAAJ,0.03682956099510193,0.017384599894285202,False,Ardhini Warih Utami,Atik Wintarti
5nAJx9wAAAAJ,9BWyE0UAAAAJ,0.03681650385260582,0.009252517484128475,False,Muhammad Fachmi,Endryansyah
OwdLKtQAAAAJ,TAAC1-AAAAAJ,0.036796826869249344,0.013775846920907497,False,Fitria,I Gde Agung Sri Sidhimantra
5uDKOUMAAAAJ,Tp_X_bYAAAAJ,0.03677983582019806,0.021863682195544243,False,Heri Purnawan,Farid Baskoro
-_VNTSIAAAAJ,t5f89iIAAAAJ,0.036732327193021774,0.07430032640695572,False,Agus Prihanto,Andi Iwan Nurhidayat
6MXDzBQAAAAJ,XdEn69YAAAAJ,0.0367157980799675,0.018038541078567505,False,Lilik Anifah,Cendra Devayana Putra
q24bD6AAAAAJ,yObeL8gAAAAJ,0.03669774904847145,0.012092606164515018,False,Martini Dwi Endah Susanti,I Gusti Putu Asto Buditjahjanto
cPj-iOIAAAAJ,dfwr-2YAAAAJ,0.03669581934809685,0.03520390763878822,False,Ricky Eka Putra,Muhammad Fajar Wahyudi Rahman
VNrCn4gAAAAJ,hrVTt4kAAAAJ,0.03669104352593422,0.00445769215002656,False,Ersha Aisyah Elfaiz,Monica Cinthya
1hm7MM8AAAAJ,n7ykK-IAAAAJ,0.03668549656867981,0.01341503020375967,False,Reza Rahmadian,Dhiyan Septa Wihara
1hm7MM8AAAAJ,jPKU5cAAAAAJ,0.03666810318827629,0.010624882765114307,False,Reza Rahmadian,Anggraeni Widya Purwita
RNJ3vNQAAAAJ,aW1lSOYAAAAJ,0.036638952791690826,0.012400769628584385,False,Harmon Prayogi,Aditya Chandra Hermawan
S6IJ51cAAAAJ,eEtHoOAAAAAJ,0.03663225844502449,0.015071669593453407,False,Unit Three Kartini,Rahadian Bisma
4VXQFKYAAAAJ,yObeL8gAAAAJ,0.03662233054637909,0.011952539905905724,False,Renny Sari Dewi,I Gusti Putu Asto Buditjahjanto
Mr22rjsAAAAJ,N40Vh64AAAAJ,0.03661574423313141,0.01008547656238079,False,Hesti Khuzaimah Nurul Yusufiyah,Raden Roro Hapsari Peni Agustin T
R9rGmc4AAAAJ,jJBtZPgAAAAJ,0.03661540895700455,0.008369709365069866,False,Kartika Chandra Dewi,Siska Puspitaningsih
-BuJoD0AAAAJ,-_VNTSIAAAAJ,0.036565955728292465,0.02597353793680668,False,Ratih Amelia,Agus Prihanto
q24bD6AAAAAJ,z7RWDi0AAAAJ,0.036543361842632294,0.013232332654297352,False,Martini Dwi Endah Susanti,Tri Rijanto
7EQjv9wAAAAJ,z7RWDi0AAAAJ,0.03648737072944641,0.014173264615237713,False,Asmunin,Tri Rijanto
34CwHgkAAAAJ,VNrCn4gAAAAJ,0.03642858937382698,0.0031717338133603334,False,Riza Akhsani Setyo Prayoga,Ersha Aisyah Elfaiz
IJIEntMAAAAJ,N40Vh64AAAAJ,0.03640936687588692,0.010285102762281895,False,Yeni Anistyasari,Raden Roro Hapsari Peni Agustin T
LeRoniwAAAAJ,W7ncZRgAAAAJ,0.03639631345868111,0.01209676917642355,False,Farhanna Mari,Hafid Kholidi Hadi
wwhACXoAAAAJ,yXy6kW0AAAAJ,0.03638472780585289,0.024675892665982246,False,M Adamu Islam Mashuri,Harun Al Rosyid
N40Vh64AAAAJ,S6IJ51cAAAAJ,0.03637494519352913,0.012151997536420822,False,Raden Roro Hapsari Peni Agustin T,Unit Three Kartini
dfwr-2YAAAAJ,p4gdgRgAAAAJ,0.03634095564484596,0.03779229521751404,False,Muhammad Fajar Wahyudi Rahman,Rusijono
1xVR-fgAAAAJ,ZhJ08JkAAAAJ,0.03631427139043808,0.016161084175109863,False,1xVR-fgAAAAJ,Bachtiar Syaiful Bachri
4Yhmpg0AAAAJ,p4gdgRgAAAAJ,0.0362384207546711,0.03814532980322838,False,Hujjatullah Fazlurrahman,Rusijono
4d_6xxEAAAAJ,L6O1lvkAAAAJ,0.03621185943484306,0.008269919082522392,False,Ghea Sekar Palupi,Tri Wrahatnolo
6MXDzBQAAAAJ,bTjH6IgAAAAJ,0.036158375442028046,0.023227469995617867,False,Lilik Anifah,Achmad Kautsar
Smb2eg8AAAAJ,aW1lSOYAAAAJ,0.03614027798175812,0.013508463278412819,False,Nanang Hoesen. H. A.,Aditya Chandra Hermawan
Hl6bqU8AAAAJ,q-sbahIAAAAJ,0.03604341298341751,0.0033253496512770653,False,Rindu Puspita Wibawa,Ulfa Siti Nuraini
MeGE8WAAAAAJ,n7ykK-IAAAAJ,0.03604256734251976,0.024640413001179695,False,Binti Kholifah,Dhiyan Septa Wihara
4Yhmpg0AAAAJ,L6O1lvkAAAAJ,0.03601839020848274,0.01117412094026804,False,Hujjatullah Fazlurrahman,Tri Wrahatnolo
DsVi_OAAAAAJ,zDgqPOsAAAAJ,0.03600744530558586,0.03350111469626427,False,Nadia Nur Thahirrah,Mustaji
6f4j4TYAAAAJ,psg8hdoAAAAJ,0.03600520268082619,0.01954668015241623,False,Mahendra Widyartono,Bonda Sisephaputra
TAAC1-AAAAAJ,eEtHoOAAAAAJ,0.03599429875612259,0.029774267226457596,False,I Gde Agung Sri Sidhimantra,Rahadian Bisma
q24bD6AAAAAJ,zDgqPOsAAAAJ,0.035993222147226334,0.028800716623663902,False,Martini Dwi Endah Susanti,Mustaji
-gGGkMcAAAAJ,eEtHoOAAAAAJ,0.03596575930714607,0.03172297030687332,False,Faris Abdi El Hakim,Rahadian Bisma
EBgY5K0AAAAJ,lFCI_vsAAAAJ,0.03596339747309685,0.013585979118943214,False,Moch. Badrus Oleh,Atik Wintarti
bTjH6IgAAAAJ,ne31is4AAAAJ,0.035960182547569275,0.01940532959997654,False,Achmad Kautsar,Danang Ary Dewangga
34CwHgkAAAAJ,AYI1rosAAAAJ,0.03595396503806114,0.005898976698517799,False,Riza Akhsani Setyo Prayoga,Nurhayati
6ifThF0AAAAJ,p4gdgRgAAAAJ,0.0359511524438858,0.03603997826576233,False,Ika Diyah Candra Arifah,Rusijono
OffRzhoAAAAJ,VwvPnrcAAAAJ,0.03593491390347481,0.03298678249120712,False,Dwi Fatrianto Suyatno,Nisa Dwi Septiyanti
VwvPnrcAAAAJ,lmlBHlsAAAAJ,0.03592884540557861,0.004952631425112486,False,Nisa Dwi Septiyanti,Widi Aribowo
-gGGkMcAAAAJ,pb3-UjwAAAAJ,0.03592614084482193,0.004599451553076506,False,Faris Abdi El Hakim,Moch Deny Pratama
cY1QGVEAAAAJ,wEGsLv4AAAAJ,0.03589748218655586,0.009176616556942463,False,Muhammad Sonhaji Akbar,Ike Fitriyaningsih
DrE0Lf8AAAAJ,Jzuk6doAAAAJ,0.035892970860004425,0.016422543674707413,False,Fresha Kharisma,Aries Dwi Indriyanti
ne31is4AAAAJ,yXy6kW0AAAAJ,0.035878684371709824,0.021425839513540268,False,Danang Ary Dewangga,Harun Al Rosyid
DsVi_OAAAAAJ,o4zdesUAAAAJ,0.035864509642124176,0.011890025809407234,False,Nadia Nur Thahirrah,Rakha Asyrofi
7EQjv9wAAAAJ,yObeL8gAAAAJ,0.0358508862555027,0.010656163096427917,False,Asmunin,I Gusti Putu Asto Buditjahjanto
4Yhmpg0AAAAJ,9BWyE0UAAAAJ,0.03583453595638275,0.008382473140954971,False,Hujjatullah Fazlurrahman,Endryansyah
q24bD6AAAAAJ,sHANI1gAAAAJ,0.03583211451768875,0.005349788814783096,False,Martini Dwi Endah Susanti,Rifqi Firmansyah
-tpBKawAAAAJ,N6RJilIAAAAJ,0.0357634574174881,0.019240770488977432,False,Dimas Novian Aditia Syahputra,Anita Qoiriah
Mr22rjsAAAAJ,pCyzpjgAAAAJ,0.03575022146105766,0.009272617287933826,False,Hesti Khuzaimah Nurul Yusufiyah,Nurul Laili
ZBAnb64AAAAJ,aW1lSOYAAAAJ,0.03573935106396675,0.014554066583514214,False,Ardhini Warih Utami,Aditya Chandra Hermawan
RNJ3vNQAAAAJ,psg8hdoAAAAJ,0.0356973260641098,0.004987169057130814,False,Harmon Prayogi,Bonda Sisephaputra
N6RJilIAAAAJ,wwhACXoAAAAJ,0.035675130784511566,0.030786139890551567,False,Anita Qoiriah,M Adamu Islam Mashuri
eEtHoOAAAAAJ,sHANI1gAAAAJ,0.035657551139593124,0.00665811263024807,False,Rahadian Bisma,Rifqi Firmansyah
wlGfsB0AAAAJ,yObeL8gAAAAJ,0.0356447696685791,0.00902108196169138,False,Salamun Rohman Nudin,I Gusti Putu Asto Buditjahjanto
5nAJx9wAAAAJ,XdEn69YAAAAJ,0.035624705255031586,0.023075005039572716,False,Muhammad Fachmi,Cendra Devayana Putra
6RBIukkAAAAJ,eEtHoOAAAAAJ,0.03559977188706398,0.023226724937558174,False,Yatim Riyanto,Rahadian Bisma
CxdwNaYAAAAJ,VwvPnrcAAAAJ,0.035557910799980164,0.010233230888843536,False,Wiyli Yustanti,Nisa Dwi Septiyanti
dfwr-2YAAAAJ,wwhACXoAAAAJ,0.035516154021024704,0.017440365627408028,False,Muhammad Fajar Wahyudi Rahman,M Adamu Islam Mashuri
5nAJx9wAAAAJ,6MXDzBQAAAAJ,0.03548874706029892,0.012514468282461166,False,Muhammad Fachmi,Lilik Anifah
TB0QfMoAAAAJ,itwnm-AAAAAJ,0.0354829840362072,0.012342427857220173,False,Miftahur Rohman,Achmad Fitro
4Yhmpg0AAAAJ,o4zdesUAAAAJ,0.035481806844472885,0.014717036858201027,False,Hujjatullah Fazlurrahman,Rakha Asyrofi
-tpBKawAAAAJ,ZhJ08JkAAAAJ,0.03546488285064697,0.030916033312678337,False,Dimas Novian Aditia Syahputra,Bachtiar Syaiful Bachri
EBgY5K0AAAAJ,sHANI1gAAAAJ,0.03545445576310158,0.0037873375695198774,False,Moch. Badrus Oleh,Rifqi Firmansyah
TAAC1-AAAAAJ,jJBtZPgAAAAJ,0.035438135266304016,0.010627856478095055,False,I Gde Agung Sri Sidhimantra,Siska Puspitaningsih
6f4j4TYAAAAJ,qtFw9UMAAAAJ,0.03543475270271301,0.013064046390354633,False,Mahendra Widyartono,Bambang Sujatmiko
C_EGqeMAAAAJ,jPKU5cAAAAAJ,0.035426318645477295,0.01106781791895628,False,Namira Roudlotul Jannah,Anggraeni Widya Purwita
8wFXNjYAAAAJ,i0pkJZoAAAAJ,0.03541867062449455,0.020428063347935677,False,Naim Rochmawati,Yuni Rosita Dewi
1hm7MM8AAAAJ,b4_EdJYAAAAJ,0.035410039126873016,0.006708586122840643,False,Reza Rahmadian,Moh. Khoridatul Huda
4VXQFKYAAAAJ,6RBIukkAAAAJ,0.0354074090719223,0.03755064308643341,False,Renny Sari Dewi,Yatim Riyanto
fkxhjZ4AAAAJ,wEGsLv4AAAAJ,0.0353812538087368,0.00503932498395443,False,Ronggo Alit,Ike Fitriyaningsih
4VXQFKYAAAAJ,z7RWDi0AAAAJ,0.03537634015083313,0.01589256152510643,False,Renny Sari Dewi,Tri Rijanto
Em3aIV0AAAAJ,RNJ3vNQAAAAJ,0.0353638119995594,0.003522055922076106,False,Ramadhan Cakra Wibawa,Harmon Prayogi
fkxhjZ4AAAAJ,rnlvOfEAAAAJ,0.03532833606004715,0.0018004452576860785,False,Ronggo Alit,Ibrohim
Em3aIV0AAAAJ,Mr22rjsAAAAJ,0.03530334308743477,0.005519091617316008,False,Ramadhan Cakra Wibawa,Hesti Khuzaimah Nurul Yusufiyah
lFCI_vsAAAAJ,t5f89iIAAAAJ,0.03528377413749695,0.026132140308618546,False,Atik Wintarti,Andi Iwan Nurhidayat
AYI1rosAAAAJ,N6RJilIAAAAJ,0.035265062004327774,0.03186658024787903,False,Nurhayati,Anita Qoiriah
n7ykK-IAAAAJ,ne31is4AAAAJ,0.03519086912274361,0.026146873831748962,False,Dhiyan Septa Wihara,Danang Ary Dewangga
UL2-upoAAAAJ,lmlBHlsAAAAJ,0.03517734631896019,0.0073418449610471725,False,Dana Azizah Rahmat,Widi Aribowo
DsVi_OAAAAAJ,hn5jrnAAAAAJ,0.03517366200685501,0.023440571501851082,False,Nadia Nur Thahirrah,Yuni Yamasari
34CwHgkAAAAJ,nVac1BcAAAAJ,0.03515040501952171,0.002369064139202237,False,Riza Akhsani Setyo Prayoga,Rosita
5nAJx9wAAAAJ,RES4QIQAAAAJ,0.03514812886714935,0.010797007940709591,False,Muhammad Fachmi,Arif Widodo
-_VNTSIAAAAJ,lmlBHlsAAAAJ,0.03513700142502785,0.03291960433125496,False,Agus Prihanto,Widi Aribowo
hrVTt4kAAAAJ,zDgqPOsAAAAJ,0.035120002925395966,0.020448774099349976,False,Monica Cinthya,Mustaji
Yw9l51IAAAAJ,jPKU5cAAAAAJ,0.03510529175400734,0.002747100545093417,False,Riza Akhsani Setyo Prayoga,Anggraeni Widya Purwita
n7ykK-IAAAAJ,yXy6kW0AAAAJ,0.0350944921374321,0.026173893362283707,False,Dhiyan Septa Wihara,Harun Al Rosyid
Smb2eg8AAAAJ,q24bD6AAAAAJ,0.035061661154031754,0.01761472038924694,False,Nanang Hoesen. H. A.,Martini Dwi Endah Susanti
Smb2eg8AAAAJ,yXy6kW0AAAAJ,0.03501896560192108,0.019388502463698387,False,Nanang Hoesen. H. A.,Harun Al Rosyid
b4_EdJYAAAAJ,lmlBHlsAAAAJ,0.03499269485473633,0.005785031244158745,False,Moh. Khoridatul Huda,Widi Aribowo
_VFGVQQAAAAJ,b4_EdJYAAAAJ,0.034980982542037964,0.01167522743344307,False,Berlian Maulidya Izzati,Moh. Khoridatul Huda
MeGE8WAAAAAJ,jPKU5cAAAAAJ,0.034955479204654694,0.01789064332842827,False,Binti Kholifah,Anggraeni Widya Purwita
-_VNTSIAAAAJ,TAAC1-AAAAAJ,0.03494318202137947,0.01854543574154377,False,Agus Prihanto,I Gde Agung Sri Sidhimantra
AX-w0AEAAAAJ,OwdLKtQAAAAJ,0.03490252420306206,0.016175828874111176,False,Hasanuddin Al-Habib,Fitria
pCyzpjgAAAAJ,tzjThtIAAAAJ,0.03489963337779045,0.0087979044765234,False,Nurul Laili,Elly Matul Imah
6RBIukkAAAAJ,DrE0Lf8AAAAJ,0.0348987877368927,0.03339735046029091,False,Yatim Riyanto,Fresha Kharisma
6f4j4TYAAAAJ,N6RJilIAAAAJ,0.03482796624302864,0.05291091650724411,False,Mahendra Widyartono,Anita Qoiriah
RvG7jG4AAAAJ,z7RWDi0AAAAJ,0.03482465818524361,0.025264618918299675,False,I Made Suartana,Tri Rijanto
5nAJx9wAAAAJ,YADiqesAAAAJ,0.034823983907699585,0.017034465447068214,False,Muhammad Fachmi,Ekohariadi
OwdLKtQAAAAJ,hrVTt4kAAAAJ,0.03480817750096321,0.013674460351467133,False,Fitria,Monica Cinthya
Em3aIV0AAAAJ,q-sbahIAAAAJ,0.03480580076575279,0.00385374017059803,False,Ramadhan Cakra Wibawa,Ulfa Siti Nuraini
4d_6xxEAAAAJ,p4gdgRgAAAAJ,0.03475760668516159,0.0322033129632473,False,Ghea Sekar Palupi,Rusijono
-gGGkMcAAAAJ,VwvPnrcAAAAJ,0.03473248332738876,0.027311643585562706,False,Faris Abdi El Hakim,Nisa Dwi Septiyanti
RvG7jG4AAAAJ,yObeL8gAAAAJ,0.03473161160945892,0.028704892843961716,False,I Made Suartana,I Gusti Putu Asto Buditjahjanto
5uDKOUMAAAAJ,pb3-UjwAAAAJ,0.034683845937252045,0.010317247360944748,False,Heri Purnawan,Moch Deny Pratama
-gGGkMcAAAAJ,ZBAnb64AAAAJ,0.034682437777519226,0.02308041602373123,False,Faris Abdi El Hakim,Ardhini Warih Utami
S6IJ51cAAAAJ,W7ncZRgAAAAJ,0.03467519208788872,0.01980416104197502,False,Unit Three Kartini,Hafid Kholidi Hadi
7EQjv9wAAAAJ,9BWyE0UAAAAJ,0.03466454893350601,0.0055260746739804745,False,Asmunin,Endryansyah
N6RJilIAAAAJ,i0pkJZoAAAAJ,0.034648794680833817,0.03234465420246124,False,Anita Qoiriah,Yuni Rosita Dewi
-_VNTSIAAAAJ,A9L19RMAAAAJ,0.0346071757376194,0.021560393273830414,False,Agus Prihanto,Pradini Puspitaningayu
NO8mJucAAAAJ,b4_EdJYAAAAJ,0.03459307923913002,0.011980775743722916,False,Wahyu Sasongko Putro,Moh. Khoridatul Huda
4Yhmpg0AAAAJ,A9L19RMAAAAJ,0.03459032252430916,0.007438633590936661,False,Hujjatullah Fazlurrahman,Pradini Puspitaningayu
-tpBKawAAAAJ,6RBIukkAAAAJ,0.03457030653953552,0.026785850524902344,False,Dimas Novian Aditia Syahputra,Yatim Riyanto
5uDKOUMAAAAJ,LsydBAMAAAAJ,0.034566730260849,0.019435934722423553,False,Heri Purnawan,Puput Wanarti Rusimamto
Jzuk6doAAAAJ,W7ncZRgAAAAJ,0.03456397354602814,0.01803097501397133,False,Aries Dwi Indriyanti,Hafid Kholidi Hadi
LsydBAMAAAAJ,TAAC1-AAAAAJ,0.034555669873952866,0.01753874495625496,False,Puput Wanarti Rusimamto,I Gde Agung Sri Sidhimantra
5nAJx9wAAAAJ,nbtuM4IAAAAJ,0.034544989466667175,0.010358750820159912,False,Muhammad Fachmi,Parama Diptya Widayaka
4VXQFKYAAAAJ,9BWyE0UAAAAJ,0.03450792655348778,0.005134904757142067,False,Renny Sari Dewi,Endryansyah
b81qaDkAAAAJ,q24bD6AAAAAJ,0.03448108211159706,0.023156028240919113,False,Anita Safitri,Martini Dwi Endah Susanti
_VFGVQQAAAAJ,zDgqPOsAAAAJ,0.03447667509317398,0.013651197776198387,False,Berlian Maulidya Izzati,Mustaji
LsydBAMAAAAJ,cY1QGVEAAAAJ,0.0344700887799263,0.01925133354961872,False,Puput Wanarti Rusimamto,Muhammad Sonhaji Akbar
4VXQFKYAAAAJ,eEtHoOAAAAAJ,0.03446064889431,0.03447753190994263,False,Renny Sari Dewi,Rahadian Bisma
i0pkJZoAAAAJ,lFCI_vsAAAAJ,0.034450408071279526,0.019169069826602936,False,Yuni Rosita Dewi,Atik Wintarti
VNrCn4gAAAAJ,yXy6kW0AAAAJ,0.03444735333323479,0.005663369316607714,False,Ersha Aisyah Elfaiz,Harun Al Rosyid
4Yhmpg0AAAAJ,Jzuk6doAAAAJ,0.03443199768662453,0.01542323175817728,False,Hujjatullah Fazlurrahman,Aries Dwi Indriyanti
4d_6xxEAAAAJ,zDgqPOsAAAAJ,0.03440239652991295,0.03851820155978203,False,Ghea Sekar Palupi,Mustaji
RvG7jG4AAAAJ,UL2-upoAAAAJ,0.034399595111608505,0.011276481673121452,False,I Made Suartana,Dana Azizah Rahmat
Tz8EfXcAAAAJ,VwvPnrcAAAAJ,0.03436959162354469,0.03110862895846367,False,Yuliani Puji Astuti,Nisa Dwi Septiyanti
VNrCn4gAAAAJ,rnlvOfEAAAAJ,0.03435796871781349,0.007541327737271786,False,Ersha Aisyah Elfaiz,Ibrohim
CxdwNaYAAAAJ,wEGsLv4AAAAJ,0.03435594588518143,0.009958959184587002,False,Wiyli Yustanti,Ike Fitriyaningsih
6RBIukkAAAAJ,VwvPnrcAAAAJ,0.034343164414167404,0.025815362110733986,False,Yatim Riyanto,Nisa Dwi Septiyanti
i0pkJZoAAAAJ,qtFw9UMAAAAJ,0.03431643545627594,0.026877308264374733,False,Yuni Rosita Dewi,Bambang Sujatmiko
C_EGqeMAAAAJ,eEtHoOAAAAAJ,0.03429875522851944,0.011468418873846531,False,Namira Roudlotul Jannah,Rahadian Bisma
OffRzhoAAAAJ,nWPONc8AAAAJ,0.03429872542619705,0.01165862288326025,False,Dwi Fatrianto Suyatno,Lusia Rakhmawati
LeRoniwAAAAJ,ZBAnb64AAAAJ,0.03429625183343887,0.01202121376991272,False,Farhanna Mari,Ardhini Warih Utami
UL2-upoAAAAJ,sHANI1gAAAAJ,0.03429066017270088,0.0037394638638943434,False,Dana Azizah Rahmat,Rifqi Firmansyah
6ifThF0AAAAJ,_n2j0ZAAAAAJ,0.034278884530067444,0.025446299463510513,False,Ika Diyah Candra Arifah,I Gusti Lanang Putra Eka Prismana
jJBtZPgAAAAJ,ne31is4AAAAJ,0.034268081188201904,0.04475158825516701,False,Siska Puspitaningsih,Danang Ary Dewangga
34CwHgkAAAAJ,q-sbahIAAAAJ,0.034230828285217285,0.002226258860900998,False,Riza Akhsani Setyo Prayoga,Ulfa Siti Nuraini
A9L19RMAAAAJ,LeRoniwAAAAJ,0.03423050791025162,0.0026816921308636665,False,Pradini Puspitaningayu,Farhanna Mari
UL2-upoAAAAJ,z7RWDi0AAAAJ,0.034126702696084976,0.008485042490065098,True,Dana Azizah Rahmat,Tri Rijanto
AjvtBWIAAAAJ,VwvPnrcAAAAJ,0.03412346541881561,0.025321733206510544,False,Siti Masitoh,Nisa Dwi Septiyanti
-tpBKawAAAAJ,AjvtBWIAAAAJ,0.03411594778299332,0.031769510358572006,False,Dimas Novian Aditia Syahputra,Siti Masitoh
b4_EdJYAAAAJ,i0pkJZoAAAAJ,0.03409338369965553,0.012582742609083652,False,Moh. Khoridatul Huda,Yuni Rosita Dewi
8wFXNjYAAAAJ,wEGsLv4AAAAJ,0.03406010940670967,0.011456338688731194,False,Naim Rochmawati,Ike Fitriyaningsih
6ifThF0AAAAJ,LsydBAMAAAAJ,0.03404626622796059,0.012796590104699135,False,Ika Diyah Candra Arifah,Puput Wanarti Rusimamto
cPj-iOIAAAAJ,tzjThtIAAAAJ,0.03403420373797417,0.023048704490065575,False,Ricky Eka Putra,Elly Matul Imah
ZBAnb64AAAAJ,jJBtZPgAAAAJ,0.03400725498795509,0.018345266580581665,False,Ardhini Warih Utami,Siska Puspitaningsih
C_EGqeMAAAAJ,hn5jrnAAAAAJ,0.034000299870967865,0.014754772186279297,False,Namira Roudlotul Jannah,Yuni Yamasari
34CwHgkAAAAJ,z7RWDi0AAAAJ,0.03399072587490082,0.011959267780184746,False,Riza Akhsani Setyo Prayoga,Tri Rijanto
5uDKOUMAAAAJ,9BWyE0UAAAAJ,0.03398954123258591,0.018150977790355682,False,Heri Purnawan,Endryansyah
cY1QGVEAAAAJ,nVac1BcAAAAJ,0.03398824483156204,0.002722753444686532,False,Muhammad Sonhaji Akbar,Rosita
-tpBKawAAAAJ,ZBAnb64AAAAJ,0.033960215747356415,0.01847059465944767,False,Dimas Novian Aditia Syahputra,Ardhini Warih Utami
hn5jrnAAAAAJ,wlGfsB0AAAAJ,0.03395979851484299,0.038318827748298645,False,Yuni Yamasari,Salamun Rohman Nudin
BIrtbD8AAAAJ,MZCJPuIAAAAJ,0.03395123779773712,0.00416870741173625,False,Ibnu Febry Kurniawan,Fajar Arianto
MnI3Tm0AAAAJ,bTjH6IgAAAAJ,0.0339495874941349,0.009505070745944977,False,Sayyidul Aulia Alamsyah,Achmad Kautsar
DsVi_OAAAAAJ,ne31is4AAAAJ,0.03393058106303215,0.02631215937435627,False,Nadia Nur Thahirrah,Danang Ary Dewangga
CxdwNaYAAAAJ,Smb2eg8AAAAJ,0.03392677754163742,0.022614996880292892,False,Wiyli Yustanti,Nanang Hoesen. H. A.
Hl6bqU8AAAAJ,itwnm-AAAAAJ,0.033918384462594986,0.012045824900269508,False,Rindu Puspita Wibawa,Achmad Fitro
CxdwNaYAAAAJ,DrE0Lf8AAAAJ,0.03391793370246887,0.02526596374809742,False,Wiyli Yustanti,Fresha Kharisma
Em3aIV0AAAAJ,ZRCJXO0AAAAJ,0.03386601060628891,0.007779860403388739,False,Ramadhan Cakra Wibawa,Riska Dhenabayu
Iq3gzh4AAAAJ,jJBtZPgAAAAJ,0.033841799944639206,0.015115049667656422,False,Andi Mariono,Siska Puspitaningsih
_n2j0ZAAAAAJ,wEGsLv4AAAAJ,0.03380541875958443,0.00636090524494648,False,I Gusti Lanang Putra Eka Prismana,Ike Fitriyaningsih
TB0QfMoAAAAJ,bTjH6IgAAAAJ,0.033804748207330704,0.01994450017809868,False,Miftahur Rohman,Achmad Kautsar
5nAJx9wAAAAJ,nyyfjCgAAAAJ,0.03379680961370468,0.012698599137365818,False,Muhammad Fachmi,Rifqi Abdillah
-_VNTSIAAAAJ,34CwHgkAAAAJ,0.03378155082464218,0.033730681985616684,False,Agus Prihanto,Riza Akhsani Setyo Prayoga
DsVi_OAAAAAJ,MnI3Tm0AAAAJ,0.033744730055332184,0.0041672405786812305,False,Nadia Nur Thahirrah,Sayyidul Aulia Alamsyah
RNJ3vNQAAAAJ,wlGfsB0AAAAJ,0.03374282643198967,0.0051846993155777454,False,Harmon Prayogi,Salamun Rohman Nudin
MnI3Tm0AAAAJ,tzjThtIAAAAJ,0.03374257683753967,0.01298376265913248,False,Sayyidul Aulia Alamsyah,Elly Matul Imah
VNrCn4gAAAAJ,qtFw9UMAAAAJ,0.033726729452610016,0.0037390494253486395,False,Ersha Aisyah Elfaiz,Bambang Sujatmiko
OwdLKtQAAAAJ,pb3-UjwAAAAJ,0.033725276589393616,0.004284335765987635,False,Fitria,Moch Deny Pratama
EBgY5K0AAAAJ,j8HRV1wAAAAJ,0.03368765488266945,0.006592114455997944,False,Moch. Badrus Oleh,Bambang Suprianto
4VXQFKYAAAAJ,pb3-UjwAAAAJ,0.033682603389024734,0.0036413094494491816,False,Renny Sari Dewi,Moch Deny Pratama
NO8mJucAAAAJ,ZRCJXO0AAAAJ,0.033668722957372665,0.020204849541187286,False,Wahyu Sasongko Putro,Riska Dhenabayu
4VXQFKYAAAAJ,5nAJx9wAAAAJ,0.033660028129816055,0.01744784414768219,False,Renny Sari Dewi,Muhammad Fachmi
Em3aIV0AAAAJ,dfwr-2YAAAAJ,0.033649884164333344,0.020379260182380676,False,Ramadhan Cakra Wibawa,Muhammad Fajar Wahyudi Rahman
6f4j4TYAAAAJ,TAAC1-AAAAAJ,0.033611834049224854,0.025324832648038864,False,Mahendra Widyartono,I Gde Agung Sri Sidhimantra
MnI3Tm0AAAAJ,i0pkJZoAAAAJ,0.03360677510499954,0.005472302436828613,False,Sayyidul Aulia Alamsyah,Yuni Rosita Dewi
OwdLKtQAAAAJ,Tz8EfXcAAAAJ,0.03360609710216522,0.019715366885066032,False,Fitria,Yuliani Puji Astuti
34CwHgkAAAAJ,yObeL8gAAAAJ,0.03358054533600807,0.009299647994339466,False,Riza Akhsani Setyo Prayoga,I Gusti Putu Asto Buditjahjanto
AX-w0AEAAAAJ,FZ00CQ8AAAAJ,0.03355279937386513,0.012346944771707058,False,Hasanuddin Al-Habib,Rizky Basatha
IJIEntMAAAAJ,VwvPnrcAAAAJ,0.0335523784160614,0.012100690975785255,False,Yeni Anistyasari,Nisa Dwi Septiyanti
nyyfjCgAAAAJ,t5f89iIAAAAJ,0.033537231385707855,0.010847453027963638,False,Rifqi Abdillah,Andi Iwan Nurhidayat
5nAJx9wAAAAJ,bTjH6IgAAAAJ,0.033532511442899704,0.02706540934741497,False,Muhammad Fachmi,Achmad Kautsar
6ifThF0AAAAJ,lFCI_vsAAAAJ,0.033524274826049805,0.015728604048490524,False,Ika Diyah Candra Arifah,Atik Wintarti
hn5jrnAAAAAJ,itwnm-AAAAAJ,0.0334613062441349,0.02203323319554329,False,Yuni Yamasari,Achmad Fitro
-BuJoD0AAAAJ,b4_EdJYAAAAJ,0.03344696760177612,0.017021212726831436,False,Ratih Amelia,Moh. Khoridatul Huda
5nAJx9wAAAAJ,sHANI1gAAAAJ,0.033430833369493484,0.008741715922951698,False,Muhammad Fachmi,Rifqi Firmansyah
6MXDzBQAAAAJ,Jzuk6doAAAAJ,0.03341393172740936,0.01649651676416397,False,Lilik Anifah,Aries Dwi Indriyanti
AjvtBWIAAAAJ,pCyzpjgAAAAJ,0.033395811915397644,0.008484752848744392,False,Siti Masitoh,Nurul Laili
-gGGkMcAAAAJ,itwnm-AAAAAJ,0.033375922590494156,0.01588182896375656,False,Faris Abdi El Hakim,Achmad Fitro
AX-w0AEAAAAJ,hrVTt4kAAAAJ,0.033349886536598206,0.014992794021964073,False,Hasanuddin Al-Habib,Monica Cinthya
-gGGkMcAAAAJ,nWPONc8AAAAJ,0.033340487629175186,0.010085763409733772,False,Faris Abdi El Hakim,Lusia Rakhmawati
N40Vh64AAAAJ,ZhJ08JkAAAAJ,0.03333331272006035,0.007536098826676607,False,Raden Roro Hapsari Peni Agustin T,Bachtiar Syaiful Bachri
_n2j0ZAAAAAJ,nVac1BcAAAAJ,0.03333136811852455,0.0017851610900834203,False,I Gusti Lanang Putra Eka Prismana,Rosita
6RBIukkAAAAJ,y_OiarcAAAAJ,0.033314675092697144,0.005185054615139961,False,Yatim Riyanto,Yandhika Surya Akbar Gumilang
Mr22rjsAAAAJ,_n2j0ZAAAAAJ,0.033303290605545044,0.005415205378085375,False,Hesti Khuzaimah Nurul Yusufiyah,I Gusti Lanang Putra Eka Prismana
AX-w0AEAAAAJ,RvG7jG4AAAAJ,0.03329981863498688,0.022360151633620262,False,Hasanuddin Al-Habib,I Made Suartana
AaC4eAwAAAAJ,fkxhjZ4AAAAJ,0.03328239545226097,0.009853134863078594,False,Fadhilah Qalbi Annisa,Ronggo Alit
C_EGqeMAAAAJ,b81qaDkAAAAJ,0.03326994553208351,0.010716896504163742,False,Namira Roudlotul Jannah,Anita Safitri
pCyzpjgAAAAJ,zDgqPOsAAAAJ,0.033233027905225754,0.011629338376224041,False,Nurul Laili,Mustaji
Smb2eg8AAAAJ,nVac1BcAAAAJ,0.033224884420633316,0.0018644925439730287,False,Nanang Hoesen. H. A.,Rosita
IJIEntMAAAAJ,Smb2eg8AAAAJ,0.03320241719484329,0.026004046201705933,False,Yeni Anistyasari,Nanang Hoesen. H. A.
ZRCJXO0AAAAJ,zDgqPOsAAAAJ,0.0331900417804718,0.01484640408307314,False,Riska Dhenabayu,Mustaji
Smb2eg8AAAAJ,rnlvOfEAAAAJ,0.033186256885528564,0.001990240765735507,False,Nanang Hoesen. H. A.,Ibrohim
DrE0Lf8AAAAJ,LsydBAMAAAAJ,0.0331265963613987,0.01607072725892067,False,Fresha Kharisma,Puput Wanarti Rusimamto
-tpBKawAAAAJ,A9L19RMAAAAJ,0.0331169068813324,0.0026101714465767145,False,Dimas Novian Aditia Syahputra,Pradini Puspitaningayu
Smb2eg8AAAAJ,_ecYpyYAAAAJ,0.03311624750494957,0.004491716623306274,False,Nanang Hoesen. H. A.,Dinda Galuh Guminta
WdhKN0sAAAAJ,wlGfsB0AAAAJ,0.0331091433763504,0.027054505422711372,False,Aditya Prapanca,Salamun Rohman Nudin
4d_6xxEAAAAJ,MnI3Tm0AAAAJ,0.033108461648225784,0.005180605221539736,False,Ghea Sekar Palupi,Sayyidul Aulia Alamsyah
b4_EdJYAAAAJ,eEtHoOAAAAAJ,0.03307504951953888,0.018143676221370697,False,Moh. Khoridatul Huda,Rahadian Bisma
LsydBAMAAAAJ,N40Vh64AAAAJ,0.033052168786525726,0.01195769663900137,False,Puput Wanarti Rusimamto,Raden Roro Hapsari Peni Agustin T
n7ykK-IAAAAJ,nWPONc8AAAAJ,0.03300860524177551,0.007599763106554747,False,Dhiyan Septa Wihara,Lusia Rakhmawati
itwnm-AAAAAJ,psg8hdoAAAAJ,0.03299325704574585,0.011495010927319527,False,Achmad Fitro,Bonda Sisephaputra
VNrCn4gAAAAJ,VwvPnrcAAAAJ,0.032993242144584656,0.0047355224378407,False,Ersha Aisyah Elfaiz,Nisa Dwi Septiyanti
LsydBAMAAAAJ,XdEn69YAAAAJ,0.03296899050474167,0.01929088495671749,False,Puput Wanarti Rusimamto,Cendra Devayana Putra
6RBIukkAAAAJ,ZBAnb64AAAAJ,0.03296709060668945,0.01917923241853714,False,Yatim Riyanto,Ardhini Warih Utami
IJIEntMAAAAJ,wlGfsB0AAAAJ,0.03293115273118019,0.02580847404897213,False,Yeni Anistyasari,Salamun Rohman Nudin
OffRzhoAAAAJ,nbtuM4IAAAAJ,0.03292960301041603,0.009616895578801632,False,Dwi Fatrianto Suyatno,Parama Diptya Widayaka
CxdwNaYAAAAJ,ZjPpHWsAAAAJ,0.03292258828878403,0.010422146879136562,False,Wiyli Yustanti,Erik Rahman
34CwHgkAAAAJ,p4gdgRgAAAAJ,0.032904889434576035,0.023542210459709167,False,Riza Akhsani Setyo Prayoga,Rusijono
-gGGkMcAAAAJ,_VFGVQQAAAAJ,0.03288877010345459,0.01428670808672905,False,Faris Abdi El Hakim,Berlian Maulidya Izzati
S6IJ51cAAAAJ,dfwr-2YAAAAJ,0.032879538834095,0.02419077605009079,False,Unit Three Kartini,Muhammad Fajar Wahyudi Rahman
DsVi_OAAAAAJ,ZRCJXO0AAAAJ,0.03287805616855621,0.012828509323298931,False,Nadia Nur Thahirrah,Riska Dhenabayu
4VXQFKYAAAAJ,LsydBAMAAAAJ,0.03287113085389137,0.010659202001988888,False,Renny Sari Dewi,Puput Wanarti Rusimamto
b4_EdJYAAAAJ,o4zdesUAAAAJ,0.032869596034288406,0.00697660306468606,False,Moh. Khoridatul Huda,Rakha Asyrofi
n7ykK-IAAAAJ,nbtuM4IAAAAJ,0.032866816967725754,0.0040931557305157185,False,Dhiyan Septa Wihara,Parama Diptya Widayaka
Tp_X_bYAAAAJ,W7ncZRgAAAAJ,0.03285132348537445,0.02051357552409172,False,Farid Baskoro,Hafid Kholidi Hadi
5nAJx9wAAAAJ,DrE0Lf8AAAAJ,0.03284865617752075,0.02502208575606346,False,Muhammad Fachmi,Fresha Kharisma
Jzuk6doAAAAJ,Yw9l51IAAAAJ,0.032822269946336746,0.0022666582372039557,False,Aries Dwi Indriyanti,Riza Akhsani Setyo Prayoga
-gGGkMcAAAAJ,ZhJ08JkAAAAJ,0.03282136097550392,0.03429574891924858,True,Faris Abdi El Hakim,Bachtiar Syaiful Bachri
UL2-upoAAAAJ,WdhKN0sAAAAJ,0.03280087560415268,0.012497399933636189,False,Dana Azizah Rahmat,Aditya Prapanca
Tz8EfXcAAAAJ,W7ncZRgAAAAJ,0.03278061002492905,0.015586212277412415,False,Yuliani Puji Astuti,Hafid Kholidi Hadi
7EQjv9wAAAAJ,dfwr-2YAAAAJ,0.032768554985523224,0.02628384903073311,False,Asmunin,Muhammad Fajar Wahyudi Rahman
TB0QfMoAAAAJ,cY1QGVEAAAAJ,0.0327591709792614,0.01666303537786007,False,Miftahur Rohman,Muhammad Sonhaji Akbar
Tp_X_bYAAAAJ,i0pkJZoAAAAJ,0.03274913132190704,0.013789906166493893,False,Farid Baskoro,Yuni Rosita Dewi
4d_6xxEAAAAJ,AjvtBWIAAAAJ,0.03271756321191788,0.03606827184557915,False,Ghea Sekar Palupi,Siti Masitoh
-_VNTSIAAAAJ,Tp_X_bYAAAAJ,0.03271183744072914,0.029620084911584854,False,Agus Prihanto,Farid Baskoro
AX-w0AEAAAAJ,WdhKN0sAAAAJ,0.03268713876605034,0.021884392946958542,False,Hasanuddin Al-Habib,Aditya Prapanca
LeRoniwAAAAJ,nVac1BcAAAAJ,0.032667405903339386,0.004673576448112726,False,Farhanna Mari,Rosita
AjvtBWIAAAAJ,BIrtbD8AAAAJ,0.03261888027191162,0.002926397370174527,False,Siti Masitoh,Ibnu Febry Kurniawan
7EQjv9wAAAAJ,EBgY5K0AAAAJ,0.032612890005111694,0.018554892390966415,False,Asmunin,Moch. Badrus Oleh
-BuJoD0AAAAJ,_n2j0ZAAAAAJ,0.03260906785726547,0.03468846529722214,False,Ratih Amelia,I Gusti Lanang Putra Eka Prismana
-gGGkMcAAAAJ,Tz8EfXcAAAAJ,0.0326090082526207,0.013374051079154015,False,Faris Abdi El Hakim,Yuliani Puji Astuti
L6O1lvkAAAAJ,psg8hdoAAAAJ,0.03259075805544853,0.012183131650090218,False,Tri Wrahatnolo,Bonda Sisephaputra
LsydBAMAAAAJ,eEtHoOAAAAAJ,0.032575201243162155,0.015040701255202293,False,Puput Wanarti Rusimamto,Rahadian Bisma
ZjPpHWsAAAAJ,nyyfjCgAAAAJ,0.03254863992333412,0.0071061416529119015,False,Erik Rahman,Rifqi Abdillah
LeRoniwAAAAJ,itwnm-AAAAAJ,0.03253374621272087,0.006213448476046324,False,Farhanna Mari,Achmad Fitro
LeRoniwAAAAJ,S6IJ51cAAAAJ,0.032531578093767166,0.003925599157810211,False,Farhanna Mari,Unit Three Kartini
DsVi_OAAAAAJ,lmlBHlsAAAAJ,0.03250885754823685,0.012680494226515293,False,Nadia Nur Thahirrah,Widi Aribowo
NO8mJucAAAAJ,VwvPnrcAAAAJ,0.032501738518476486,0.02669559419155121,False,Wahyu Sasongko Putro,Nisa Dwi Septiyanti
Mr22rjsAAAAJ,nyyfjCgAAAAJ,0.03248494490981102,0.0058034672401845455,False,Hesti Khuzaimah Nurul Yusufiyah,Rifqi Abdillah
OwdLKtQAAAAJ,_n2j0ZAAAAAJ,0.03247128427028656,0.016167987138032913,False,Fitria,I Gusti Lanang Putra Eka Prismana
-gGGkMcAAAAJ,dfwr-2YAAAAJ,0.03245275467634201,0.03324628248810768,False,Faris Abdi El Hakim,Muhammad Fajar Wahyudi Rahman
6ifThF0AAAAJ,ZBAnb64AAAAJ,0.032445237040519714,0.019190918654203415,False,Ika Diyah Candra Arifah,Ardhini Warih Utami
ZBAnb64AAAAJ,b4_EdJYAAAAJ,0.03239401429891586,0.017091574147343636,False,Ardhini Warih Utami,Moh. Khoridatul Huda
itwnm-AAAAAJ,pb3-UjwAAAAJ,0.03238992765545845,0.005723442416638136,False,Achmad Fitro,Moch Deny Pratama
OffRzhoAAAAJ,S6IJ51cAAAAJ,0.032317113131284714,0.012661618180572987,False,Dwi Fatrianto Suyatno,Unit Three Kartini
VwvPnrcAAAAJ,ne31is4AAAAJ,0.032314348965883255,0.023414453491568565,False,Nisa Dwi Septiyanti,Danang Ary Dewangga
LeRoniwAAAAJ,eEtHoOAAAAAJ,0.03231097012758255,0.01204689871519804,False,Farhanna Mari,Rahadian Bisma
EBgY5K0AAAAJ,hn5jrnAAAAAJ,0.03229470178484917,0.01816076599061489,False,Moch. Badrus Oleh,Yuni Yamasari
1xVR-fgAAAAJ,Tp_X_bYAAAAJ,0.03226546198129654,0.01410831231623888,False,1xVR-fgAAAAJ,Farid Baskoro
7EQjv9wAAAAJ,tzjThtIAAAAJ,0.032232046127319336,0.019467081874608994,False,Asmunin,Elly Matul Imah
XdEn69YAAAAJ,tzjThtIAAAAJ,0.03223004564642906,0.010743241757154465,False,Cendra Devayana Putra,Elly Matul Imah
MeGE8WAAAAAJ,Smb2eg8AAAAJ,0.032229404896497726,0.017195219174027443,False,Binti Kholifah,Nanang Hoesen. H. A.
34CwHgkAAAAJ,rnlvOfEAAAAJ,0.032207101583480835,0.0024239434860646725,False,Riza Akhsani Setyo Prayoga,Ibrohim
6MXDzBQAAAAJ,N40Vh64AAAAJ,0.03218551352620125,0.010536090470850468,False,Lilik Anifah,Raden Roro Hapsari Peni Agustin T
-_VNTSIAAAAJ,LeRoniwAAAAJ,0.03217723220586777,0.02168327569961548,False,Agus Prihanto,Farhanna Mari
EBgY5K0AAAAJ,cPj-iOIAAAAJ,0.03216031566262245,0.01644248701632023,False,Moch. Badrus Oleh,Ricky Eka Putra
Hl6bqU8AAAAJ,VNrCn4gAAAAJ,0.03212185576558113,0.004087347537279129,False,Rindu Puspita Wibawa,Ersha Aisyah Elfaiz
R9rGmc4AAAAJ,_n2j0ZAAAAAJ,0.03211939334869385,0.0027545341290533543,False,Kartika Chandra Dewi,I Gusti Lanang Putra Eka Prismana
6RBIukkAAAAJ,n7ykK-IAAAAJ,0.032110657542943954,0.03854876011610031,False,Yatim Riyanto,Dhiyan Septa Wihara
LeRoniwAAAAJ,dfwr-2YAAAAJ,0.03210008516907692,0.009356156922876835,False,Farhanna Mari,Muhammad Fajar Wahyudi Rahman
W7ncZRgAAAAJ,p4gdgRgAAAAJ,0.032098811119794846,0.042817890644073486,False,Hafid Kholidi Hadi,Rusijono
R9rGmc4AAAAJ,RvG7jG4AAAAJ,0.032070424407720566,0.0034155803732573986,False,Kartika Chandra Dewi,I Made Suartana
6ifThF0AAAAJ,9BWyE0UAAAAJ,0.03207041695713997,0.00641257967799902,False,Ika Diyah Candra Arifah,Endryansyah
MZCJPuIAAAAJ,q-sbahIAAAAJ,0.03206803277134895,0.002627698238939047,False,Fajar Arianto,Ulfa Siti Nuraini
MeGE8WAAAAAJ,N6RJilIAAAAJ,0.03205956891179085,0.019219201058149338,False,Binti Kholifah,Anita Qoiriah
TAAC1-AAAAAJ,q24bD6AAAAAJ,0.03205874189734459,0.01985076442360878,False,I Gde Agung Sri Sidhimantra,Martini Dwi Endah Susanti
Em3aIV0AAAAJ,L6O1lvkAAAAJ,0.032053086906671524,0.00918792188167572,False,Ramadhan Cakra Wibawa,Tri Wrahatnolo
AjvtBWIAAAAJ,n7ykK-IAAAAJ,0.032028425484895706,0.03899173438549042,False,Siti Masitoh,Dhiyan Septa Wihara
W7ncZRgAAAAJ,ZBAnb64AAAAJ,0.03200962021946907,0.023157009854912758,False,Hafid Kholidi Hadi,Ardhini Warih Utami
2lw6P3IAAAAJ,q24bD6AAAAAJ,0.031994324177503586,0.020820165053009987,False,Muhammad Febrilian Dwi Syahputra,Martini Dwi Endah Susanti
Iq3gzh4AAAAJ,o4zdesUAAAAJ,0.031994037330150604,0.011236951686441898,True,Andi Mariono,Rakha Asyrofi
b4_EdJYAAAAJ,jPKU5cAAAAAJ,0.03199092671275139,0.012353615835309029,False,Moh. Khoridatul Huda,Anggraeni Widya Purwita
MeGE8WAAAAAJ,q24bD6AAAAAJ,0.03195822983980179,0.018177878111600876,False,Binti Kholifah,Martini Dwi Endah Susanti
6f4j4TYAAAAJ,bTjH6IgAAAAJ,0.03195254132151604,0.033326540142297745,False,Mahendra Widyartono,Achmad Kautsar
wwhACXoAAAAJ,zDgqPOsAAAAJ,0.03194238990545273,0.02150883898139,False,M Adamu Islam Mashuri,Mustaji
6f4j4TYAAAAJ,p4gdgRgAAAAJ,0.031942375004291534,0.014251220040023327,False,Mahendra Widyartono,Rusijono
-tpBKawAAAAJ,nbtuM4IAAAAJ,0.031942058354616165,0.0035989973694086075,False,Dimas Novian Aditia Syahputra,Parama Diptya Widayaka
VNrCn4gAAAAJ,nyyfjCgAAAAJ,0.03193753585219383,0.0014864614931866527,False,Ersha Aisyah Elfaiz,Rifqi Abdillah
TB0QfMoAAAAJ,eEtHoOAAAAAJ,0.03193013370037079,0.01232982985675335,False,Miftahur Rohman,Rahadian Bisma
rnlvOfEAAAAJ,tzjThtIAAAAJ,0.03192941099405289,0.004810486454516649,False,Ibrohim,Elly Matul Imah
Em3aIV0AAAAJ,YADiqesAAAAJ,0.031912390142679214,0.013662782497704029,False,Ramadhan Cakra Wibawa,Ekohariadi
-_VNTSIAAAAJ,b81qaDkAAAAJ,0.031898949295282364,0.018513886258006096,False,Agus Prihanto,Anita Safitri
-tpBKawAAAAJ,OffRzhoAAAAJ,0.03189155086874962,0.020129403099417686,False,Dimas Novian Aditia Syahputra,Dwi Fatrianto Suyatno
AYI1rosAAAAJ,Em3aIV0AAAAJ,0.03185921907424927,0.012484164908528328,False,Nurhayati,Ramadhan Cakra Wibawa
q-sbahIAAAAJ,y_OiarcAAAAJ,0.03183441236615181,0.006236947141587734,False,Ulfa Siti Nuraini,Yandhika Surya Akbar Gumilang
Smb2eg8AAAAJ,ZBAnb64AAAAJ,0.03183120861649513,0.013964151032269001,False,Nanang Hoesen. H. A.,Ardhini Warih Utami
ZRCJXO0AAAAJ,hrVTt4kAAAAJ,0.03181774169206619,0.00851445458829403,False,Riska Dhenabayu,Monica Cinthya
2lw6P3IAAAAJ,Iq3gzh4AAAAJ,0.03179444745182991,0.030746908858418465,False,Muhammad Febrilian Dwi Syahputra,Andi Mariono
JsEkeOsAAAAJ,MnI3Tm0AAAAJ,0.0317864865064621,0.003493743948638439,False,Ari Kurniawan,Sayyidul Aulia Alamsyah
34CwHgkAAAAJ,9BWyE0UAAAAJ,0.03176209703087807,0.004278297070413828,False,Riza Akhsani Setyo Prayoga,Endryansyah
aW1lSOYAAAAJ,dfwr-2YAAAAJ,0.03176151216030121,0.04521090164780617,False,Aditya Chandra Hermawan,Muhammad Fajar Wahyudi Rahman
bTjH6IgAAAAJ,q24bD6AAAAAJ,0.03175795450806618,0.022386834025382996,False,Achmad Kautsar,Martini Dwi Endah Susanti
DrE0Lf8AAAAJ,VwvPnrcAAAAJ,0.031741611659526825,0.027754390612244606,False,Fresha Kharisma,Nisa Dwi Septiyanti
ZjPpHWsAAAAJ,dfwr-2YAAAAJ,0.03167694807052612,0.02298722043633461,False,Erik Rahman,Muhammad Fajar Wahyudi Rahman
4Yhmpg0AAAAJ,ZBAnb64AAAAJ,0.03166256844997406,0.020100679248571396,False,Hujjatullah Fazlurrahman,Ardhini Warih Utami
5uDKOUMAAAAJ,p1pK7E4AAAAJ,0.03166012838482857,0.017449520528316498,False,Heri Purnawan,Subuh Isnur Haryudo
itwnm-AAAAAJ,o4zdesUAAAAJ,0.03162259981036186,0.012073569931089878,False,Achmad Fitro,Rakha Asyrofi
XdEn69YAAAAJ,n7IAKI0AAAAJ,0.03161131590604782,0.004701280500739813,False,Cendra Devayana Putra,Joko
JsEkeOsAAAAJ,L6O1lvkAAAAJ,0.03161102905869484,0.006709032226353884,False,Ari Kurniawan,Tri Wrahatnolo
OffRzhoAAAAJ,Tp_X_bYAAAAJ,0.03160759061574936,0.011824646964669228,False,Dwi Fatrianto Suyatno,Farid Baskoro
Smb2eg8AAAAJ,VNrCn4gAAAAJ,0.03160305321216583,0.0025662763509899378,False,Nanang Hoesen. H. A.,Ersha Aisyah Elfaiz
jPKU5cAAAAAJ,lFCI_vsAAAAJ,0.031596846878528595,0.010107655078172684,False,Anggraeni Widya Purwita,Atik Wintarti
nbtuM4IAAAAJ,y_OiarcAAAAJ,0.03158627450466156,0.008753768168389797,False,Parama Diptya Widayaka,Yandhika Surya Akbar Gumilang
4Yhmpg0AAAAJ,N6RJilIAAAAJ,0.031581733375787735,0.03080052137374878,False,Hujjatullah Fazlurrahman,Anita Qoiriah
_VFGVQQAAAAJ,hjllQ9gAAAAJ,0.03157425671815872,0.0035975861828774214,False,Berlian Maulidya Izzati,Nur Kholis
A9L19RMAAAAJ,Em3aIV0AAAAJ,0.03154147043824196,0.008045492693781853,False,Pradini Puspitaningayu,Ramadhan Cakra Wibawa
DrE0Lf8AAAAJ,pb3-UjwAAAAJ,0.031516287475824356,0.006027309224009514,False,Fresha Kharisma,Moch Deny Pratama
5uDKOUMAAAAJ,TB0QfMoAAAAJ,0.03146808221936226,0.01821373961865902,False,Heri Purnawan,Miftahur Rohman
-gGGkMcAAAAJ,lmlBHlsAAAAJ,0.03145676478743553,0.010521935299038887,False,Faris Abdi El Hakim,Widi Aribowo
DrE0Lf8AAAAJ,ZBAnb64AAAAJ,0.031448476016521454,0.02385169081389904,False,Fresha Kharisma,Ardhini Warih Utami
AX-w0AEAAAAJ,Em3aIV0AAAAJ,0.03143942728638649,0.021827565506100655,False,Hasanuddin Al-Habib,Ramadhan Cakra Wibawa
MeGE8WAAAAAJ,ZBAnb64AAAAJ,0.031438421458005905,0.02513355202972889,False,Binti Kholifah,Ardhini Warih Utami
Tz8EfXcAAAAJ,hjllQ9gAAAAJ,0.03141190484166145,0.003442079061642289,False,Yuliani Puji Astuti,Nur Kholis
2lw6P3IAAAAJ,S6IJ51cAAAAJ,0.03141164034605026,0.005034796893596649,False,Muhammad Febrilian Dwi Syahputra,Unit Three Kartini
EBgY5K0AAAAJ,aW1lSOYAAAAJ,0.03139730915427208,0.01064667571336031,False,Moch. Badrus Oleh,Aditya Chandra Hermawan
eEtHoOAAAAAJ,zDgqPOsAAAAJ,0.031380169093608856,0.031550660729408264,False,Rahadian Bisma,Mustaji
-gGGkMcAAAAJ,MnI3Tm0AAAAJ,0.03136122226715088,0.0041694422252476215,False,Faris Abdi El Hakim,Sayyidul Aulia Alamsyah
Tz8EfXcAAAAJ,_n2j0ZAAAAAJ,0.031356655061244965,0.01627110317349434,False,Yuliani Puji Astuti,I Gusti Lanang Putra Eka Prismana
OffRzhoAAAAJ,i0pkJZoAAAAJ,0.03135591372847557,0.033365633338689804,False,Dwi Fatrianto Suyatno,Yuni Rosita Dewi
4d_6xxEAAAAJ,jJBtZPgAAAAJ,0.03134387359023094,0.01824474148452282,False,Ghea Sekar Palupi,Siska Puspitaningsih
i0pkJZoAAAAJ,ne31is4AAAAJ,0.03134144842624664,0.022165192291140556,False,Yuni Rosita Dewi,Danang Ary Dewangga
-gGGkMcAAAAJ,AX-w0AEAAAAJ,0.031312547624111176,0.020656172186136246,False,Faris Abdi El Hakim,Hasanuddin Al-Habib
EBgY5K0AAAAJ,z7RWDi0AAAAJ,0.03130898252129555,0.00842629186809063,False,Moch. Badrus Oleh,Tri Rijanto
A9L19RMAAAAJ,FZ00CQ8AAAAJ,0.03130432963371277,0.003966372925788164,False,Pradini Puspitaningayu,Rizky Basatha
ZBAnb64AAAAJ,wlGfsB0AAAAJ,0.03130164369940758,0.02786220610141754,False,Ardhini Warih Utami,Salamun Rohman Nudin
1hm7MM8AAAAJ,LeRoniwAAAAJ,0.031298793852329254,0.00606273440644145,False,Reza Rahmadian,Farhanna Mari
5nAJx9wAAAAJ,W7ncZRgAAAAJ,0.03126116096973419,0.025342721492052078,False,Muhammad Fachmi,Hafid Kholidi Hadi
4Yhmpg0AAAAJ,pb3-UjwAAAAJ,0.0312526598572731,0.006157505325973034,False,Hujjatullah Fazlurrahman,Moch Deny Pratama
b4_EdJYAAAAJ,n7ykK-IAAAAJ,0.031248897314071655,0.016465667635202408,False,Moh. Khoridatul Huda,Dhiyan Septa Wihara
n7ykK-IAAAAJ,qtFw9UMAAAAJ,0.031237361952662468,0.021216746419668198,False,Dhiyan Septa Wihara,Bambang Sujatmiko
MeGE8WAAAAAJ,o4zdesUAAAAJ,0.031232070177793503,0.008772176690399647,False,Binti Kholifah,Rakha Asyrofi
1xVR-fgAAAAJ,5uDKOUMAAAAJ,0.031229635700583458,0.007087740581482649,False,1xVR-fgAAAAJ,Heri Purnawan
LsydBAMAAAAJ,itwnm-AAAAAJ,0.03122497908771038,0.013632256537675858,False,Puput Wanarti Rusimamto,Achmad Fitro
MeGE8WAAAAAJ,i0pkJZoAAAAJ,0.03121630847454071,0.017604799941182137,False,Binti Kholifah,Yuni Rosita Dewi
DrE0Lf8AAAAJ,OffRzhoAAAAJ,0.031212426722049713,0.02479364536702633,False,Fresha Kharisma,Dwi Fatrianto Suyatno
5uDKOUMAAAAJ,nWPONc8AAAAJ,0.031201854348182678,0.016133112832903862,False,Heri Purnawan,Lusia Rakhmawati
-_VNTSIAAAAJ,p1pK7E4AAAAJ,0.03119535930454731,0.030001457780599594,False,Agus Prihanto,Subuh Isnur Haryudo
CxdwNaYAAAAJ,itwnm-AAAAAJ,0.031187303364276886,0.012788426131010056,False,Wiyli Yustanti,Achmad Fitro
R9rGmc4AAAAJ,q24bD6AAAAAJ,0.031176302582025528,0.0034501662012189627,False,Kartika Chandra Dewi,Martini Dwi Endah Susanti
-gGGkMcAAAAJ,S6IJ51cAAAAJ,0.03117169812321663,0.00795767828822136,False,Faris Abdi El Hakim,Unit Three Kartini
1xVR-fgAAAAJ,j8HRV1wAAAAJ,0.031167687848210335,0.014375235885381699,False,1xVR-fgAAAAJ,Bambang Suprianto
CxdwNaYAAAAJ,W7ncZRgAAAAJ,0.031157711520791054,0.026042433455586433,False,Wiyli Yustanti,Hafid Kholidi Hadi
4d_6xxEAAAAJ,ZjPpHWsAAAAJ,0.031155789270997047,0.02067849412560463,False,Ghea Sekar Palupi,Erik Rahman
UL2-upoAAAAJ,ZBAnb64AAAAJ,0.03114800713956356,0.024970395490527153,False,Dana Azizah Rahmat,Ardhini Warih Utami
DsVi_OAAAAAJ,VwvPnrcAAAAJ,0.031145107001066208,0.027385607361793518,False,Nadia Nur Thahirrah,Nisa Dwi Septiyanti
Em3aIV0AAAAJ,Tz8EfXcAAAAJ,0.031143873929977417,0.010726424865424633,False,Ramadhan Cakra Wibawa,Yuliani Puji Astuti
2lw6P3IAAAAJ,IJIEntMAAAAJ,0.031140044331550598,0.01321657095104456,False,Muhammad Febrilian Dwi Syahputra,Yeni Anistyasari
5nAJx9wAAAAJ,b81qaDkAAAAJ,0.03113224171102047,0.025868289172649384,False,Muhammad Fachmi,Anita Safitri
FZ00CQ8AAAAJ,L6O1lvkAAAAJ,0.031126342713832855,0.005955267231911421,False,Rizky Basatha,Tri Wrahatnolo
EBgY5K0AAAAJ,NO8mJucAAAAJ,0.03108156844973564,0.02240319550037384,False,Moch. Badrus Oleh,Wahyu Sasongko Putro
LeRoniwAAAAJ,q-sbahIAAAAJ,0.0310582984238863,0.0048635583370924,False,Farhanna Mari,Ulfa Siti Nuraini
A9L19RMAAAAJ,ZjPpHWsAAAAJ,0.03105434775352478,0.002364848041906953,False,Pradini Puspitaningayu,Erik Rahman
7EQjv9wAAAAJ,BIrtbD8AAAAJ,0.03104735165834427,0.004392063710838556,False,Asmunin,Ibnu Febry Kurniawan
1xVR-fgAAAAJ,nbtuM4IAAAAJ,0.031034130603075027,0.009589556604623795,False,1xVR-fgAAAAJ,Parama Diptya Widayaka
Yw9l51IAAAAJ,eEtHoOAAAAAJ,0.031032271683216095,0.002622331725433469,False,Riza Akhsani Setyo Prayoga,Rahadian Bisma
eEtHoOAAAAAJ,wwhACXoAAAAJ,0.03102518431842327,0.021960316225886345,False,Rahadian Bisma,M Adamu Islam Mashuri
aW1lSOYAAAAJ,cY1QGVEAAAAJ,0.03102249652147293,0.03574606403708458,False,Aditya Chandra Hermawan,Muhammad Sonhaji Akbar
ZBAnb64AAAAJ,bTjH6IgAAAAJ,0.031009746715426445,0.028022276237607002,False,Ardhini Warih Utami,Achmad Kautsar
bTjH6IgAAAAJ,jJBtZPgAAAAJ,0.031006695702672005,0.01114204153418541,False,Achmad Kautsar,Siska Puspitaningsih
BIrtbD8AAAAJ,CxdwNaYAAAAJ,0.031006475910544395,0.013380063697695732,False,Ibnu Febry Kurniawan,Wiyli Yustanti
OwdLKtQAAAAJ,bTjH6IgAAAAJ,0.031001240015029907,0.018612002953886986,False,Fitria,Achmad Kautsar
5nAJx9wAAAAJ,OffRzhoAAAAJ,0.030997950583696365,0.025309018790721893,False,Muhammad Fachmi,Dwi Fatrianto Suyatno
aW1lSOYAAAAJ,psg8hdoAAAAJ,0.030975600704550743,0.024531949311494827,False,Aditya Chandra Hermawan,Bonda Sisephaputra
AYI1rosAAAAJ,bTjH6IgAAAAJ,0.030960604548454285,0.017688313499093056,False,Nurhayati,Achmad Kautsar
9BWyE0UAAAAJ,psg8hdoAAAAJ,0.03095412626862526,0.009007486514747143,False,Endryansyah,Bonda Sisephaputra
_n2j0ZAAAAAJ,q-sbahIAAAAJ,0.030945729464292526,0.0018612860003486276,False,I Gusti Lanang Putra Eka Prismana,Ulfa Siti Nuraini
Em3aIV0AAAAJ,itwnm-AAAAAJ,0.030867936089634895,0.010682882741093636,False,Ramadhan Cakra Wibawa,Achmad Fitro
YADiqesAAAAJ,fkxhjZ4AAAAJ,0.030865326523780823,0.02140086703002453,False,Ekohariadi,Ronggo Alit
NO8mJucAAAAJ,eEtHoOAAAAAJ,0.030863963067531586,0.024286821484565735,False,Wahyu Sasongko Putro,Rahadian Bisma
RNJ3vNQAAAAJ,bTjH6IgAAAAJ,0.030851369723677635,0.007883291691541672,False,Harmon Prayogi,Achmad Kautsar
BIrtbD8AAAAJ,XdEn69YAAAAJ,0.03082106076180935,0.003701120149344206,False,Ibnu Febry Kurniawan,Cendra Devayana Putra
Yw9l51IAAAAJ,jJBtZPgAAAAJ,0.030806850641965866,0.005823600105941296,False,Riza Akhsani Setyo Prayoga,Siska Puspitaningsih
4Yhmpg0AAAAJ,OffRzhoAAAAJ,0.030790120363235474,0.021164895966649055,False,Hujjatullah Fazlurrahman,Dwi Fatrianto Suyatno
4Yhmpg0AAAAJ,VwvPnrcAAAAJ,0.030764052644371986,0.024126505479216576,False,Hujjatullah Fazlurrahman,Nisa Dwi Septiyanti
Em3aIV0AAAAJ,wEGsLv4AAAAJ,0.030746927484869957,0.009434332139790058,False,Ramadhan Cakra Wibawa,Ike Fitriyaningsih
9BWyE0UAAAAJ,p4gdgRgAAAAJ,0.030741721391677856,0.008082196116447449,False,Endryansyah,Rusijono
CxdwNaYAAAAJ,EBgY5K0AAAAJ,0.03072311542928219,0.012264324352145195,False,Wiyli Yustanti,Moch. Badrus Oleh
L6O1lvkAAAAJ,itwnm-AAAAAJ,0.03067484125494957,0.012555106543004513,False,Tri Wrahatnolo,Achmad Fitro
Tp_X_bYAAAAJ,dfwr-2YAAAAJ,0.03066636063158512,0.024844981729984283,False,Farid Baskoro,Muhammad Fajar Wahyudi Rahman
5uDKOUMAAAAJ,YADiqesAAAAJ,0.030635084956884384,0.01571694016456604,False,Heri Purnawan,Ekohariadi
DrE0Lf8AAAAJ,L6O1lvkAAAAJ,0.030629010871052742,0.010625170543789864,False,Fresha Kharisma,Tri Wrahatnolo
2lw6P3IAAAAJ,zDgqPOsAAAAJ,0.030625343322753906,0.02668468840420246,False,Muhammad Febrilian Dwi Syahputra,Mustaji
8wFXNjYAAAAJ,UL2-upoAAAAJ,0.030621791258454323,0.008584759198129177,False,Naim Rochmawati,Dana Azizah Rahmat
ZjPpHWsAAAAJ,p4gdgRgAAAAJ,0.030620908364653587,0.03844563663005829,False,Erik Rahman,Rusijono
UL2-upoAAAAJ,eEtHoOAAAAAJ,0.030583949759602547,0.028765106573700905,False,Dana Azizah Rahmat,Rahadian Bisma
NO8mJucAAAAJ,hn5jrnAAAAAJ,0.03057612106204033,0.02590499259531498,False,Wahyu Sasongko Putro,Yuni Yamasari
UL2-upoAAAAJ,ZjPpHWsAAAAJ,0.030546939000487328,0.03158935531973839,False,Dana Azizah Rahmat,Erik Rahman
Yw9l51IAAAAJ,t5f89iIAAAAJ,0.030542932450771332,0.005175071768462658,False,Riza Akhsani Setyo Prayoga,Andi Iwan Nurhidayat
FZ00CQ8AAAAJ,ZjPpHWsAAAAJ,0.03054281882941723,0.015583954751491547,False,Rizky Basatha,Erik Rahman
AX-w0AEAAAAJ,q24bD6AAAAAJ,0.030533358454704285,0.0185608621686697,False,Hasanuddin Al-Habib,Martini Dwi Endah Susanti
2lw6P3IAAAAJ,Yw9l51IAAAAJ,0.030517317354679108,0.0038018934428691864,False,Muhammad Febrilian Dwi Syahputra,Riza Akhsani Setyo Prayoga
RvG7jG4AAAAJ,sHANI1gAAAAJ,0.03051201067864895,0.01650221459567547,False,I Made Suartana,Rifqi Firmansyah
-gGGkMcAAAAJ,AjvtBWIAAAAJ,0.03047429770231247,0.03783467411994934,False,Faris Abdi El Hakim,Siti Masitoh
6ifThF0AAAAJ,Tz8EfXcAAAAJ,0.030472878366708755,0.012991879135370255,False,Ika Diyah Candra Arifah,Yuliani Puji Astuti
UL2-upoAAAAJ,aW1lSOYAAAAJ,0.0304646585136652,0.009088156744837761,False,Dana Azizah Rahmat,Aditya Chandra Hermawan
nVac1BcAAAAJ,tzjThtIAAAAJ,0.03045753389596939,0.004418924450874329,False,Rosita,Elly Matul Imah
EBgY5K0AAAAJ,Tp_X_bYAAAAJ,0.03045010007917881,0.005787834525108337,False,Moch. Badrus Oleh,Farid Baskoro
AX-w0AEAAAAJ,_ecYpyYAAAAJ,0.03044702298939228,0.020862463861703873,False,Hasanuddin Al-Habib,Dinda Galuh Guminta
5nAJx9wAAAAJ,AYI1rosAAAAJ,0.03041200153529644,0.009910304099321365,False,Muhammad Fachmi,Nurhayati
4Yhmpg0AAAAJ,4d_6xxEAAAAJ,0.030405869707465172,0.021852165460586548,False,Hujjatullah Fazlurrahman,Ghea Sekar Palupi
Mr22rjsAAAAJ,_ecYpyYAAAAJ,0.030392294749617577,0.014821486547589302,False,Hesti Khuzaimah Nurul Yusufiyah,Dinda Galuh Guminta
C_EGqeMAAAAJ,LeRoniwAAAAJ,0.030388496816158295,0.006023256108164787,False,Namira Roudlotul Jannah,Farhanna Mari
-gGGkMcAAAAJ,hjllQ9gAAAAJ,0.030362404882907867,0.009389066137373447,False,Faris Abdi El Hakim,Nur Kholis
LeRoniwAAAAJ,Yw9l51IAAAAJ,0.0303560309112072,0.004654065240174532,False,Farhanna Mari,Riza Akhsani Setyo Prayoga
Tz8EfXcAAAAJ,dfwr-2YAAAAJ,0.030350903049111366,0.012436638586223125,False,Yuliani Puji Astuti,Muhammad Fajar Wahyudi Rahman
-tpBKawAAAAJ,lFCI_vsAAAAJ,0.030328357592225075,0.013567947782576084,False,Dimas Novian Aditia Syahputra,Atik Wintarti
i0pkJZoAAAAJ,p4gdgRgAAAAJ,0.030284574255347252,0.03308810293674469,False,Yuni Rosita Dewi,Rusijono
n7ykK-IAAAAJ,p1pK7E4AAAAJ,0.030270777642726898,0.006693522445857525,False,Dhiyan Septa Wihara,Subuh Isnur Haryudo
4Yhmpg0AAAAJ,lFCI_vsAAAAJ,0.03026506118476391,0.01716044545173645,False,Hujjatullah Fazlurrahman,Atik Wintarti
q24bD6AAAAAJ,wwhACXoAAAAJ,0.030241305008530617,0.016063431277871132,False,Martini Dwi Endah Susanti,M Adamu Islam Mashuri
RNJ3vNQAAAAJ,b4_EdJYAAAAJ,0.030238304287195206,0.0031466404907405376,False,Harmon Prayogi,Moh. Khoridatul Huda
7EQjv9wAAAAJ,OwdLKtQAAAAJ,0.030198847874999046,0.01430229377001524,False,Asmunin,Fitria
ZBAnb64AAAAJ,j8HRV1wAAAAJ,0.03015645407140255,0.009141776710748672,False,Ardhini Warih Utami,Bambang Suprianto
EBgY5K0AAAAJ,p1pK7E4AAAAJ,0.030119499191641808,0.0063846479170024395,False,Moch. Badrus Oleh,Subuh Isnur Haryudo
2lw6P3IAAAAJ,qtFw9UMAAAAJ,0.03011629357933998,0.01748540997505188,False,Muhammad Febrilian Dwi Syahputra,Bambang Sujatmiko
Mr22rjsAAAAJ,psg8hdoAAAAJ,0.030114734545350075,0.004466668237000704,False,Hesti Khuzaimah Nurul Yusufiyah,Bonda Sisephaputra
ZjPpHWsAAAAJ,itwnm-AAAAAJ,0.030111275613307953,0.022548532113432884,False,Erik Rahman,Achmad Fitro
-_VNTSIAAAAJ,TB0QfMoAAAAJ,0.030106492340564728,0.027331724762916565,False,Agus Prihanto,Miftahur Rohman
6ifThF0AAAAJ,L6O1lvkAAAAJ,0.03007565811276436,0.008426975458860397,False,Ika Diyah Candra Arifah,Tri Wrahatnolo
1xVR-fgAAAAJ,6f4j4TYAAAAJ,0.03006633371114731,0.01428705919533968,False,1xVR-fgAAAAJ,Mahendra Widyartono
R9rGmc4AAAAJ,cPj-iOIAAAAJ,0.030061108991503716,0.0034241124521940947,False,Kartika Chandra Dewi,Ricky Eka Putra
Tz8EfXcAAAAJ,itwnm-AAAAAJ,0.030049996450543404,0.009635510854423046,False,Yuliani Puji Astuti,Achmad Fitro
Iq3gzh4AAAAJ,OffRzhoAAAAJ,0.03003607876598835,0.01535414345562458,False,Andi Mariono,Dwi Fatrianto Suyatno
LeRoniwAAAAJ,q24bD6AAAAAJ,0.03002079762518406,0.012833409011363983,False,Farhanna Mari,Martini Dwi Endah Susanti
DsVi_OAAAAAJ,RNJ3vNQAAAAJ,0.02999887242913246,0.0057642217725515366,False,Nadia Nur Thahirrah,Harmon Prayogi
2lw6P3IAAAAJ,nWPONc8AAAAJ,0.029976412653923035,0.005991122219711542,False,Muhammad Febrilian Dwi Syahputra,Lusia Rakhmawati
Hl6bqU8AAAAJ,Yw9l51IAAAAJ,0.02994871325790882,0.003105505835264921,False,Rindu Puspita Wibawa,Riza Akhsani Setyo Prayoga
RvG7jG4AAAAJ,ne31is4AAAAJ,0.02992873638868332,0.015289983712136745,False,I Made Suartana,Danang Ary Dewangga
7EQjv9wAAAAJ,itwnm-AAAAAJ,0.029902756214141846,0.01306101493537426,False,Asmunin,Achmad Fitro
VNrCn4gAAAAJ,n7ykK-IAAAAJ,0.02984752506017685,0.003919090609997511,False,Ersha Aisyah Elfaiz,Dhiyan Septa Wihara
Yw9l51IAAAAJ,o4zdesUAAAAJ,0.029825059697031975,0.0030986382625997066,False,Riza Akhsani Setyo Prayoga,Rakha Asyrofi
N40Vh64AAAAJ,sHANI1gAAAAJ,0.029776310548186302,0.010125615634024143,False,Raden Roro Hapsari Peni Agustin T,Rifqi Firmansyah
TAAC1-AAAAAJ,n7IAKI0AAAAJ,0.029775917530059814,0.004251916892826557,False,I Gde Agung Sri Sidhimantra,Joko
BIrtbD8AAAAJ,S6IJ51cAAAAJ,0.02977183274924755,0.012838597409427166,False,Ibnu Febry Kurniawan,Unit Three Kartini
DsVi_OAAAAAJ,Yw9l51IAAAAJ,0.029771793633699417,0.0027305595576763153,False,Nadia Nur Thahirrah,Riza Akhsani Setyo Prayoga
S6IJ51cAAAAJ,b4_EdJYAAAAJ,0.02975388616323471,0.004705733619630337,False,Unit Three Kartini,Moh. Khoridatul Huda
5nAJx9wAAAAJ,itwnm-AAAAAJ,0.029750101268291473,0.01951434463262558,False,Muhammad Fachmi,Achmad Fitro
Yw9l51IAAAAJ,b81qaDkAAAAJ,0.02974405325949192,0.002386280335485935,False,Riza Akhsani Setyo Prayoga,Anita Safitri
C_EGqeMAAAAJ,_VFGVQQAAAAJ,0.02971937507390976,0.010813540779054165,False,Namira Roudlotul Jannah,Berlian Maulidya Izzati
OffRzhoAAAAJ,TB0QfMoAAAAJ,0.029712429270148277,0.010228333063423634,False,Dwi Fatrianto Suyatno,Miftahur Rohman
RES4QIQAAAAJ,bTjH6IgAAAAJ,0.029702017083764076,0.016878817230463028,False,Arif Widodo,Achmad Kautsar
nWPONc8AAAAJ,t5f89iIAAAAJ,0.029643302783370018,0.0141912205144763,False,Lusia Rakhmawati,Andi Iwan Nurhidayat
4VXQFKYAAAAJ,OffRzhoAAAAJ,0.029641542583703995,0.02252323366701603,False,Renny Sari Dewi,Dwi Fatrianto Suyatno
9BWyE0UAAAAJ,Hl6bqU8AAAAJ,0.029635552316904068,0.012231778353452682,False,Endryansyah,Rindu Puspita Wibawa
6f4j4TYAAAAJ,Hl6bqU8AAAAJ,0.029630865901708603,0.023064827546477318,False,Mahendra Widyartono,Rindu Puspita Wibawa
-tpBKawAAAAJ,4d_6xxEAAAAJ,0.029599903151392937,0.021194815635681152,False,Dimas Novian Aditia Syahputra,Ghea Sekar Palupi
AjvtBWIAAAAJ,eEtHoOAAAAAJ,0.029586346819996834,0.02324935607612133,False,Siti Masitoh,Rahadian Bisma
RvG7jG4AAAAJ,zDgqPOsAAAAJ,0.029573973268270493,0.019877824932336807,False,I Made Suartana,Mustaji
Mr22rjsAAAAJ,y_OiarcAAAAJ,0.029545234516263008,0.005066803190857172,False,Hesti Khuzaimah Nurul Yusufiyah,Yandhika Surya Akbar Gumilang
5uDKOUMAAAAJ,UL2-upoAAAAJ,0.02953079342842102,0.003978386987000704,False,Heri Purnawan,Dana Azizah Rahmat
JsEkeOsAAAAJ,YADiqesAAAAJ,0.02951766550540924,0.011750597506761551,False,Ari Kurniawan,Ekohariadi
6f4j4TYAAAAJ,dfwr-2YAAAAJ,0.029515724629163742,0.031264182180166245,False,Mahendra Widyartono,Muhammad Fajar Wahyudi Rahman
YADiqesAAAAJ,b81qaDkAAAAJ,0.029503770172595978,0.025022760033607483,False,Ekohariadi,Anita Safitri
EBgY5K0AAAAJ,t5f89iIAAAAJ,0.029503563418984413,0.020238690078258514,False,Moch. Badrus Oleh,Andi Iwan Nurhidayat
aW1lSOYAAAAJ,i0pkJZoAAAAJ,0.029490938410162926,0.026552362367510796,False,Aditya Chandra Hermawan,Yuni Rosita Dewi
Yw9l51IAAAAJ,q24bD6AAAAAJ,0.029473699629306793,0.0029658975545316935,False,Riza Akhsani Setyo Prayoga,Martini Dwi Endah Susanti
ZjPpHWsAAAAJ,qtFw9UMAAAAJ,0.029465297237038612,0.038994550704956055,False,Erik Rahman,Bambang Sujatmiko
BIrtbD8AAAAJ,RES4QIQAAAAJ,0.029439182952046394,0.009007456712424755,False,Ibnu Febry Kurniawan,Arif Widodo
ZhJ08JkAAAAJ,pCyzpjgAAAAJ,0.029430104419589043,0.006859426852315664,False,Bachtiar Syaiful Bachri,Nurul Laili
6RBIukkAAAAJ,BIrtbD8AAAAJ,0.029424220323562622,0.0027361733373254538,False,Yatim Riyanto,Ibnu Febry Kurniawan
7EQjv9wAAAAJ,DiBTIz4AAAAJ,0.029399797320365906,0.015644541010260582,False,Asmunin,Riskyana Dewi Intan P
RNJ3vNQAAAAJ,cPj-iOIAAAAJ,0.0293862484395504,0.007166060619056225,False,Harmon Prayogi,Ricky Eka Putra
p4gdgRgAAAAJ,y_OiarcAAAAJ,0.02938597835600376,0.004431550856679678,False,Rusijono,Yandhika Surya Akbar Gumilang
7EQjv9wAAAAJ,Yw9l51IAAAAJ,0.029383834451436996,0.004118633922189474,False,Asmunin,Riza Akhsani Setyo Prayoga
_n2j0ZAAAAAJ,dfwr-2YAAAAJ,0.029377110302448273,0.017269328236579895,False,I Gusti Lanang Putra Eka Prismana,Muhammad Fajar Wahyudi Rahman
1xVR-fgAAAAJ,aW1lSOYAAAAJ,0.02937176078557968,0.0181950144469738,False,1xVR-fgAAAAJ,Aditya Chandra Hermawan
AaC4eAwAAAAJ,Jzuk6doAAAAJ,0.02936878614127636,0.014341953210532665,False,Fadhilah Qalbi Annisa,Aries Dwi Indriyanti
34CwHgkAAAAJ,OwdLKtQAAAAJ,0.029363859444856644,0.01066749170422554,False,Riza Akhsani Setyo Prayoga,Fitria
CxdwNaYAAAAJ,yXy6kW0AAAAJ,0.0293587613850832,0.019208131358027458,False,Wiyli Yustanti,Harun Al Rosyid
6ifThF0AAAAJ,b4_EdJYAAAAJ,0.029356952756643295,0.008273737505078316,False,Ika Diyah Candra Arifah,Moh. Khoridatul Huda
ZRCJXO0AAAAJ,q24bD6AAAAAJ,0.029356002807617188,0.009735161438584328,False,Riska Dhenabayu,Martini Dwi Endah Susanti
MeGE8WAAAAAJ,hn5jrnAAAAAJ,0.029353681951761246,0.015284362249076366,False,Binti Kholifah,Yuni Yamasari
DrE0Lf8AAAAJ,NO8mJucAAAAJ,0.029351359233260155,0.024145152419805527,False,Fresha Kharisma,Wahyu Sasongko Putro
W7ncZRgAAAAJ,pb3-UjwAAAAJ,0.02934981696307659,0.0057976036332547665,False,Hafid Kholidi Hadi,Moch Deny Pratama
AX-w0AEAAAAJ,AjvtBWIAAAAJ,0.02934218943119049,0.01708337292075157,False,Hasanuddin Al-Habib,Siti Masitoh
6ifThF0AAAAJ,pb3-UjwAAAAJ,0.029295895248651505,0.004497030284255743,False,Ika Diyah Candra Arifah,Moch Deny Pratama
6ifThF0AAAAJ,OffRzhoAAAAJ,0.029262682422995567,0.020039329305291176,False,Ika Diyah Candra Arifah,Dwi Fatrianto Suyatno
-gGGkMcAAAAJ,Yw9l51IAAAAJ,0.02926221489906311,0.004768803250044584,False,Faris Abdi El Hakim,Riza Akhsani Setyo Prayoga
Tz8EfXcAAAAJ,jPKU5cAAAAAJ,0.02923545427620411,0.017137030139565468,False,Yuliani Puji Astuti,Anggraeni Widya Purwita
n7ykK-IAAAAJ,sHANI1gAAAAJ,0.029221737757325172,0.003532072063535452,False,Dhiyan Septa Wihara,Rifqi Firmansyah
IJIEntMAAAAJ,y_OiarcAAAAJ,0.029221011325716972,0.00883922167122364,False,Yeni Anistyasari,Yandhika Surya Akbar Gumilang
6MXDzBQAAAAJ,cY1QGVEAAAAJ,0.029207265004515648,0.015570261515676975,False,Lilik Anifah,Muhammad Sonhaji Akbar
Em3aIV0AAAAJ,OwdLKtQAAAAJ,0.029186323285102844,0.009196064434945583,False,Ramadhan Cakra Wibawa,Fitria
DiBTIz4AAAAJ,fkxhjZ4AAAAJ,0.029178157448768616,0.013468573801219463,False,Riskyana Dewi Intan P,Ronggo Alit
4VXQFKYAAAAJ,ZBAnb64AAAAJ,0.0291769877076149,0.01965506002306938,False,Renny Sari Dewi,Ardhini Warih Utami
aW1lSOYAAAAJ,t5f89iIAAAAJ,0.02916688844561577,0.02217140793800354,False,Aditya Chandra Hermawan,Andi Iwan Nurhidayat
CxdwNaYAAAAJ,dfwr-2YAAAAJ,0.029147274792194366,0.025185544043779373,False,Wiyli Yustanti,Muhammad Fajar Wahyudi Rahman
cY1QGVEAAAAJ,n7IAKI0AAAAJ,0.029139893129467964,0.005001421552151442,False,Muhammad Sonhaji Akbar,Joko
R9rGmc4AAAAJ,hn5jrnAAAAAJ,0.02913045510649681,0.004640102386474609,False,Kartika Chandra Dewi,Yuni Yamasari
LeRoniwAAAAJ,lmlBHlsAAAAJ,0.029109645634889603,0.004784524906426668,False,Farhanna Mari,Widi Aribowo
p4gdgRgAAAAJ,t5f89iIAAAAJ,0.029080791398882866,0.018536046147346497,False,Rusijono,Andi Iwan Nurhidayat
4d_6xxEAAAAJ,YADiqesAAAAJ,0.029035944491624832,0.01642744429409504,False,Ghea Sekar Palupi,Ekohariadi
iFSMsegAAAAJ,nyyfjCgAAAAJ,0.029026247560977936,0.0036048879846930504,False,Elvira Wardah,Rifqi Abdillah
lmlBHlsAAAAJ,t5f89iIAAAAJ,0.029022417962551117,0.01454638596624136,False,Widi Aribowo,Andi Iwan Nurhidayat
RNJ3vNQAAAAJ,WdhKN0sAAAAJ,0.02899845503270626,0.009267306886613369,False,Harmon Prayogi,Aditya Prapanca
LsydBAMAAAAJ,RvG7jG4AAAAJ,0.028985967859625816,0.0317487008869648,False,Puput Wanarti Rusimamto,I Made Suartana
RNJ3vNQAAAAJ,hn5jrnAAAAAJ,0.028966428712010384,0.010676592588424683,False,Harmon Prayogi,Yuni Yamasari
A9L19RMAAAAJ,wlGfsB0AAAAJ,0.028961528092622757,0.004040233790874481,False,Pradini Puspitaningayu,Salamun Rohman Nudin
-_VNTSIAAAAJ,-gGGkMcAAAAJ,0.02891531214118004,0.027817483991384506,False,Agus Prihanto,Faris Abdi El Hakim
VwvPnrcAAAAJ,p1pK7E4AAAAJ,0.028911007568240166,0.00386674702167511,False,Nisa Dwi Septiyanti,Subuh Isnur Haryudo
n7ykK-IAAAAJ,pb3-UjwAAAAJ,0.02889336459338665,0.003348489524796605,False,Dhiyan Septa Wihara,Moch Deny Pratama
5nAJx9wAAAAJ,N6RJilIAAAAJ,0.02886495552957058,0.03995363786816597,False,Muhammad Fachmi,Anita Qoiriah
RNJ3vNQAAAAJ,dfwr-2YAAAAJ,0.028846999630331993,0.009292279370129108,False,Harmon Prayogi,Muhammad Fajar Wahyudi Rahman
6ifThF0AAAAJ,qtFw9UMAAAAJ,0.028846867382526398,0.0205217432230711,False,Ika Diyah Candra Arifah,Bambang Sujatmiko
LeRoniwAAAAJ,rnlvOfEAAAAJ,0.028785578906536102,0.00454396428540349,False,Farhanna Mari,Ibrohim
DsVi_OAAAAAJ,hjllQ9gAAAAJ,0.028782909736037254,0.012130510061979294,False,Nadia Nur Thahirrah,Nur Kholis
UL2-upoAAAAJ,p1pK7E4AAAAJ,0.028755897656083107,0.005606268532574177,False,Dana Azizah Rahmat,Subuh Isnur Haryudo
DiBTIz4AAAAJ,pCyzpjgAAAAJ,0.0287283044308424,0.005943738389760256,False,Riskyana Dewi Intan P,Nurul Laili
DsVi_OAAAAAJ,cPj-iOIAAAAJ,0.02871078811585903,0.019885048270225525,False,Nadia Nur Thahirrah,Ricky Eka Putra
A9L19RMAAAAJ,bTjH6IgAAAAJ,0.028682677075266838,0.009625835344195366,False,Pradini Puspitaningayu,Achmad Kautsar
jJBtZPgAAAAJ,n7ykK-IAAAAJ,0.028672216460108757,0.018435172736644745,False,Siska Puspitaningsih,Dhiyan Septa Wihara
EBgY5K0AAAAJ,RES4QIQAAAAJ,0.028669601306319237,0.004108413588255644,False,Moch. Badrus Oleh,Arif Widodo
RNJ3vNQAAAAJ,Tz8EfXcAAAAJ,0.028647473081946373,0.004221625160425901,False,Harmon Prayogi,Yuliani Puji Astuti
aW1lSOYAAAAJ,eEtHoOAAAAAJ,0.028639964759349823,0.025035804137587547,False,Aditya Chandra Hermawan,Rahadian Bisma
AX-w0AEAAAAJ,VNrCn4gAAAAJ,0.02861487679183483,0.009161632508039474,False,Hasanuddin Al-Habib,Ersha Aisyah Elfaiz
bTjH6IgAAAAJ,yXy6kW0AAAAJ,0.028612608090043068,0.022998882457613945,False,Achmad Kautsar,Harun Al Rosyid
TAAC1-AAAAAJ,ZBAnb64AAAAJ,0.028596265241503716,0.015948111191391945,False,I Gde Agung Sri Sidhimantra,Ardhini Warih Utami
1xVR-fgAAAAJ,6MXDzBQAAAAJ,0.028578050434589386,0.012523218058049679,False,1xVR-fgAAAAJ,Lilik Anifah
AaC4eAwAAAAJ,cPj-iOIAAAAJ,0.028573976829648018,0.017571544274687767,False,Fadhilah Qalbi Annisa,Ricky Eka Putra
Hl6bqU8AAAAJ,_ecYpyYAAAAJ,0.02857114188373089,0.00615705456584692,False,Rindu Puspita Wibawa,Dinda Galuh Guminta
C_EGqeMAAAAJ,psg8hdoAAAAJ,0.028552906587719917,0.004739576485008001,False,Namira Roudlotul Jannah,Bonda Sisephaputra
2lw6P3IAAAAJ,aW1lSOYAAAAJ,0.02852875180542469,0.009173511527478695,False,Muhammad Febrilian Dwi Syahputra,Aditya Chandra Hermawan
OwdLKtQAAAAJ,WdhKN0sAAAAJ,0.028528572991490364,0.010308729484677315,False,Fitria,Aditya Prapanca
AX-w0AEAAAAJ,b81qaDkAAAAJ,0.02852729707956314,0.00954441912472248,False,Hasanuddin Al-Habib,Anita Safitri
DsVi_OAAAAAJ,ZhJ08JkAAAAJ,0.028510617092251778,0.029201464727520943,False,Nadia Nur Thahirrah,Bachtiar Syaiful Bachri
wEGsLv4AAAAJ,wwhACXoAAAAJ,0.028506716713309288,0.01912231184542179,False,Ike Fitriyaningsih,M Adamu Islam Mashuri
VwvPnrcAAAAJ,j8HRV1wAAAAJ,0.02849263697862625,0.0037883378099650145,False,Nisa Dwi Septiyanti,Bambang Suprianto
UL2-upoAAAAJ,jJBtZPgAAAAJ,0.028482288122177124,0.02177169732749462,False,Dana Azizah Rahmat,Siska Puspitaningsih
Jzuk6doAAAAJ,dfwr-2YAAAAJ,0.02847706526517868,0.014229369349777699,False,Aries Dwi Indriyanti,Muhammad Fajar Wahyudi Rahman
6f4j4TYAAAAJ,W7ncZRgAAAAJ,0.02847437933087349,0.025635851547122,False,Mahendra Widyartono,Hafid Kholidi Hadi
LeRoniwAAAAJ,_ecYpyYAAAAJ,0.028468437492847443,0.006028991192579269,False,Farhanna Mari,Dinda Galuh Guminta
5nAJx9wAAAAJ,cY1QGVEAAAAJ,0.028464267030358315,0.025890741497278214,False,Muhammad Fachmi,Muhammad Sonhaji Akbar
_ecYpyYAAAAJ,n7ykK-IAAAAJ,0.028446679934859276,0.008187370374798775,False,Dinda Galuh Guminta,Dhiyan Septa Wihara
5uDKOUMAAAAJ,IJIEntMAAAAJ,0.02844122238457203,0.011907769367098808,False,Heri Purnawan,Yeni Anistyasari
R9rGmc4AAAAJ,psg8hdoAAAAJ,0.02844083681702614,0.0022803707979619503,False,Kartika Chandra Dewi,Bonda Sisephaputra
nyyfjCgAAAAJ,o4zdesUAAAAJ,0.02843671850860119,0.013288971967995167,False,Rifqi Abdillah,Rakha Asyrofi
6f4j4TYAAAAJ,Thp8jg0AAAAJ,0.028435586020350456,0.02727978304028511,False,Mahendra Widyartono,Dodik Arwin Dermawan
LeRoniwAAAAJ,yXy6kW0AAAAJ,0.028427518904209137,0.015021849423646927,False,Farhanna Mari,Harun Al Rosyid
ZBAnb64AAAAJ,n7ykK-IAAAAJ,0.028387822210788727,0.02357083559036255,False,Ardhini Warih Utami,Dhiyan Septa Wihara
OwdLKtQAAAAJ,wwhACXoAAAAJ,0.02836153283715248,0.016045410186052322,False,Fitria,M Adamu Islam Mashuri
6MXDzBQAAAAJ,W7ncZRgAAAAJ,0.028349589556455612,0.016731470823287964,False,Lilik Anifah,Hafid Kholidi Hadi
NO8mJucAAAAJ,cPj-iOIAAAAJ,0.028336433693766594,0.01918577402830124,False,Wahyu Sasongko Putro,Ricky Eka Putra
AaC4eAwAAAAJ,XdEn69YAAAAJ,0.02833613008260727,0.008964893408119678,False,Fadhilah Qalbi Annisa,Cendra Devayana Putra
Yw9l51IAAAAJ,cPj-iOIAAAAJ,0.02831980213522911,0.002798248315230012,False,Riza Akhsani Setyo Prayoga,Ricky Eka Putra
iFSMsegAAAAJ,wEGsLv4AAAAJ,0.028316088020801544,0.008952581323683262,False,Elvira Wardah,Ike Fitriyaningsih
N6RJilIAAAAJ,UL2-upoAAAAJ,0.028315262869000435,0.015199532732367516,False,Anita Qoiriah,Dana Azizah Rahmat
lFCI_vsAAAAJ,o4zdesUAAAAJ,0.028311431407928467,0.009009133093059063,False,Atik Wintarti,Rakha Asyrofi
Y4YoRwUAAAAJ,lFCI_vsAAAAJ,0.02830767259001732,0.005530493799597025,False,Belgis Ainatul Iza,Atik Wintarti
8wFXNjYAAAAJ,DrE0Lf8AAAAJ,0.028305979445576668,0.021048111841082573,False,Naim Rochmawati,Fresha Kharisma
UL2-upoAAAAJ,j8HRV1wAAAAJ,0.028301401063799858,0.005225846543908119,False,Dana Azizah Rahmat,Bambang Suprianto
LsydBAMAAAAJ,bTjH6IgAAAAJ,0.02829883247613907,0.022467169910669327,False,Puput Wanarti Rusimamto,Achmad Kautsar
LeRoniwAAAAJ,MeGE8WAAAAAJ,0.028282221406698227,0.01371984276920557,False,Farhanna Mari,Binti Kholifah
jJBtZPgAAAAJ,nWPONc8AAAAJ,0.028279984369874,0.00619883555918932,False,Siska Puspitaningsih,Lusia Rakhmawati
ZBAnb64AAAAJ,ZhJ08JkAAAAJ,0.028276387602090836,0.02135179564356804,False,Ardhini Warih Utami,Bachtiar Syaiful Bachri
AX-w0AEAAAAJ,Iq3gzh4AAAAJ,0.028259821236133575,0.015879740938544273,False,Hasanuddin Al-Habib,Andi Mariono
1xVR-fgAAAAJ,Tz8EfXcAAAAJ,0.028222544118762016,0.006983611732721329,False,1xVR-fgAAAAJ,Yuliani Puji Astuti
ZhJ08JkAAAAJ,jPKU5cAAAAAJ,0.028198327869176865,0.01729559525847435,False,Bachtiar Syaiful Bachri,Anggraeni Widya Purwita
A9L19RMAAAAJ,N6RJilIAAAAJ,0.028174685314297676,0.023413030430674553,False,Pradini Puspitaningayu,Anita Qoiriah
XdEn69YAAAAJ,pCyzpjgAAAAJ,0.02817181497812271,0.0031989512499421835,False,Cendra Devayana Putra,Nurul Laili
EBgY5K0AAAAJ,TB0QfMoAAAAJ,0.028165718540549278,0.00469952542334795,False,Moch. Badrus Oleh,Miftahur Rohman
AjvtBWIAAAAJ,tzjThtIAAAAJ,0.028141934424638748,0.010550318285822868,False,Siti Masitoh,Elly Matul Imah
4Yhmpg0AAAAJ,_VFGVQQAAAAJ,0.02812601812183857,0.01293699350208044,False,Hujjatullah Fazlurrahman,Berlian Maulidya Izzati
NO8mJucAAAAJ,ZBAnb64AAAAJ,0.028117775917053223,0.021433977410197258,False,Wahyu Sasongko Putro,Ardhini Warih Utami
itwnm-AAAAAJ,n7IAKI0AAAAJ,0.028113210573792458,0.006650532130151987,False,Achmad Fitro,Joko
-_VNTSIAAAAJ,LsydBAMAAAAJ,0.028100620955228806,0.027107223868370056,False,Agus Prihanto,Puput Wanarti Rusimamto
6ifThF0AAAAJ,ZRCJXO0AAAAJ,0.028094181790947914,0.010457932949066162,False,Ika Diyah Candra Arifah,Riska Dhenabayu
1hm7MM8AAAAJ,q24bD6AAAAAJ,0.028063159435987473,0.016625264659523964,False,Reza Rahmadian,Martini Dwi Endah Susanti
-_VNTSIAAAAJ,JsEkeOsAAAAJ,0.02806040644645691,0.0347762368619442,False,Agus Prihanto,Ari Kurniawan
N6RJilIAAAAJ,wlGfsB0AAAAJ,0.02804986760020256,0.037931449711322784,False,Anita Qoiriah,Salamun Rohman Nudin
RvG7jG4AAAAJ,_VFGVQQAAAAJ,0.02802477590739727,0.0071624391712248325,False,I Made Suartana,Berlian Maulidya Izzati
ZhJ08JkAAAAJ,tzjThtIAAAAJ,0.028021754696965218,0.009412650018930435,False,Bachtiar Syaiful Bachri,Elly Matul Imah
q-sbahIAAAAJ,rnlvOfEAAAAJ,0.027998758479952812,0.002992698922753334,False,Ulfa Siti Nuraini,Ibrohim
W7ncZRgAAAAJ,_VFGVQQAAAAJ,0.02799564227461815,0.01599944941699505,False,Hafid Kholidi Hadi,Berlian Maulidya Izzati
1xVR-fgAAAAJ,_VFGVQQAAAAJ,0.027995320037007332,0.0067940703593194485,False,1xVR-fgAAAAJ,Berlian Maulidya Izzati
R9rGmc4AAAAJ,VNrCn4gAAAAJ,0.027965648099780083,0.009841611608862877,False,Kartika Chandra Dewi,Ersha Aisyah Elfaiz
6MXDzBQAAAAJ,dfwr-2YAAAAJ,0.02795695699751377,0.02074047178030014,False,Lilik Anifah,Muhammad Fajar Wahyudi Rahman
34CwHgkAAAAJ,ZjPpHWsAAAAJ,0.027944475412368774,0.014306336641311646,False,Riza Akhsani Setyo Prayoga,Erik Rahman
TB0QfMoAAAAJ,i0pkJZoAAAAJ,0.027936019003391266,0.010490281507372856,False,Miftahur Rohman,Yuni Rosita Dewi
Iq3gzh4AAAAJ,tzjThtIAAAAJ,0.027904676273465157,0.009325085207819939,False,Andi Mariono,Elly Matul Imah
NO8mJucAAAAJ,Tz8EfXcAAAAJ,0.02788739837706089,0.018319446593523026,False,Wahyu Sasongko Putro,Yuliani Puji Astuti
DsVi_OAAAAAJ,S6IJ51cAAAAJ,0.027880333364009857,0.009003819897770882,False,Nadia Nur Thahirrah,Unit Three Kartini
NO8mJucAAAAJ,OffRzhoAAAAJ,0.027869148179888725,0.025761758908629417,False,Wahyu Sasongko Putro,Dwi Fatrianto Suyatno
S6IJ51cAAAAJ,y_OiarcAAAAJ,0.027860764414072037,0.011926145292818546,False,Unit Three Kartini,Yandhika Surya Akbar Gumilang
8wFXNjYAAAAJ,wlGfsB0AAAAJ,0.02785845845937729,0.019935961812734604,False,Naim Rochmawati,Salamun Rohman Nudin
-BuJoD0AAAAJ,Tz8EfXcAAAAJ,0.027856066823005676,0.019339460879564285,False,Ratih Amelia,Yuliani Puji Astuti
hn5jrnAAAAAJ,jPKU5cAAAAAJ,0.0278430487960577,0.013420984148979187,False,Yuni Yamasari,Anggraeni Widya Purwita
nbtuM4IAAAAJ,q24bD6AAAAAJ,0.0278415959328413,0.009640770964324474,False,Parama Diptya Widayaka,Martini Dwi Endah Susanti
DrE0Lf8AAAAJ,p4gdgRgAAAAJ,0.027831709012389183,0.03662416338920593,False,Fresha Kharisma,Rusijono
WdhKN0sAAAAJ,wwhACXoAAAAJ,0.027815844863653183,0.014738306403160095,False,Aditya Prapanca,M Adamu Islam Mashuri
MeGE8WAAAAAJ,_VFGVQQAAAAJ,0.027806267142295837,0.01813812367618084,False,Binti Kholifah,Berlian Maulidya Izzati
NO8mJucAAAAJ,ne31is4AAAAJ,0.02780276909470558,0.028674347326159477,False,Wahyu Sasongko Putro,Danang Ary Dewangga
8wFXNjYAAAAJ,OwdLKtQAAAAJ,0.02778986655175686,0.012248821556568146,False,Naim Rochmawati,Fitria
ZBAnb64AAAAJ,z7RWDi0AAAAJ,0.027771014720201492,0.011144408956170082,False,Ardhini Warih Utami,Tri Rijanto
4d_6xxEAAAAJ,RNJ3vNQAAAAJ,0.027766427025198936,0.004607331473380327,False,Ghea Sekar Palupi,Harmon Prayogi
ZBAnb64AAAAJ,b81qaDkAAAAJ,0.027747392654418945,0.024490175768733025,False,Ardhini Warih Utami,Anita Safitri
t5f89iIAAAAJ,zDgqPOsAAAAJ,0.027725785970687866,0.03469790890812874,False,Andi Iwan Nurhidayat,Mustaji
wEGsLv4AAAAJ,yXy6kW0AAAAJ,0.02770265005528927,0.016235217452049255,False,Ike Fitriyaningsih,Harun Al Rosyid
EBgY5K0AAAAJ,yObeL8gAAAAJ,0.027691632509231567,0.006531810387969017,False,Moch. Badrus Oleh,I Gusti Putu Asto Buditjahjanto
JsEkeOsAAAAJ,n7IAKI0AAAAJ,0.027669532224535942,0.004056605976074934,False,Ari Kurniawan,Joko
-_VNTSIAAAAJ,p4gdgRgAAAAJ,0.02765796333551407,0.02813890017569065,False,Agus Prihanto,Rusijono
jPKU5cAAAAAJ,sHANI1gAAAAJ,0.027651488780975342,0.0027877946849912405,False,Anggraeni Widya Purwita,Rifqi Firmansyah
-gGGkMcAAAAJ,aW1lSOYAAAAJ,0.027650168165564537,0.013607376255095005,False,Faris Abdi El Hakim,Aditya Chandra Hermawan
VNrCn4gAAAAJ,i0pkJZoAAAAJ,0.027648359537124634,0.00304971425794065,False,Ersha Aisyah Elfaiz,Yuni Rosita Dewi
b4_EdJYAAAAJ,yXy6kW0AAAAJ,0.02764759585261345,0.02377704158425331,False,Moh. Khoridatul Huda,Harun Al Rosyid
TAAC1-AAAAAJ,q-sbahIAAAAJ,0.02763652242720127,0.0020190447103232145,False,I Gde Agung Sri Sidhimantra,Ulfa Siti Nuraini
4Yhmpg0AAAAJ,qtFw9UMAAAAJ,0.027613621205091476,0.02063359133899212,False,Hujjatullah Fazlurrahman,Bambang Sujatmiko
1hm7MM8AAAAJ,_n2j0ZAAAAAJ,0.027599310502409935,0.017806047573685646,False,Reza Rahmadian,I Gusti Lanang Putra Eka Prismana
TAAC1-AAAAAJ,ZjPpHWsAAAAJ,0.027597730979323387,0.01024628896266222,False,I Gde Agung Sri Sidhimantra,Erik Rahman
C_EGqeMAAAAJ,ne31is4AAAAJ,0.027583738788962364,0.02312212809920311,False,Namira Roudlotul Jannah,Danang Ary Dewangga
8wFXNjYAAAAJ,itwnm-AAAAAJ,0.027582604438066483,0.013720270246267319,False,Naim Rochmawati,Achmad Fitro
2lw6P3IAAAAJ,MnI3Tm0AAAAJ,0.027555368840694427,0.002189977327361703,False,Muhammad Febrilian Dwi Syahputra,Sayyidul Aulia Alamsyah
A9L19RMAAAAJ,itwnm-AAAAAJ,0.02752355858683586,0.006169327534735203,False,Pradini Puspitaningayu,Achmad Fitro
-tpBKawAAAAJ,qtFw9UMAAAAJ,0.027517138049006462,0.017712602391839027,False,Dimas Novian Aditia Syahputra,Bambang Sujatmiko
dfwr-2YAAAAJ,pb3-UjwAAAAJ,0.027485528960824013,0.005699363071471453,False,Muhammad Fajar Wahyudi Rahman,Moch Deny Pratama
5nAJx9wAAAAJ,eEtHoOAAAAAJ,0.027461998164653778,0.0312411580234766,False,Muhammad Fachmi,Rahadian Bisma
BIrtbD8AAAAJ,Thp8jg0AAAAJ,0.02741292677819729,0.0030941360164433718,False,Ibnu Febry Kurniawan,Dodik Arwin Dermawan
-_VNTSIAAAAJ,j8HRV1wAAAAJ,0.02739982306957245,0.02764045260846615,False,Agus Prihanto,Bambang Suprianto
4VXQFKYAAAAJ,Tz8EfXcAAAAJ,0.027394840493798256,0.018440721556544304,False,Renny Sari Dewi,Yuliani Puji Astuti
EBgY5K0AAAAJ,WdhKN0sAAAAJ,0.027386151254177094,0.01233780849725008,False,Moch. Badrus Oleh,Aditya Prapanca
Tz8EfXcAAAAJ,_VFGVQQAAAAJ,0.027376316487789154,0.024195527657866478,False,Yuliani Puji Astuti,Berlian Maulidya Izzati
RNJ3vNQAAAAJ,W7ncZRgAAAAJ,0.027369748800992966,0.008067025803029537,False,Harmon Prayogi,Hafid Kholidi Hadi
N40Vh64AAAAJ,yObeL8gAAAAJ,0.02735559269785881,0.010519829578697681,False,Raden Roro Hapsari Peni Agustin T,I Gusti Putu Asto Buditjahjanto
AaC4eAwAAAAJ,WdhKN0sAAAAJ,0.027355564758181572,0.02105499990284443,False,Fadhilah Qalbi Annisa,Aditya Prapanca
NO8mJucAAAAJ,b81qaDkAAAAJ,0.027339084073901176,0.021339796483516693,False,Wahyu Sasongko Putro,Anita Safitri
N6RJilIAAAAJ,n7IAKI0AAAAJ,0.027328338474035263,0.013126535341143608,False,Anita Qoiriah,Joko
7EQjv9wAAAAJ,R9rGmc4AAAAJ,0.027317289263010025,0.004523462615907192,False,Asmunin,Kartika Chandra Dewi
FZ00CQ8AAAAJ,OwdLKtQAAAAJ,0.02731209434568882,0.01333438977599144,False,Rizky Basatha,Fitria
DiBTIz4AAAAJ,MnI3Tm0AAAAJ,0.027300359681248665,0.011383961886167526,False,Riskyana Dewi Intan P,Sayyidul Aulia Alamsyah
ZhJ08JkAAAAJ,o4zdesUAAAAJ,0.027292104437947273,0.008259923197329044,False,Bachtiar Syaiful Bachri,Rakha Asyrofi
AYI1rosAAAAJ,BIrtbD8AAAAJ,0.02726680599153042,0.0076051619835197926,False,Nurhayati,Ibnu Febry Kurniawan
4VXQFKYAAAAJ,L6O1lvkAAAAJ,0.02726677432656288,0.006505522411316633,False,Renny Sari Dewi,Tri Wrahatnolo
hrVTt4kAAAAJ,j8HRV1wAAAAJ,0.02724376693367958,0.008723229169845581,False,Monica Cinthya,Bambang Suprianto
6f4j4TYAAAAJ,JsEkeOsAAAAJ,0.027237650007009506,0.011722734197974205,False,Mahendra Widyartono,Ari Kurniawan
XdEn69YAAAAJ,YADiqesAAAAJ,0.027233097702264786,0.01106080412864685,False,Cendra Devayana Putra,Ekohariadi
AaC4eAwAAAAJ,nbtuM4IAAAAJ,0.027220627292990685,0.012190733104944229,False,Fadhilah Qalbi Annisa,Parama Diptya Widayaka
ZBAnb64AAAAJ,_VFGVQQAAAAJ,0.027187887579202652,0.01850573532283306,False,Ardhini Warih Utami,Berlian Maulidya Izzati
LeRoniwAAAAJ,ne31is4AAAAJ,0.027182921767234802,0.011936613358557224,False,Farhanna Mari,Danang Ary Dewangga
MZCJPuIAAAAJ,NO8mJucAAAAJ,0.02717030793428421,0.011668000370264053,False,Fajar Arianto,Wahyu Sasongko Putro
VwvPnrcAAAAJ,sHANI1gAAAAJ,0.02716553956270218,0.002112386282533407,False,Nisa Dwi Septiyanti,Rifqi Firmansyah
EBgY5K0AAAAJ,Hl6bqU8AAAAJ,0.027163513004779816,0.026936717331409454,False,Moch. Badrus Oleh,Rindu Puspita Wibawa
o4zdesUAAAAJ,qtFw9UMAAAAJ,0.027161499485373497,0.011026338674128056,False,Rakha Asyrofi,Bambang Sujatmiko
RNJ3vNQAAAAJ,i0pkJZoAAAAJ,0.027146339416503906,0.007230848539620638,False,Harmon Prayogi,Yuni Rosita Dewi
LeRoniwAAAAJ,sHANI1gAAAAJ,0.027133461087942123,0.002463515382260084,False,Farhanna Mari,Rifqi Firmansyah
_n2j0ZAAAAAJ,aW1lSOYAAAAJ,0.02712848410010338,0.00993373990058899,False,I Gusti Lanang Putra Eka Prismana,Aditya Chandra Hermawan
n7ykK-IAAAAJ,z7RWDi0AAAAJ,0.027114063501358032,0.00911270547658205,False,Dhiyan Septa Wihara,Tri Rijanto
b4_EdJYAAAAJ,j8HRV1wAAAAJ,0.027099482715129852,0.004563628695905209,False,Moh. Khoridatul Huda,Bambang Suprianto
nVac1BcAAAAJ,qtFw9UMAAAAJ,0.02708539366722107,0.0024223546497523785,False,Rosita,Bambang Sujatmiko
-tpBKawAAAAJ,q24bD6AAAAAJ,0.027083521708846092,0.016474228352308273,False,Dimas Novian Aditia Syahputra,Martini Dwi Endah Susanti
Hl6bqU8AAAAJ,ne31is4AAAAJ,0.02706422284245491,0.01674945466220379,False,Rindu Puspita Wibawa,Danang Ary Dewangga
LeRoniwAAAAJ,OffRzhoAAAAJ,0.027055811136960983,0.009046295657753944,False,Farhanna Mari,Dwi Fatrianto Suyatno
ZRCJXO0AAAAJ,dfwr-2YAAAAJ,0.027040721848607063,0.007260185666382313,False,Riska Dhenabayu,Muhammad Fajar Wahyudi Rahman
_n2j0ZAAAAAJ,ne31is4AAAAJ,0.02704000473022461,0.009372356347739697,False,I Gusti Lanang Putra Eka Prismana,Danang Ary Dewangga
Em3aIV0AAAAJ,Yw9l51IAAAAJ,0.027035171166062355,0.00220986339263618,False,Ramadhan Cakra Wibawa,Riza Akhsani Setyo Prayoga
N6RJilIAAAAJ,tzjThtIAAAAJ,0.027028460055589676,0.044800497591495514,False,Anita Qoiriah,Elly Matul Imah
6MXDzBQAAAAJ,Em3aIV0AAAAJ,0.027027714997529984,0.013053813949227333,False,Lilik Anifah,Ramadhan Cakra Wibawa
MnI3Tm0AAAAJ,W7ncZRgAAAAJ,0.027011407539248466,0.00786166824400425,False,Sayyidul Aulia Alamsyah,Hafid Kholidi Hadi
2lw6P3IAAAAJ,ZhJ08JkAAAAJ,0.02700946480035782,0.023547939956188202,False,Muhammad Febrilian Dwi Syahputra,Bachtiar Syaiful Bachri
VwvPnrcAAAAJ,Yw9l51IAAAAJ,0.02700783684849739,0.003465658286586404,False,Nisa Dwi Septiyanti,Riza Akhsani Setyo Prayoga
n7IAKI0AAAAJ,psg8hdoAAAAJ,0.02700478956103325,0.006917026825249195,False,Joko,Bonda Sisephaputra
TB0QfMoAAAAJ,W7ncZRgAAAAJ,0.02700406312942505,0.014322926290333271,False,Miftahur Rohman,Hafid Kholidi Hadi
A9L19RMAAAAJ,hrVTt4kAAAAJ,0.026996899396181107,0.004758125636726618,False,Pradini Puspitaningayu,Monica Cinthya
ZBAnb64AAAAJ,yObeL8gAAAAJ,0.026996871456503868,0.009737840853631496,False,Ardhini Warih Utami,I Gusti Putu Asto Buditjahjanto
2lw6P3IAAAAJ,pb3-UjwAAAAJ,0.026988336816430092,0.002431887434795499,False,Muhammad Febrilian Dwi Syahputra,Moch Deny Pratama
-tpBKawAAAAJ,IJIEntMAAAAJ,0.02695743925869465,0.012378598563373089,False,Dimas Novian Aditia Syahputra,Yeni Anistyasari
Em3aIV0AAAAJ,n7IAKI0AAAAJ,0.026951398700475693,0.004953812342137098,False,Ramadhan Cakra Wibawa,Joko
RES4QIQAAAAJ,eEtHoOAAAAAJ,0.026945067569613457,0.010702637024223804,False,Arif Widodo,Rahadian Bisma
OwdLKtQAAAAJ,nbtuM4IAAAAJ,0.02692161500453949,0.003149588592350483,False,Fitria,Parama Diptya Widayaka
n7ykK-IAAAAJ,p4gdgRgAAAAJ,0.02691635675728321,0.03352274000644684,False,Dhiyan Septa Wihara,Rusijono
i0pkJZoAAAAJ,yXy6kW0AAAAJ,0.02688726782798767,0.02416890859603882,False,Yuni Rosita Dewi,Harun Al Rosyid
1xVR-fgAAAAJ,sHANI1gAAAAJ,0.026870116591453552,0.006416591815650463,False,1xVR-fgAAAAJ,Rifqi Firmansyah
_ecYpyYAAAAJ,i0pkJZoAAAAJ,0.02683970518410206,0.006528607569634914,False,Dinda Galuh Guminta,Yuni Rosita Dewi
7EQjv9wAAAAJ,RNJ3vNQAAAAJ,0.02683728188276291,0.004085717722773552,False,Asmunin,Harmon Prayogi
_n2j0ZAAAAAJ,itwnm-AAAAAJ,0.026828112080693245,0.007746209390461445,False,I Gusti Lanang Putra Eka Prismana,Achmad Fitro
Y4YoRwUAAAAJ,q-sbahIAAAAJ,0.026804739609360695,0.006844761315733194,False,Belgis Ainatul Iza,Ulfa Siti Nuraini
Yw9l51IAAAAJ,_VFGVQQAAAAJ,0.02680337429046631,0.00367811881005764,False,Riza Akhsani Setyo Prayoga,Berlian Maulidya Izzati
q24bD6AAAAAJ,tzjThtIAAAAJ,0.02680334635078907,0.0110026765614748,False,Martini Dwi Endah Susanti,Elly Matul Imah
4VXQFKYAAAAJ,_n2j0ZAAAAAJ,0.026785753667354584,0.02287357673048973,False,Renny Sari Dewi,I Gusti Lanang Putra Eka Prismana
-gGGkMcAAAAJ,IJIEntMAAAAJ,0.026770014315843582,0.01565398834645748,False,Faris Abdi El Hakim,Yeni Anistyasari
Mr22rjsAAAAJ,qtFw9UMAAAAJ,0.026755323633551598,0.005589993204921484,False,Hesti Khuzaimah Nurul Yusufiyah,Bambang Sujatmiko
UL2-upoAAAAJ,nWPONc8AAAAJ,0.026752006262540817,0.006152662914246321,False,Dana Azizah Rahmat,Lusia Rakhmawati
AjvtBWIAAAAJ,ZBAnb64AAAAJ,0.02674989588558674,0.01614181511104107,False,Siti Masitoh,Ardhini Warih Utami
4d_6xxEAAAAJ,n7ykK-IAAAAJ,0.026744013652205467,0.02722395397722721,False,Ghea Sekar Palupi,Dhiyan Septa Wihara
2lw6P3IAAAAJ,nbtuM4IAAAAJ,0.026740452274680138,0.003221341874450445,False,Muhammad Febrilian Dwi Syahputra,Parama Diptya Widayaka
Jzuk6doAAAAJ,_ecYpyYAAAAJ,0.026728197932243347,0.004340507555752993,False,Aries Dwi Indriyanti,Dinda Galuh Guminta
1xVR-fgAAAAJ,A9L19RMAAAAJ,0.026723673567175865,0.006337184924632311,False,1xVR-fgAAAAJ,Pradini Puspitaningayu
VNrCn4gAAAAJ,b81qaDkAAAAJ,0.026708928868174553,0.0027666871901601553,False,Ersha Aisyah Elfaiz,Anita Safitri
ZhJ08JkAAAAJ,jJBtZPgAAAAJ,0.026697007939219475,0.013650196604430676,False,Bachtiar Syaiful Bachri,Siska Puspitaningsih
VNrCn4gAAAAJ,cPj-iOIAAAAJ,0.02668958716094494,0.002889825962483883,False,Ersha Aisyah Elfaiz,Ricky Eka Putra
fkxhjZ4AAAAJ,pCyzpjgAAAAJ,0.026683473959565163,0.004609960597008467,False,Ronggo Alit,Nurul Laili
C_EGqeMAAAAJ,Jzuk6doAAAAJ,0.026662712916731834,0.005613707937300205,False,Namira Roudlotul Jannah,Aries Dwi Indriyanti
-_VNTSIAAAAJ,UL2-upoAAAAJ,0.026660287752747536,0.01452008355408907,False,Agus Prihanto,Dana Azizah Rahmat
6RBIukkAAAAJ,o4zdesUAAAAJ,0.026635298505425453,0.007643254939466715,False,Yatim Riyanto,Rakha Asyrofi
-BuJoD0AAAAJ,yXy6kW0AAAAJ,0.026631196960806847,0.03329173102974892,False,Ratih Amelia,Harun Al Rosyid
Tz8EfXcAAAAJ,t5f89iIAAAAJ,0.0266127772629261,0.014219731092453003,False,Yuliani Puji Astuti,Andi Iwan Nurhidayat
ZBAnb64AAAAJ,sHANI1gAAAAJ,0.026607418432831764,0.005182669963687658,False,Ardhini Warih Utami,Rifqi Firmansyah
_ecYpyYAAAAJ,bTjH6IgAAAAJ,0.026595978066325188,0.006672173738479614,False,Dinda Galuh Guminta,Achmad Kautsar
R9rGmc4AAAAJ,TAAC1-AAAAAJ,0.026590365916490555,0.001949611702002585,False,Kartika Chandra Dewi,I Gde Agung Sri Sidhimantra
hn5jrnAAAAAJ,tzjThtIAAAAJ,0.02658959850668907,0.038924504071474075,False,Yuni Yamasari,Elly Matul Imah
Em3aIV0AAAAJ,tzjThtIAAAAJ,0.02658064477145672,0.01226524356752634,False,Ramadhan Cakra Wibawa,Elly Matul Imah
DsVi_OAAAAAJ,WdhKN0sAAAAJ,0.026579800993204117,0.018135689198970795,False,Nadia Nur Thahirrah,Aditya Prapanca
WdhKN0sAAAAJ,tzjThtIAAAAJ,0.02656925655901432,0.025796102359890938,False,Aditya Prapanca,Elly Matul Imah
itwnm-AAAAAJ,lFCI_vsAAAAJ,0.02656785398721695,0.00934265460819006,False,Achmad Fitro,Atik Wintarti
EBgY5K0AAAAJ,LsydBAMAAAAJ,0.02655172161757946,0.0064293257892131805,False,Moch. Badrus Oleh,Puput Wanarti Rusimamto
aW1lSOYAAAAJ,lFCI_vsAAAAJ,0.02654704451560974,0.018555883318185806,False,Aditya Chandra Hermawan,Atik Wintarti
AX-w0AEAAAAJ,LeRoniwAAAAJ,0.026542140170931816,0.013856177218258381,False,Hasanuddin Al-Habib,Farhanna Mari
lmlBHlsAAAAJ,o4zdesUAAAAJ,0.026542045176029205,0.027245037257671356,True,Widi Aribowo,Rakha Asyrofi
CxdwNaYAAAAJ,R9rGmc4AAAAJ,0.026535436511039734,0.003948733676224947,False,Wiyli Yustanti,Kartika Chandra Dewi
DsVi_OAAAAAJ,RvG7jG4AAAAJ,0.026534033939242363,0.012049948796629906,False,Nadia Nur Thahirrah,I Made Suartana
OffRzhoAAAAJ,bTjH6IgAAAAJ,0.026527974754571915,0.02767683006823063,False,Dwi Fatrianto Suyatno,Achmad Kautsar
Smb2eg8AAAAJ,n7IAKI0AAAAJ,0.026525769382715225,0.0033554446417838335,False,Nanang Hoesen. H. A.,Joko
UL2-upoAAAAJ,yObeL8gAAAAJ,0.026525111868977547,0.005658160895109177,False,Dana Azizah Rahmat,I Gusti Putu Asto Buditjahjanto
NO8mJucAAAAJ,WdhKN0sAAAAJ,0.026521487161517143,0.01592624932527542,False,Wahyu Sasongko Putro,Aditya Prapanca
Mr22rjsAAAAJ,wlGfsB0AAAAJ,0.02651377022266388,0.0033557501155883074,False,Hesti Khuzaimah Nurul Yusufiyah,Salamun Rohman Nudin
Smb2eg8AAAAJ,pCyzpjgAAAAJ,0.02651294320821762,0.005126563832163811,False,Nanang Hoesen. H. A.,Nurul Laili
7EQjv9wAAAAJ,VNrCn4gAAAAJ,0.026508470997214317,0.005755006801337004,False,Asmunin,Ersha Aisyah Elfaiz
b4_EdJYAAAAJ,p1pK7E4AAAAJ,0.026505451649427414,0.004708281718194485,False,Moh. Khoridatul Huda,Subuh Isnur Haryudo
RES4QIQAAAAJ,RvG7jG4AAAAJ,0.0265040285885334,0.022992854937911034,False,Arif Widodo,I Made Suartana
Tz8EfXcAAAAJ,nbtuM4IAAAAJ,0.02649802342057228,0.0018723352113738656,False,Yuliani Puji Astuti,Parama Diptya Widayaka
W7ncZRgAAAAJ,lFCI_vsAAAAJ,0.026485728099942207,0.017087485641241074,False,Hafid Kholidi Hadi,Atik Wintarti
ZRCJXO0AAAAJ,ZhJ08JkAAAAJ,0.02648417092859745,0.013143977150321007,False,Riska Dhenabayu,Bachtiar Syaiful Bachri
AYI1rosAAAAJ,eEtHoOAAAAAJ,0.026461614295840263,0.010214169509708881,False,Nurhayati,Rahadian Bisma
4VXQFKYAAAAJ,b4_EdJYAAAAJ,0.02645839750766754,0.011185773648321629,False,Renny Sari Dewi,Moh. Khoridatul Huda
VNrCn4gAAAAJ,nWPONc8AAAAJ,0.026456885039806366,0.001967316260561347,False,Ersha Aisyah Elfaiz,Lusia Rakhmawati
-_VNTSIAAAAJ,RES4QIQAAAAJ,0.026436733081936836,0.01912098377943039,False,Agus Prihanto,Arif Widodo
cPj-iOIAAAAJ,q-sbahIAAAAJ,0.02643072046339512,0.006380285136401653,False,Ricky Eka Putra,Ulfa Siti Nuraini
C_EGqeMAAAAJ,WdhKN0sAAAAJ,0.0264294371008873,0.011344191618263721,False,Namira Roudlotul Jannah,Aditya Prapanca
DsVi_OAAAAAJ,Hl6bqU8AAAAJ,0.026423770934343338,0.02680794708430767,False,Nadia Nur Thahirrah,Rindu Puspita Wibawa
dfwr-2YAAAAJ,qtFw9UMAAAAJ,0.02636856399476528,0.01755983941257,False,Muhammad Fajar Wahyudi Rahman,Bambang Sujatmiko
DiBTIz4AAAAJ,MZCJPuIAAAAJ,0.02636449597775936,0.01017458364367485,False,Riskyana Dewi Intan P,Fajar Arianto
6f4j4TYAAAAJ,XdEn69YAAAAJ,0.026359787210822105,0.020652638748288155,False,Mahendra Widyartono,Cendra Devayana Putra
1xVR-fgAAAAJ,ZjPpHWsAAAAJ,0.026357384398579597,0.007481188978999853,False,1xVR-fgAAAAJ,Erik Rahman
1xVR-fgAAAAJ,TB0QfMoAAAAJ,0.02635728009045124,0.009475759230554104,False,1xVR-fgAAAAJ,Miftahur Rohman
VwvPnrcAAAAJ,_ecYpyYAAAAJ,0.026344414800405502,0.008173102512955666,False,Nisa Dwi Septiyanti,Dinda Galuh Guminta
C_EGqeMAAAAJ,Em3aIV0AAAAJ,0.0263317059725523,0.007348161656409502,False,Namira Roudlotul Jannah,Ramadhan Cakra Wibawa
qtFw9UMAAAAJ,wwhACXoAAAAJ,0.02631383016705513,0.012639325112104416,False,Bambang Sujatmiko,M Adamu Islam Mashuri
1xVR-fgAAAAJ,nWPONc8AAAAJ,0.026303643360733986,0.010168769396841526,False,1xVR-fgAAAAJ,Lusia Rakhmawati
R9rGmc4AAAAJ,y_OiarcAAAAJ,0.026290109381079674,0.0025509900879114866,False,Kartika Chandra Dewi,Yandhika Surya Akbar Gumilang
EBgY5K0AAAAJ,nWPONc8AAAAJ,0.02628045529127121,0.005622523371130228,False,Moch. Badrus Oleh,Lusia Rakhmawati
n7ykK-IAAAAJ,q24bD6AAAAAJ,0.02626635506749153,0.016315467655658722,False,Dhiyan Septa Wihara,Martini Dwi Endah Susanti
cY1QGVEAAAAJ,rnlvOfEAAAAJ,0.026265550404787064,0.0025892392732203007,False,Muhammad Sonhaji Akbar,Ibrohim
6MXDzBQAAAAJ,i0pkJZoAAAAJ,0.026265066117048264,0.01104550901800394,False,Lilik Anifah,Yuni Rosita Dewi
N6RJilIAAAAJ,ne31is4AAAAJ,0.026230791583657265,0.027198493480682373,False,Anita Qoiriah,Danang Ary Dewangga
OwdLKtQAAAAJ,q24bD6AAAAAJ,0.02622814103960991,0.015911012887954712,False,Fitria,Martini Dwi Endah Susanti
iFSMsegAAAAJ,nVac1BcAAAAJ,0.02622624672949314,0.004070456605404615,False,Elvira Wardah,Rosita
-BuJoD0AAAAJ,jJBtZPgAAAAJ,0.02622203901410103,0.01573231816291809,False,Ratih Amelia,Siska Puspitaningsih
Hl6bqU8AAAAJ,R9rGmc4AAAAJ,0.026221973821520805,0.0026331834960728884,False,Rindu Puspita Wibawa,Kartika Chandra Dewi
C_EGqeMAAAAJ,cPj-iOIAAAAJ,0.026193806901574135,0.009632178582251072,False,Namira Roudlotul Jannah,Ricky Eka Putra
DsVi_OAAAAAJ,nWPONc8AAAAJ,0.02618786133825779,0.0093928761780262,False,Nadia Nur Thahirrah,Lusia Rakhmawati
5nAJx9wAAAAJ,Hl6bqU8AAAAJ,0.026180457323789597,0.027101334184408188,False,Muhammad Fachmi,Rindu Puspita Wibawa
-tpBKawAAAAJ,RNJ3vNQAAAAJ,0.026176659390330315,0.003702431218698621,False,Dimas Novian Aditia Syahputra,Harmon Prayogi
AaC4eAwAAAAJ,Hl6bqU8AAAAJ,0.02617648057639599,0.012512469664216042,False,Fadhilah Qalbi Annisa,Rindu Puspita Wibawa
1xVR-fgAAAAJ,z7RWDi0AAAAJ,0.026165125891566277,0.012169496156275272,False,1xVR-fgAAAAJ,Tri Rijanto
N40Vh64AAAAJ,TB0QfMoAAAAJ,0.02613937295973301,0.010693220421671867,False,Raden Roro Hapsari Peni Agustin T,Miftahur Rohman
2lw6P3IAAAAJ,6RBIukkAAAAJ,0.02611459605395794,0.022317033261060715,False,Muhammad Febrilian Dwi Syahputra,Yatim Riyanto
DrE0Lf8AAAAJ,lFCI_vsAAAAJ,0.02611413039267063,0.016209812834858894,False,Fresha Kharisma,Atik Wintarti
W7ncZRgAAAAJ,qtFw9UMAAAAJ,0.026084551587700844,0.024224424734711647,False,Hafid Kholidi Hadi,Bambang Sujatmiko
Em3aIV0AAAAJ,ne31is4AAAAJ,0.02608308009803295,0.014725225046277046,False,Ramadhan Cakra Wibawa,Danang Ary Dewangga
hn5jrnAAAAAJ,ne31is4AAAAJ,0.026082951575517654,0.020283330231904984,False,Yuni Yamasari,Danang Ary Dewangga
1xVR-fgAAAAJ,hn5jrnAAAAAJ,0.026082370430231094,0.020914634689688683,False,1xVR-fgAAAAJ,Yuni Yamasari
b81qaDkAAAAJ,jJBtZPgAAAAJ,0.026076901704072952,0.010188678279519081,False,Anita Safitri,Siska Puspitaningsih
Tz8EfXcAAAAJ,o4zdesUAAAAJ,0.02607128396630287,0.005090555176138878,False,Yuliani Puji Astuti,Rakha Asyrofi
VNrCn4gAAAAJ,bTjH6IgAAAAJ,0.026060273870825768,0.002880141604691744,False,Ersha Aisyah Elfaiz,Achmad Kautsar
-gGGkMcAAAAJ,A9L19RMAAAAJ,0.02605876885354519,0.004207112360745668,False,Faris Abdi El Hakim,Pradini Puspitaningayu
-BuJoD0AAAAJ,n7IAKI0AAAAJ,0.02603895217180252,0.007288875058293343,False,Ratih Amelia,Joko
NO8mJucAAAAJ,W7ncZRgAAAAJ,0.026033317670226097,0.02498398721218109,False,Wahyu Sasongko Putro,Hafid Kholidi Hadi
p4gdgRgAAAAJ,pCyzpjgAAAAJ,0.026026401668787003,0.00874186959117651,False,Rusijono,Nurul Laili
6RBIukkAAAAJ,t5f89iIAAAAJ,0.026023168116807938,0.020356465131044388,False,Yatim Riyanto,Andi Iwan Nurhidayat
CxdwNaYAAAAJ,MeGE8WAAAAAJ,0.026021892204880714,0.009385595098137856,False,Wiyli Yustanti,Binti Kholifah
C_EGqeMAAAAJ,EBgY5K0AAAAJ,0.026012994349002838,0.012148754671216011,False,Namira Roudlotul Jannah,Moch. Badrus Oleh
MeGE8WAAAAAJ,Mr22rjsAAAAJ,0.026011159643530846,0.012334007769823074,False,Binti Kholifah,Hesti Khuzaimah Nurul Yusufiyah
4VXQFKYAAAAJ,4d_6xxEAAAAJ,0.02601025067269802,0.02503013238310814,False,Renny Sari Dewi,Ghea Sekar Palupi
AX-w0AEAAAAJ,_n2j0ZAAAAAJ,0.02600807324051857,0.013633069582283497,False,Hasanuddin Al-Habib,I Gusti Lanang Putra Eka Prismana
MZCJPuIAAAAJ,_VFGVQQAAAAJ,0.02600412257015705,0.009957551956176758,False,Fajar Arianto,Berlian Maulidya Izzati
b4_EdJYAAAAJ,z7RWDi0AAAAJ,0.02598894014954567,0.0060785431414842606,False,Moh. Khoridatul Huda,Tri Rijanto
Em3aIV0AAAAJ,R9rGmc4AAAAJ,0.025988757610321045,0.00266386684961617,False,Ramadhan Cakra Wibawa,Kartika Chandra Dewi
nbtuM4IAAAAJ,tzjThtIAAAAJ,0.025983255356550217,0.014557511545717716,False,Parama Diptya Widayaka,Elly Matul Imah
OwdLKtQAAAAJ,i0pkJZoAAAAJ,0.025982007384300232,0.017383983358740807,False,Fitria,Yuni Rosita Dewi
DsVi_OAAAAAJ,psg8hdoAAAAJ,0.025968018919229507,0.01751803047955036,False,Nadia Nur Thahirrah,Bonda Sisephaputra
-gGGkMcAAAAJ,nbtuM4IAAAAJ,0.025923145934939384,0.005398117937147617,False,Faris Abdi El Hakim,Parama Diptya Widayaka
A9L19RMAAAAJ,pCyzpjgAAAAJ,0.02591991424560547,0.0011031227186322212,False,Pradini Puspitaningayu,Nurul Laili
b4_EdJYAAAAJ,sHANI1gAAAAJ,0.02591799944639206,0.0029549875762313604,True,Moh. Khoridatul Huda,Rifqi Firmansyah
VwvPnrcAAAAJ,itwnm-AAAAAJ,0.02590637281537056,0.011195749044418335,False,Nisa Dwi Septiyanti,Achmad Fitro
6MXDzBQAAAAJ,DrE0Lf8AAAAJ,0.025902673602104187,0.01598738320171833,False,Lilik Anifah,Fresha Kharisma
MnI3Tm0AAAAJ,OwdLKtQAAAAJ,0.02587318606674671,0.0026008260902017355,False,Sayyidul Aulia Alamsyah,Fitria
dfwr-2YAAAAJ,n7IAKI0AAAAJ,0.025862637907266617,0.006912538316100836,False,Muhammad Fajar Wahyudi Rahman,Joko
5nAJx9wAAAAJ,t5f89iIAAAAJ,0.025854816660284996,0.034871939569711685,False,Muhammad Fachmi,Andi Iwan Nurhidayat
4VXQFKYAAAAJ,lFCI_vsAAAAJ,0.02585408464074135,0.01470295898616314,False,Renny Sari Dewi,Atik Wintarti
OwdLKtQAAAAJ,n7ykK-IAAAAJ,0.025833910331130028,0.02484039030969143,True,Fitria,Dhiyan Septa Wihara
4d_6xxEAAAAJ,DrE0Lf8AAAAJ,0.02581993117928505,0.026919115334749222,False,Ghea Sekar Palupi,Fresha Kharisma
n7ykK-IAAAAJ,yObeL8gAAAAJ,0.025801049545407295,0.006566301453858614,False,Dhiyan Septa Wihara,I Gusti Putu Asto Buditjahjanto
-gGGkMcAAAAJ,1xVR-fgAAAAJ,0.02579527534544468,0.018789784982800484,False,Faris Abdi El Hakim,1xVR-fgAAAAJ
CxdwNaYAAAAJ,Mr22rjsAAAAJ,0.025791235268115997,0.007877777330577374,False,Wiyli Yustanti,Hesti Khuzaimah Nurul Yusufiyah
4d_6xxEAAAAJ,W7ncZRgAAAAJ,0.025776684284210205,0.025226688012480736,False,Ghea Sekar Palupi,Hafid Kholidi Hadi
5nAJx9wAAAAJ,i0pkJZoAAAAJ,0.025772126391530037,0.03097611851990223,False,Muhammad Fachmi,Yuni Rosita Dewi
1xVR-fgAAAAJ,yObeL8gAAAAJ,0.025767752900719643,0.011430350132286549,False,1xVR-fgAAAAJ,I Gusti Putu Asto Buditjahjanto
UL2-upoAAAAJ,n7IAKI0AAAAJ,0.025764454156160355,0.0029145057778805494,False,Dana Azizah Rahmat,Joko
OffRzhoAAAAJ,j8HRV1wAAAAJ,0.02574564702808857,0.012301999144256115,False,Dwi Fatrianto Suyatno,Bambang Suprianto
VNrCn4gAAAAJ,ZhJ08JkAAAAJ,0.025745423510670662,0.00398478377610445,False,Ersha Aisyah Elfaiz,Bachtiar Syaiful Bachri
-_VNTSIAAAAJ,bTjH6IgAAAAJ,0.025740019977092743,0.021404506638646126,False,Agus Prihanto,Achmad Kautsar
5nAJx9wAAAAJ,ZBAnb64AAAAJ,0.025731971487402916,0.02768770605325699,False,Muhammad Fachmi,Ardhini Warih Utami
AaC4eAwAAAAJ,hn5jrnAAAAAJ,0.025728315114974976,0.02971898578107357,False,Fadhilah Qalbi Annisa,Yuni Yamasari
ZBAnb64AAAAJ,ZjPpHWsAAAAJ,0.025705542415380478,0.019614094868302345,False,Ardhini Warih Utami,Erik Rahman
OffRzhoAAAAJ,UL2-upoAAAAJ,0.02570340596139431,0.01975059136748314,False,Dwi Fatrianto Suyatno,Dana Azizah Rahmat
1xVR-fgAAAAJ,p1pK7E4AAAAJ,0.025697840377688408,0.012765270657837391,False,1xVR-fgAAAAJ,Subuh Isnur Haryudo
C_EGqeMAAAAJ,ZBAnb64AAAAJ,0.025692110881209373,0.009097911417484283,False,Namira Roudlotul Jannah,Ardhini Warih Utami
RvG7jG4AAAAJ,n7ykK-IAAAAJ,0.02567277103662491,0.01180239301174879,False,I Made Suartana,Dhiyan Septa Wihara
ZBAnb64AAAAJ,zDgqPOsAAAAJ,0.025667302310466766,0.024388568475842476,False,Ardhini Warih Utami,Mustaji
pb3-UjwAAAAJ,t5f89iIAAAAJ,0.025658676400780678,0.008232710883021355,False,Moch Deny Pratama,Andi Iwan Nurhidayat
_n2j0ZAAAAAJ,rnlvOfEAAAAJ,0.02564532496035099,0.0016187577275559306,False,I Gusti Lanang Putra Eka Prismana,Ibrohim
S6IJ51cAAAAJ,hrVTt4kAAAAJ,0.025634048506617546,0.009954717941582203,False,Unit Three Kartini,Monica Cinthya
TAAC1-AAAAAJ,Yw9l51IAAAAJ,0.025633230805397034,0.0021054106764495373,False,I Gde Agung Sri Sidhimantra,Riza Akhsani Setyo Prayoga
8wFXNjYAAAAJ,W7ncZRgAAAAJ,0.025623410940170288,0.02200937643647194,False,Naim Rochmawati,Hafid Kholidi Hadi
DsVi_OAAAAAJ,jJBtZPgAAAAJ,0.02561461552977562,0.01267196610569954,False,Nadia Nur Thahirrah,Siska Puspitaningsih
N40Vh64AAAAJ,Tp_X_bYAAAAJ,0.025614162907004356,0.011421183124184608,False,Raden Roro Hapsari Peni Agustin T,Farid Baskoro
Em3aIV0AAAAJ,VNrCn4gAAAAJ,0.02558129094541073,0.0025806198827922344,False,Ramadhan Cakra Wibawa,Ersha Aisyah Elfaiz
WdhKN0sAAAAJ,n7ykK-IAAAAJ,0.02557840384542942,0.014344758354127407,False,Aditya Prapanca,Dhiyan Septa Wihara
NO8mJucAAAAJ,pb3-UjwAAAAJ,0.025571197271347046,0.00507885729894042,False,Wahyu Sasongko Putro,Moch Deny Pratama
-gGGkMcAAAAJ,lFCI_vsAAAAJ,0.025556372478604317,0.02182658389210701,False,Faris Abdi El Hakim,Atik Wintarti
hrVTt4kAAAAJ,p1pK7E4AAAAJ,0.025517402216792107,0.00843085441738367,False,Monica Cinthya,Subuh Isnur Haryudo
psg8hdoAAAAJ,wEGsLv4AAAAJ,0.02550007589161396,0.006663136184215546,False,Bonda Sisephaputra,Ike Fitriyaningsih
6ifThF0AAAAJ,yXy6kW0AAAAJ,0.02549714781343937,0.021731538698077202,False,Ika Diyah Candra Arifah,Harun Al Rosyid
6f4j4TYAAAAJ,i0pkJZoAAAAJ,0.025486309081315994,0.017537293955683708,False,Mahendra Widyartono,Yuni Rosita Dewi
JsEkeOsAAAAJ,MeGE8WAAAAAJ,0.025459378957748413,0.03193413466215134,False,Ari Kurniawan,Binti Kholifah
DsVi_OAAAAAJ,Jzuk6doAAAAJ,0.0254545658826828,0.010697907768189907,False,Nadia Nur Thahirrah,Aries Dwi Indriyanti
Smb2eg8AAAAJ,wEGsLv4AAAAJ,0.025418920442461967,0.005743446759879589,False,Nanang Hoesen. H. A.,Ike Fitriyaningsih
FZ00CQ8AAAAJ,Mr22rjsAAAAJ,0.025418251752853394,0.003219646168872714,False,Rizky Basatha,Hesti Khuzaimah Nurul Yusufiyah
AjvtBWIAAAAJ,jJBtZPgAAAAJ,0.025403108447790146,0.01746891252696514,False,Siti Masitoh,Siska Puspitaningsih
-gGGkMcAAAAJ,4d_6xxEAAAAJ,0.025391871109604836,0.023446284234523773,False,Faris Abdi El Hakim,Ghea Sekar Palupi
RvG7jG4AAAAJ,W7ncZRgAAAAJ,0.025353170931339264,0.020274871960282326,False,I Made Suartana,Hafid Kholidi Hadi
nVac1BcAAAAJ,q24bD6AAAAAJ,0.02534356527030468,0.002244570292532444,False,Rosita,Martini Dwi Endah Susanti
R9rGmc4AAAAJ,WdhKN0sAAAAJ,0.025341467931866646,0.0033038598485291004,False,Kartika Chandra Dewi,Aditya Prapanca
-_VNTSIAAAAJ,AYI1rosAAAAJ,0.02531871758401394,0.018927209079265594,False,Agus Prihanto,Nurhayati
4d_6xxEAAAAJ,6ifThF0AAAAJ,0.025316163897514343,0.025328755378723145,False,Ghea Sekar Palupi,Ika Diyah Candra Arifah
VwvPnrcAAAAJ,z7RWDi0AAAAJ,0.02531411126255989,0.0049997903406620026,False,Nisa Dwi Septiyanti,Tri Rijanto
nWPONc8AAAAJ,pCyzpjgAAAAJ,0.02530650608241558,0.0018578621093183756,False,Lusia Rakhmawati,Nurul Laili
N6RJilIAAAAJ,jPKU5cAAAAAJ,0.025304671376943588,0.01613757014274597,False,Anita Qoiriah,Anggraeni Widya Purwita
MeGE8WAAAAAJ,OffRzhoAAAAJ,0.0252887774258852,0.021671583876013756,False,Binti Kholifah,Dwi Fatrianto Suyatno
A9L19RMAAAAJ,Smb2eg8AAAAJ,0.025272374972701073,0.004490031395107508,False,Pradini Puspitaningayu,Nanang Hoesen. H. A.
ZRCJXO0AAAAJ,nyyfjCgAAAAJ,0.02526134066283703,0.0018597146263346076,False,Riska Dhenabayu,Rifqi Abdillah
-_VNTSIAAAAJ,6MXDzBQAAAAJ,0.02523791417479515,0.02242504246532917,False,Agus Prihanto,Lilik Anifah
_n2j0ZAAAAAJ,n7IAKI0AAAAJ,0.025234665721654892,0.0038758874870836735,False,I Gusti Lanang Putra Eka Prismana,Joko
-tpBKawAAAAJ,pb3-UjwAAAAJ,0.02522030845284462,0.002320083323866129,False,Dimas Novian Aditia Syahputra,Moch Deny Pratama
AX-w0AEAAAAJ,psg8hdoAAAAJ,0.025214536115527153,0.01373471599072218,False,Hasanuddin Al-Habib,Bonda Sisephaputra
DiBTIz4AAAAJ,Thp8jg0AAAAJ,0.025196965783834457,0.008954527787864208,False,Riskyana Dewi Intan P,Dodik Arwin Dermawan
Y4YoRwUAAAAJ,fkxhjZ4AAAAJ,0.025194887071847916,0.0017606064211577177,False,Belgis Ainatul Iza,Ronggo Alit
R9rGmc4AAAAJ,nVac1BcAAAAJ,0.02519284375011921,0.006903654895722866,False,Kartika Chandra Dewi,Rosita
DsVi_OAAAAAJ,MeGE8WAAAAAJ,0.025191837921738625,0.016234831884503365,False,Nadia Nur Thahirrah,Binti Kholifah
FZ00CQ8AAAAJ,q-sbahIAAAAJ,0.025176256895065308,0.0019173485925421119,False,Rizky Basatha,Ulfa Siti Nuraini
5nAJx9wAAAAJ,8wFXNjYAAAAJ,0.025172166526317596,0.029544860124588013,False,Muhammad Fachmi,Naim Rochmawati
Tz8EfXcAAAAJ,sHANI1gAAAAJ,0.025170499458909035,0.0019254391081631184,False,Yuliani Puji Astuti,Rifqi Firmansyah
OffRzhoAAAAJ,jJBtZPgAAAAJ,0.025165332481265068,0.017800116911530495,False,Dwi Fatrianto Suyatno,Siska Puspitaningsih
Yw9l51IAAAAJ,_ecYpyYAAAAJ,0.025158314034342766,0.006919919513165951,False,Riza Akhsani Setyo Prayoga,Dinda Galuh Guminta
1xVR-fgAAAAJ,o4zdesUAAAAJ,0.025144940242171288,0.009778422303497791,False,1xVR-fgAAAAJ,Rakha Asyrofi
8wFXNjYAAAAJ,Smb2eg8AAAAJ,0.025123413652181625,0.016911499202251434,False,Naim Rochmawati,Nanang Hoesen. H. A.
-_VNTSIAAAAJ,zDgqPOsAAAAJ,0.02511976845562458,0.03038114123046398,False,Agus Prihanto,Mustaji
hjllQ9gAAAAJ,t5f89iIAAAAJ,0.025113102048635483,0.012424674816429615,False,Nur Kholis,Andi Iwan Nurhidayat
AYI1rosAAAAJ,i0pkJZoAAAAJ,0.02510169893503189,0.009188293479382992,False,Nurhayati,Yuni Rosita Dewi
1xVR-fgAAAAJ,RES4QIQAAAAJ,0.025097666308283806,0.007833898067474365,False,1xVR-fgAAAAJ,Arif Widodo
AYI1rosAAAAJ,W7ncZRgAAAAJ,0.02509394846856594,0.012864620424807072,False,Nurhayati,Hafid Kholidi Hadi
4d_6xxEAAAAJ,dfwr-2YAAAAJ,0.02507837861776352,0.02049650438129902,False,Ghea Sekar Palupi,Muhammad Fajar Wahyudi Rahman
MnI3Tm0AAAAJ,dfwr-2YAAAAJ,0.025076068937778473,0.008700715377926826,False,Sayyidul Aulia Alamsyah,Muhammad Fajar Wahyudi Rahman
OwdLKtQAAAAJ,itwnm-AAAAAJ,0.025072982534766197,0.00851784273982048,False,Fitria,Achmad Fitro
AYI1rosAAAAJ,RvG7jG4AAAAJ,0.025071674957871437,0.0233001671731472,False,Nurhayati,I Made Suartana
AaC4eAwAAAAJ,MZCJPuIAAAAJ,0.025063814595341682,0.008122067898511887,False,Fadhilah Qalbi Annisa,Fajar Arianto
TAAC1-AAAAAJ,ZRCJXO0AAAAJ,0.025055909529328346,0.00674737012013793,False,I Gde Agung Sri Sidhimantra,Riska Dhenabayu
Hl6bqU8AAAAJ,nVac1BcAAAAJ,0.025055037811398506,0.002530640223994851,False,Rindu Puspita Wibawa,Rosita
itwnm-AAAAAJ,t5f89iIAAAAJ,0.02504683844745159,0.012871217913925648,False,Achmad Fitro,Andi Iwan Nurhidayat
5nAJx9wAAAAJ,Jzuk6doAAAAJ,0.025044580921530724,0.016908949241042137,False,Muhammad Fachmi,Aries Dwi Indriyanti
-_VNTSIAAAAJ,z7RWDi0AAAAJ,0.025038177147507668,0.023937026038765907,False,Agus Prihanto,Tri Rijanto
EBgY5K0AAAAJ,L6O1lvkAAAAJ,0.02503654733300209,0.004301057662814856,False,Moch. Badrus Oleh,Tri Wrahatnolo
AaC4eAwAAAAJ,Thp8jg0AAAAJ,0.025024591013789177,0.0066629014909267426,False,Fadhilah Qalbi Annisa,Dodik Arwin Dermawan
_VFGVQQAAAAJ,jJBtZPgAAAAJ,0.02500629611313343,0.011651424691081047,False,Berlian Maulidya Izzati,Siska Puspitaningsih
NO8mJucAAAAJ,yXy6kW0AAAAJ,0.025006048381328583,0.03273678943514824,False,Wahyu Sasongko Putro,Harun Al Rosyid
IJIEntMAAAAJ,n7ykK-IAAAAJ,0.025004690513014793,0.013376344926655293,False,Yeni Anistyasari,Dhiyan Septa Wihara
nbtuM4IAAAAJ,wlGfsB0AAAAJ,0.02500111795961857,0.006485192570835352,False,Parama Diptya Widayaka,Salamun Rohman Nudin
9BWyE0UAAAAJ,Thp8jg0AAAAJ,0.024982845410704613,0.012204562313854694,False,Endryansyah,Dodik Arwin Dermawan
DsVi_OAAAAAJ,_ecYpyYAAAAJ,0.024975650012493134,0.0069713108241558075,False,Nadia Nur Thahirrah,Dinda Galuh Guminta
pb3-UjwAAAAJ,q-sbahIAAAAJ,0.024961058050394058,0.009916895069181919,False,Moch Deny Pratama,Ulfa Siti Nuraini
VNrCn4gAAAAJ,jPKU5cAAAAAJ,0.024960480630397797,0.0028231185860931873,False,Ersha Aisyah Elfaiz,Anggraeni Widya Purwita
8wFXNjYAAAAJ,R9rGmc4AAAAJ,0.024950077757239342,0.005050208419561386,False,Naim Rochmawati,Kartika Chandra Dewi
pb3-UjwAAAAJ,wlGfsB0AAAAJ,0.02491919696331024,0.004268271382898092,False,Moch Deny Pratama,Salamun Rohman Nudin
_VFGVQQAAAAJ,hn5jrnAAAAAJ,0.02491244487464428,0.007483641617000103,False,Berlian Maulidya Izzati,Yuni Yamasari
OffRzhoAAAAJ,RES4QIQAAAAJ,0.024904871359467506,0.008475139737129211,False,Dwi Fatrianto Suyatno,Arif Widodo
BIrtbD8AAAAJ,Tp_X_bYAAAAJ,0.024902749806642532,0.01164684072136879,False,Ibnu Febry Kurniawan,Farid Baskoro
6ifThF0AAAAJ,q24bD6AAAAAJ,0.02488347329199314,0.017869839444756508,False,Ika Diyah Candra Arifah,Martini Dwi Endah Susanti
6ifThF0AAAAJ,jJBtZPgAAAAJ,0.02488282136619091,0.009889748878777027,False,Ika Diyah Candra Arifah,Siska Puspitaningsih
R9rGmc4AAAAJ,wwhACXoAAAAJ,0.0248663742095232,0.004543093033134937,False,Kartika Chandra Dewi,M Adamu Islam Mashuri
1xVR-fgAAAAJ,AYI1rosAAAAJ,0.024862390011548996,0.007998277433216572,False,1xVR-fgAAAAJ,Nurhayati
OwdLKtQAAAAJ,S6IJ51cAAAAJ,0.02485819347202778,0.004034237936139107,False,Fitria,Unit Three Kartini
FZ00CQ8AAAAJ,wEGsLv4AAAAJ,0.02485012821853161,0.007698004133999348,False,Rizky Basatha,Ike Fitriyaningsih
dfwr-2YAAAAJ,lFCI_vsAAAAJ,0.024841461330652237,0.014236167073249817,False,Muhammad Fajar Wahyudi Rahman,Atik Wintarti
AjvtBWIAAAAJ,t5f89iIAAAAJ,0.024840254336595535,0.02070155180990696,False,Siti Masitoh,Andi Iwan Nurhidayat
i0pkJZoAAAAJ,q24bD6AAAAAJ,0.02483312040567398,0.020728617906570435,False,Yuni Rosita Dewi,Martini Dwi Endah Susanti
bTjH6IgAAAAJ,n7IAKI0AAAAJ,0.024830779060721397,0.0060647353529930115,False,Achmad Kautsar,Joko
-_VNTSIAAAAJ,yObeL8gAAAAJ,0.02483075112104416,0.02532227896153927,False,Agus Prihanto,I Gusti Putu Asto Buditjahjanto
EBgY5K0AAAAJ,qtFw9UMAAAAJ,0.024814048781991005,0.016832266002893448,False,Moch. Badrus Oleh,Bambang Sujatmiko
4Yhmpg0AAAAJ,Tz8EfXcAAAAJ,0.02480875514447689,0.012466135434806347,False,Hujjatullah Fazlurrahman,Yuliani Puji Astuti
FZ00CQ8AAAAJ,VNrCn4gAAAAJ,0.024799512699246407,0.0036020700354129076,False,Rizky Basatha,Ersha Aisyah Elfaiz
ZBAnb64AAAAJ,dfwr-2YAAAAJ,0.024780118837952614,0.021246742457151413,False,Ardhini Warih Utami,Muhammad Fajar Wahyudi Rahman
-tpBKawAAAAJ,Tp_X_bYAAAAJ,0.024752939119935036,0.004693669732660055,False,Dimas Novian Aditia Syahputra,Farid Baskoro
9BWyE0UAAAAJ,itwnm-AAAAAJ,0.024744194000959396,0.009258158504962921,False,Endryansyah,Achmad Fitro
5uDKOUMAAAAJ,Smb2eg8AAAAJ,0.024742912501096725,0.006014809012413025,False,Heri Purnawan,Nanang Hoesen. H. A.
A9L19RMAAAAJ,RvG7jG4AAAAJ,0.02473788894712925,0.017112135887145996,False,Pradini Puspitaningayu,I Made Suartana
1xVR-fgAAAAJ,WdhKN0sAAAAJ,0.024737244471907616,0.0167904831469059,False,1xVR-fgAAAAJ,Aditya Prapanca
p4gdgRgAAAAJ,wwhACXoAAAAJ,0.024731077253818512,0.015472673811018467,False,Rusijono,M Adamu Islam Mashuri
5uDKOUMAAAAJ,TAAC1-AAAAAJ,0.02472851611673832,0.006140326615422964,False,Heri Purnawan,I Gde Agung Sri Sidhimantra
4d_6xxEAAAAJ,n7IAKI0AAAAJ,0.024711649864912033,0.004991231486201286,False,Ghea Sekar Palupi,Joko
DsVi_OAAAAAJ,Tz8EfXcAAAAJ,0.024702832102775574,0.012745670974254608,False,Nadia Nur Thahirrah,Yuliani Puji Astuti
DrE0Lf8AAAAJ,qtFw9UMAAAAJ,0.024687297642230988,0.022010253742337227,False,Fresha Kharisma,Bambang Sujatmiko
4VXQFKYAAAAJ,p4gdgRgAAAAJ,0.02468714863061905,0.036657966673374176,False,Renny Sari Dewi,Rusijono
RES4QIQAAAAJ,W7ncZRgAAAAJ,0.02467627078294754,0.012177983298897743,False,Arif Widodo,Hafid Kholidi Hadi
A9L19RMAAAAJ,i0pkJZoAAAAJ,0.024668514728546143,0.0051371692679822445,False,Pradini Puspitaningayu,Yuni Rosita Dewi
AaC4eAwAAAAJ,hjllQ9gAAAAJ,0.02466697245836258,0.011681665666401386,False,Fadhilah Qalbi Annisa,Nur Kholis
-tpBKawAAAAJ,sHANI1gAAAAJ,0.02466084063053131,0.002820846624672413,False,Dimas Novian Aditia Syahputra,Rifqi Firmansyah
6f4j4TYAAAAJ,DrE0Lf8AAAAJ,0.024651678279042244,0.023761052638292313,False,Mahendra Widyartono,Fresha Kharisma
jPKU5cAAAAAJ,z7RWDi0AAAAJ,0.024635275825858116,0.00725496094673872,False,Anggraeni Widya Purwita,Tri Rijanto
5nAJx9wAAAAJ,RvG7jG4AAAAJ,0.02462698146700859,0.019174838438630104,False,Muhammad Fachmi,I Made Suartana
q-sbahIAAAAJ,wwhACXoAAAAJ,0.02461831271648407,0.00396364089101553,False,Ulfa Siti Nuraini,M Adamu Islam Mashuri
OwdLKtQAAAAJ,W7ncZRgAAAAJ,0.024617420509457588,0.01808684505522251,False,Fitria,Hafid Kholidi Hadi
A9L19RMAAAAJ,wwhACXoAAAAJ,0.024589383974671364,0.0032338323071599007,False,Pradini Puspitaningayu,M Adamu Islam Mashuri
Yw9l51IAAAAJ,qtFw9UMAAAAJ,0.02458566427230835,0.0028252084739506245,False,Riza Akhsani Setyo Prayoga,Bambang Sujatmiko
R9rGmc4AAAAJ,rnlvOfEAAAAJ,0.024573514237999916,0.007123805116862059,False,Kartika Chandra Dewi,Ibrohim
UL2-upoAAAAJ,q24bD6AAAAAJ,0.024569492787122726,0.021772420033812523,False,Dana Azizah Rahmat,Martini Dwi Endah Susanti
6ifThF0AAAAJ,MeGE8WAAAAAJ,0.02454979158937931,0.011097864247858524,False,Ika Diyah Candra Arifah,Binti Kholifah
7EQjv9wAAAAJ,Tz8EfXcAAAAJ,0.024546688422560692,0.014434427954256535,False,Asmunin,Yuliani Puji Astuti
8wFXNjYAAAAJ,dfwr-2YAAAAJ,0.024539096280932426,0.02237698622047901,False,Naim Rochmawati,Muhammad Fajar Wahyudi Rahman
6MXDzBQAAAAJ,eEtHoOAAAAAJ,0.02453431859612465,0.011549511924386024,False,Lilik Anifah,Rahadian Bisma
4Yhmpg0AAAAJ,5uDKOUMAAAAJ,0.024524474516510963,0.008047888055443764,False,Hujjatullah Fazlurrahman,Heri Purnawan
34CwHgkAAAAJ,BIrtbD8AAAAJ,0.02452164702117443,0.0019470538245514035,False,Riza Akhsani Setyo Prayoga,Ibnu Febry Kurniawan
OwdLKtQAAAAJ,lmlBHlsAAAAJ,0.024497784674167633,0.004564352333545685,False,Fitria,Widi Aribowo
RvG7jG4AAAAJ,tzjThtIAAAAJ,0.02449442818760872,0.01949036307632923,False,I Made Suartana,Elly Matul Imah
2lw6P3IAAAAJ,AjvtBWIAAAAJ,0.02448449470102787,0.02559933252632618,False,Muhammad Febrilian Dwi Syahputra,Siti Masitoh
N6RJilIAAAAJ,W7ncZRgAAAAJ,0.024480879306793213,0.03264138102531433,False,Anita Qoiriah,Hafid Kholidi Hadi
DrE0Lf8AAAAJ,_n2j0ZAAAAAJ,0.024479297921061516,0.02404518611729145,False,Fresha Kharisma,I Gusti Lanang Putra Eka Prismana
Iq3gzh4AAAAJ,q-sbahIAAAAJ,0.02445918507874012,0.0022048125974833965,False,Andi Mariono,Ulfa Siti Nuraini
AX-w0AEAAAAJ,MnI3Tm0AAAAJ,0.024457333609461784,0.006887392606586218,False,Hasanuddin Al-Habib,Sayyidul Aulia Alamsyah
ne31is4AAAAJ,psg8hdoAAAAJ,0.024455053731799126,0.008378409780561924,False,Danang Ary Dewangga,Bonda Sisephaputra
DiBTIz4AAAAJ,XdEn69YAAAAJ,0.024432703852653503,0.01142056193202734,False,Riskyana Dewi Intan P,Cendra Devayana Putra
iFSMsegAAAAJ,rnlvOfEAAAAJ,0.024431418627500534,0.004352313932031393,False,Elvira Wardah,Ibrohim
-BuJoD0AAAAJ,YADiqesAAAAJ,0.024429237470030785,0.016688672825694084,False,Ratih Amelia,Ekohariadi
Tz8EfXcAAAAJ,cPj-iOIAAAAJ,0.024424107745289803,0.008239258080720901,False,Yuliani Puji Astuti,Ricky Eka Putra
-gGGkMcAAAAJ,6RBIukkAAAAJ,0.024419115856289864,0.025190230458974838,False,Faris Abdi El Hakim,Yatim Riyanto
S6IJ51cAAAAJ,Smb2eg8AAAAJ,0.0243796706199646,0.01039196364581585,False,Unit Three Kartini,Nanang Hoesen. H. A.
EBgY5K0AAAAJ,RvG7jG4AAAAJ,0.024377277120947838,0.008872843347489834,False,Moch. Badrus Oleh,I Made Suartana
VwvPnrcAAAAJ,yObeL8gAAAAJ,0.02437543496489525,0.0037797726690769196,False,Nisa Dwi Septiyanti,I Gusti Putu Asto Buditjahjanto
OwdLKtQAAAAJ,hjllQ9gAAAAJ,0.02437531016767025,0.0048534017987549305,False,Fitria,Nur Kholis
ne31is4AAAAJ,nyyfjCgAAAAJ,0.024375200271606445,0.004238588735461235,False,Danang Ary Dewangga,Rifqi Abdillah
LeRoniwAAAAJ,wEGsLv4AAAAJ,0.024351099506020546,0.01091686636209488,False,Farhanna Mari,Ike Fitriyaningsih
TB0QfMoAAAAJ,dfwr-2YAAAAJ,0.02433333545923233,0.015922322869300842,False,Miftahur Rohman,Muhammad Fajar Wahyudi Rahman
JsEkeOsAAAAJ,ne31is4AAAAJ,0.024323120713233948,0.03324202820658684,False,Ari Kurniawan,Danang Ary Dewangga
MnI3Tm0AAAAJ,Tz8EfXcAAAAJ,0.024319596588611603,0.0016445002984255552,False,Sayyidul Aulia Alamsyah,Yuliani Puji Astuti
34CwHgkAAAAJ,R9rGmc4AAAAJ,0.024311130866408348,0.0021888043265789747,False,Riza Akhsani Setyo Prayoga,Kartika Chandra Dewi
1xVR-fgAAAAJ,IJIEntMAAAAJ,0.024296481162309647,0.01297555398195982,False,1xVR-fgAAAAJ,Yeni Anistyasari
i0pkJZoAAAAJ,jJBtZPgAAAAJ,0.0242942962795496,0.011177273467183113,False,Yuni Rosita Dewi,Siska Puspitaningsih
AYI1rosAAAAJ,dfwr-2YAAAAJ,0.024278394877910614,0.015789039433002472,False,Nurhayati,Muhammad Fajar Wahyudi Rahman
_n2j0ZAAAAAJ,tzjThtIAAAAJ,0.02426338382065296,0.006841395515948534,False,I Gusti Lanang Putra Eka Prismana,Elly Matul Imah
OwdLKtQAAAAJ,sHANI1gAAAAJ,0.024260595440864563,0.002723902463912964,False,Fitria,Rifqi Firmansyah
o4zdesUAAAAJ,wlGfsB0AAAAJ,0.024237878620624542,0.014374712482094765,False,Rakha Asyrofi,Salamun Rohman Nudin
Mr22rjsAAAAJ,nWPONc8AAAAJ,0.024212297052145004,0.006545253563672304,False,Hesti Khuzaimah Nurul Yusufiyah,Lusia Rakhmawati
DsVi_OAAAAAJ,Em3aIV0AAAAJ,0.0242115817964077,0.016322776675224304,False,Nadia Nur Thahirrah,Ramadhan Cakra Wibawa
Smb2eg8AAAAJ,q-sbahIAAAAJ,0.024204321205615997,0.0014444371918216348,False,Nanang Hoesen. H. A.,Ulfa Siti Nuraini
LeRoniwAAAAJ,RES4QIQAAAAJ,0.02417491003870964,0.0026360717602074146,False,Farhanna Mari,Arif Widodo
FZ00CQ8AAAAJ,nVac1BcAAAAJ,0.024162519723176956,0.0023995174560695887,False,Rizky Basatha,Rosita
R9rGmc4AAAAJ,o4zdesUAAAAJ,0.02415512688457966,0.003532828763127327,False,Kartika Chandra Dewi,Rakha Asyrofi
-gGGkMcAAAAJ,RNJ3vNQAAAAJ,0.02415446750819683,0.004905277397483587,False,Faris Abdi El Hakim,Harmon Prayogi
jJBtZPgAAAAJ,q-sbahIAAAAJ,0.024143939837813377,0.006533282343298197,False,Siska Puspitaningsih,Ulfa Siti Nuraini
OwdLKtQAAAAJ,RvG7jG4AAAAJ,0.024135325103998184,0.00666487542912364,False,Fitria,I Made Suartana
RvG7jG4AAAAJ,q-sbahIAAAAJ,0.024125082418322563,0.007946068421006203,False,I Made Suartana,Ulfa Siti Nuraini
4Yhmpg0AAAAJ,n7IAKI0AAAAJ,0.024118240922689438,0.005941754672676325,False,Hujjatullah Fazlurrahman,Joko
OwdLKtQAAAAJ,y_OiarcAAAAJ,0.024112148210406303,0.003941857721656561,False,Fitria,Yandhika Surya Akbar Gumilang
y_OiarcAAAAJ,zDgqPOsAAAAJ,0.024110425263643265,0.007251711096614599,False,Yandhika Surya Akbar Gumilang,Mustaji
FZ00CQ8AAAAJ,n7IAKI0AAAAJ,0.02409723587334156,0.0032330548856407404,False,Rizky Basatha,Joko
BIrtbD8AAAAJ,IJIEntMAAAAJ,0.024090278893709183,0.007349396590143442,False,Ibnu Febry Kurniawan,Yeni Anistyasari
-BuJoD0AAAAJ,ZRCJXO0AAAAJ,0.024089710786938667,0.012931428849697113,False,Ratih Amelia,Riska Dhenabayu
_ecYpyYAAAAJ,o4zdesUAAAAJ,0.024083450436592102,0.006211740896105766,False,Dinda Galuh Guminta,Rakha Asyrofi
1xVR-fgAAAAJ,psg8hdoAAAAJ,0.024081183597445488,0.008385037072002888,False,1xVR-fgAAAAJ,Bonda Sisephaputra
DsVi_OAAAAAJ,eEtHoOAAAAAJ,0.024074112996459007,0.02180955745279789,False,Nadia Nur Thahirrah,Rahadian Bisma
DiBTIz4AAAAJ,Hl6bqU8AAAAJ,0.02404230460524559,0.015919048339128494,False,Riskyana Dewi Intan P,Rindu Puspita Wibawa
MnI3Tm0AAAAJ,wwhACXoAAAAJ,0.024030981585383415,0.0032282304018735886,False,Sayyidul Aulia Alamsyah,M Adamu Islam Mashuri
AaC4eAwAAAAJ,N6RJilIAAAAJ,0.02402357943356037,0.032204583287239075,False,Fadhilah Qalbi Annisa,Anita Qoiriah
5nAJx9wAAAAJ,zDgqPOsAAAAJ,0.02402145229279995,0.021299807354807854,False,Muhammad Fachmi,Mustaji
N6RJilIAAAAJ,RNJ3vNQAAAAJ,0.024021269753575325,0.006752826739102602,False,Anita Qoiriah,Harmon Prayogi
NO8mJucAAAAJ,_n2j0ZAAAAAJ,0.024017730727791786,0.014948127791285515,False,Wahyu Sasongko Putro,I Gusti Lanang Putra Eka Prismana
VNrCn4gAAAAJ,zDgqPOsAAAAJ,0.024007584899663925,0.004724171012639999,False,Ersha Aisyah Elfaiz,Mustaji
AX-w0AEAAAAJ,bTjH6IgAAAAJ,0.02399524115025997,0.00985260121524334,False,Hasanuddin Al-Habib,Achmad Kautsar
5uDKOUMAAAAJ,aW1lSOYAAAAJ,0.023992974311113358,0.013467329554259777,False,Heri Purnawan,Aditya Chandra Hermawan
-_VNTSIAAAAJ,o4zdesUAAAAJ,0.023989837616682053,0.023674268275499344,False,Agus Prihanto,Rakha Asyrofi
C_EGqeMAAAAJ,Hl6bqU8AAAAJ,0.02397375926375389,0.007320445962250233,False,Namira Roudlotul Jannah,Rindu Puspita Wibawa
RES4QIQAAAAJ,i0pkJZoAAAAJ,0.0239606574177742,0.008840352296829224,False,Arif Widodo,Yuni Rosita Dewi
9BWyE0UAAAAJ,TAAC1-AAAAAJ,0.02394053339958191,0.009084511548280716,False,Endryansyah,I Gde Agung Sri Sidhimantra
hjllQ9gAAAAJ,tzjThtIAAAAJ,0.02392888069152832,0.013674965128302574,False,Nur Kholis,Elly Matul Imah
ZjPpHWsAAAAJ,bTjH6IgAAAAJ,0.023918336257338524,0.025866560637950897,False,Erik Rahman,Achmad Kautsar
FZ00CQ8AAAAJ,YADiqesAAAAJ,0.023913219571113586,0.009769507683813572,False,Rizky Basatha,Ekohariadi
ZRCJXO0AAAAJ,b4_EdJYAAAAJ,0.023906003683805466,0.009653502143919468,False,Riska Dhenabayu,Moh. Khoridatul Huda
jPKU5cAAAAAJ,yObeL8gAAAAJ,0.02389296144247055,0.005645261611789465,False,Anggraeni Widya Purwita,I Gusti Putu Asto Buditjahjanto
RES4QIQAAAAJ,dfwr-2YAAAAJ,0.02388967014849186,0.01516201812773943,False,Arif Widodo,Muhammad Fajar Wahyudi Rahman
6RBIukkAAAAJ,jPKU5cAAAAAJ,0.023880058899521828,0.017702650278806686,False,Yatim Riyanto,Anggraeni Widya Purwita
EBgY5K0AAAAJ,n7IAKI0AAAAJ,0.02387986332178116,0.002797222463414073,False,Moch. Badrus Oleh,Joko
-tpBKawAAAAJ,TB0QfMoAAAAJ,0.02387230284512043,0.003983085043728352,False,Dimas Novian Aditia Syahputra,Miftahur Rohman
ZjPpHWsAAAAJ,cPj-iOIAAAAJ,0.02387046441435814,0.020558316260576248,False,Erik Rahman,Ricky Eka Putra
lmlBHlsAAAAJ,y_OiarcAAAAJ,0.023868797346949577,0.014596319757401943,False,Widi Aribowo,Yandhika Surya Akbar Gumilang
L6O1lvkAAAAJ,Thp8jg0AAAAJ,0.023864008486270905,0.013863048516213894,False,Tri Wrahatnolo,Dodik Arwin Dermawan
Tz8EfXcAAAAJ,nWPONc8AAAAJ,0.023858603090047836,0.003743816399946809,False,Yuliani Puji Astuti,Lusia Rakhmawati
Smb2eg8AAAAJ,Y4YoRwUAAAAJ,0.0238556619733572,0.001316684647463262,False,Nanang Hoesen. H. A.,Belgis Ainatul Iza
hn5jrnAAAAAJ,n7ykK-IAAAAJ,0.02384687028825283,0.019605495035648346,False,Yuni Yamasari,Dhiyan Septa Wihara
_VFGVQQAAAAJ,_ecYpyYAAAAJ,0.023839255794882774,0.0067438725382089615,False,Berlian Maulidya Izzati,Dinda Galuh Guminta
eEtHoOAAAAAJ,p4gdgRgAAAAJ,0.02383505553007126,0.02425171621143818,False,Rahadian Bisma,Rusijono
jJBtZPgAAAAJ,jPKU5cAAAAAJ,0.023821940645575523,0.013498971238732338,False,Siska Puspitaningsih,Anggraeni Widya Purwita
-tpBKawAAAAJ,AX-w0AEAAAAJ,0.023787640035152435,0.00838722288608551,False,Dimas Novian Aditia Syahputra,Hasanuddin Al-Habib
MnI3Tm0AAAAJ,N6RJilIAAAAJ,0.02377442456781864,0.01935810036957264,False,Sayyidul Aulia Alamsyah,Anita Qoiriah
nWPONc8AAAAJ,o4zdesUAAAAJ,0.0237741619348526,0.01265981886535883,False,Lusia Rakhmawati,Rakha Asyrofi
-_VNTSIAAAAJ,aW1lSOYAAAAJ,0.02376173995435238,0.03096848912537098,False,Agus Prihanto,Aditya Chandra Hermawan
4Yhmpg0AAAAJ,_n2j0ZAAAAAJ,0.02375781163573265,0.019858267158269882,False,Hujjatullah Fazlurrahman,I Gusti Lanang Putra Eka Prismana
VNrCn4gAAAAJ,Yw9l51IAAAAJ,0.023740001022815704,0.006677347235381603,False,Ersha Aisyah Elfaiz,Riza Akhsani Setyo Prayoga
OffRzhoAAAAJ,b81qaDkAAAAJ,0.023733099922537804,0.0211788360029459,False,Dwi Fatrianto Suyatno,Anita Safitri
-tpBKawAAAAJ,j8HRV1wAAAAJ,0.023724058642983437,0.00526895746588707,False,Dimas Novian Aditia Syahputra,Bambang Suprianto
-_VNTSIAAAAJ,wwhACXoAAAAJ,0.023693062365055084,0.02716994099318981,False,Agus Prihanto,M Adamu Islam Mashuri
6MXDzBQAAAAJ,RvG7jG4AAAAJ,0.02368316426873207,0.02714717946946621,False,Lilik Anifah,I Made Suartana
AjvtBWIAAAAJ,q-sbahIAAAAJ,0.02367412857711315,0.0023250833619385958,False,Siti Masitoh,Ulfa Siti Nuraini
DsVi_OAAAAAJ,nbtuM4IAAAAJ,0.0236686822026968,0.005755953956395388,False,Nadia Nur Thahirrah,Parama Diptya Widayaka
1xVR-fgAAAAJ,NO8mJucAAAAJ,0.023666832596063614,0.011940846219658852,False,1xVR-fgAAAAJ,Wahyu Sasongko Putro
ZBAnb64AAAAJ,wwhACXoAAAAJ,0.023662593215703964,0.018847744911909103,False,Ardhini Warih Utami,M Adamu Islam Mashuri
Mr22rjsAAAAJ,nVac1BcAAAAJ,0.023656193166971207,0.004988808184862137,False,Hesti Khuzaimah Nurul Yusufiyah,Rosita
OwdLKtQAAAAJ,dfwr-2YAAAAJ,0.023651039227843285,0.014317984692752361,False,Fitria,Muhammad Fajar Wahyudi Rahman
ZhJ08JkAAAAJ,q-sbahIAAAAJ,0.02364986017346382,0.00232143048197031,False,Bachtiar Syaiful Bachri,Ulfa Siti Nuraini
wEGsLv4AAAAJ,wlGfsB0AAAAJ,0.023637592792510986,0.00728564104065299,False,Ike Fitriyaningsih,Salamun Rohman Nudin
LsydBAMAAAAJ,ZBAnb64AAAAJ,0.023636525496840477,0.009695840999484062,False,Puput Wanarti Rusimamto,Ardhini Warih Utami
W7ncZRgAAAAJ,_n2j0ZAAAAAJ,0.023635724559426308,0.023361070081591606,False,Hafid Kholidi Hadi,I Gusti Lanang Putra Eka Prismana
_VFGVQQAAAAJ,lFCI_vsAAAAJ,0.02361910603940487,0.007581369951367378,False,Berlian Maulidya Izzati,Atik Wintarti
5nAJx9wAAAAJ,Em3aIV0AAAAJ,0.023616451770067215,0.023221179842948914,False,Muhammad Fachmi,Ramadhan Cakra Wibawa
Tz8EfXcAAAAJ,ZRCJXO0AAAAJ,0.023597195744514465,0.01732809469103813,False,Yuliani Puji Astuti,Riska Dhenabayu
Em3aIV0AAAAJ,_ecYpyYAAAAJ,0.023595036938786507,0.005525536369532347,False,Ramadhan Cakra Wibawa,Dinda Galuh Guminta
AYI1rosAAAAJ,DrE0Lf8AAAAJ,0.023593120276927948,0.012264923192560673,False,Nurhayati,Fresha Kharisma
TAAC1-AAAAAJ,YADiqesAAAAJ,0.02357923984527588,0.01183618139475584,False,I Gde Agung Sri Sidhimantra,Ekohariadi
BIrtbD8AAAAJ,ZhJ08JkAAAAJ,0.023568429052829742,0.003302929224446416,False,Ibnu Febry Kurniawan,Bachtiar Syaiful Bachri
1hm7MM8AAAAJ,DsVi_OAAAAAJ,0.02355915680527687,0.018932942301034927,False,Reza Rahmadian,Nadia Nur Thahirrah
AX-w0AEAAAAJ,ZhJ08JkAAAAJ,0.023553036153316498,0.014090921729803085,False,Hasanuddin Al-Habib,Bachtiar Syaiful Bachri
2lw6P3IAAAAJ,A9L19RMAAAAJ,0.023548295721411705,0.0023125328589230776,False,Muhammad Febrilian Dwi Syahputra,Pradini Puspitaningayu
ZRCJXO0AAAAJ,cPj-iOIAAAAJ,0.02354329079389572,0.005421631969511509,False,Riska Dhenabayu,Ricky Eka Putra
AaC4eAwAAAAJ,pCyzpjgAAAAJ,0.02354091964662075,0.005933255422860384,False,Fadhilah Qalbi Annisa,Nurul Laili
5nAJx9wAAAAJ,Thp8jg0AAAAJ,0.023539021611213684,0.02229754440486431,False,Muhammad Fachmi,Dodik Arwin Dermawan
NO8mJucAAAAJ,dfwr-2YAAAAJ,0.023517495021224022,0.020850002765655518,False,Wahyu Sasongko Putro,Muhammad Fajar Wahyudi Rahman
Tz8EfXcAAAAJ,ZjPpHWsAAAAJ,0.02349111996591091,0.01805572584271431,False,Yuliani Puji Astuti,Erik Rahman
5nAJx9wAAAAJ,n7IAKI0AAAAJ,0.023478543385863304,0.007473008241504431,False,Muhammad Fachmi,Joko
_ecYpyYAAAAJ,jPKU5cAAAAAJ,0.02347811684012413,0.007003230508416891,False,Dinda Galuh Guminta,Anggraeni Widya Purwita
LeRoniwAAAAJ,Tp_X_bYAAAAJ,0.023463083431124687,0.0034456492867320776,False,Farhanna Mari,Farid Baskoro
-tpBKawAAAAJ,p4gdgRgAAAAJ,0.02344839833676815,0.024864554405212402,False,Dimas Novian Aditia Syahputra,Rusijono
5uDKOUMAAAAJ,fkxhjZ4AAAAJ,0.023447616025805473,0.005540612153708935,False,Heri Purnawan,Ronggo Alit
1xVR-fgAAAAJ,jPKU5cAAAAAJ,0.023444194346666336,0.011185111477971077,False,1xVR-fgAAAAJ,Anggraeni Widya Purwita
o4zdesUAAAAJ,q24bD6AAAAAJ,0.023434197530150414,0.012925016693770885,False,Rakha Asyrofi,Martini Dwi Endah Susanti
EBgY5K0AAAAJ,OwdLKtQAAAAJ,0.023433465510606766,0.020154554396867752,False,Moch. Badrus Oleh,Fitria
LsydBAMAAAAJ,W7ncZRgAAAAJ,0.02339363656938076,0.015567240305244923,False,Puput Wanarti Rusimamto,Hafid Kholidi Hadi
EBgY5K0AAAAJ,jPKU5cAAAAAJ,0.023393409326672554,0.029201306402683258,False,Moch. Badrus Oleh,Anggraeni Widya Purwita
hjllQ9gAAAAJ,o4zdesUAAAAJ,0.023380154743790627,0.017345067113637924,False,Nur Kholis,Rakha Asyrofi
MZCJPuIAAAAJ,yXy6kW0AAAAJ,0.023349063470959663,0.021929102018475533,False,Fajar Arianto,Harun Al Rosyid
NO8mJucAAAAJ,hjllQ9gAAAAJ,0.02334887906908989,0.0065197329968214035,False,Wahyu Sasongko Putro,Nur Kholis
Tz8EfXcAAAAJ,z7RWDi0AAAAJ,0.023347854614257812,0.003936792723834515,False,Yuliani Puji Astuti,Tri Rijanto
Hl6bqU8AAAAJ,N40Vh64AAAAJ,0.023345082998275757,0.0050158328376710415,False,Rindu Puspita Wibawa,Raden Roro Hapsari Peni Agustin T
S6IJ51cAAAAJ,ZBAnb64AAAAJ,0.02333267405629158,0.008956985548138618,False,Unit Three Kartini,Ardhini Warih Utami
DsVi_OAAAAAJ,Tp_X_bYAAAAJ,0.02332143671810627,0.008617543615400791,False,Nadia Nur Thahirrah,Farid Baskoro
LsydBAMAAAAJ,i0pkJZoAAAAJ,0.023315180093050003,0.011973843909800053,False,Puput Wanarti Rusimamto,Yuni Rosita Dewi
Tp_X_bYAAAAJ,ZBAnb64AAAAJ,0.023293133825063705,0.008963157422840595,False,Farid Baskoro,Ardhini Warih Utami
4d_6xxEAAAAJ,Smb2eg8AAAAJ,0.023284295573830605,0.026344560086727142,False,Ghea Sekar Palupi,Nanang Hoesen. H. A.
2lw6P3IAAAAJ,lFCI_vsAAAAJ,0.023271208629012108,0.011608424596488476,False,Muhammad Febrilian Dwi Syahputra,Atik Wintarti
-gGGkMcAAAAJ,qtFw9UMAAAAJ,0.023265914991497993,0.019167188555002213,False,Faris Abdi El Hakim,Bambang Sujatmiko
R9rGmc4AAAAJ,wlGfsB0AAAAJ,0.023264771327376366,0.002068568719550967,False,Kartika Chandra Dewi,Salamun Rohman Nudin
b4_EdJYAAAAJ,yObeL8gAAAAJ,0.023244161158800125,0.004613058175891638,False,Moh. Khoridatul Huda,I Gusti Putu Asto Buditjahjanto
AYI1rosAAAAJ,FZ00CQ8AAAAJ,0.02323205955326557,0.007285928353667259,False,Nurhayati,Rizky Basatha
4VXQFKYAAAAJ,ZRCJXO0AAAAJ,0.023225443437695503,0.014779781922698021,False,Renny Sari Dewi,Riska Dhenabayu
OffRzhoAAAAJ,lFCI_vsAAAAJ,0.023215120658278465,0.012307929806411266,False,Dwi Fatrianto Suyatno,Atik Wintarti
jPKU5cAAAAAJ,p4gdgRgAAAAJ,0.02319890633225441,0.017168933525681496,False,Anggraeni Widya Purwita,Rusijono
-_VNTSIAAAAJ,y_OiarcAAAAJ,0.02319098822772503,0.020101508125662804,False,Agus Prihanto,Yandhika Surya Akbar Gumilang
LeRoniwAAAAJ,ZRCJXO0AAAAJ,0.02318430133163929,0.007897460833191872,False,Farhanna Mari,Riska Dhenabayu
6RBIukkAAAAJ,OffRzhoAAAAJ,0.023183852434158325,0.011576148681342602,False,Yatim Riyanto,Dwi Fatrianto Suyatno
UL2-upoAAAAJ,YADiqesAAAAJ,0.0231619980186224,0.007618834264576435,False,Dana Azizah Rahmat,Ekohariadi
C_EGqeMAAAAJ,UL2-upoAAAAJ,0.023158106952905655,0.00967367459088564,False,Namira Roudlotul Jannah,Dana Azizah Rahmat
_VFGVQQAAAAJ,lmlBHlsAAAAJ,0.023152925074100494,0.003222891129553318,False,Berlian Maulidya Izzati,Widi Aribowo
1hm7MM8AAAAJ,wwhACXoAAAAJ,0.023133965209126472,0.00998468417674303,False,Reza Rahmadian,M Adamu Islam Mashuri
Iq3gzh4AAAAJ,_VFGVQQAAAAJ,0.02311582677066326,0.011531555093824863,False,Andi Mariono,Berlian Maulidya Izzati
N40Vh64AAAAJ,p4gdgRgAAAAJ,0.02311505191028118,0.007705131080001593,False,Raden Roro Hapsari Peni Agustin T,Rusijono
W7ncZRgAAAAJ,n7IAKI0AAAAJ,0.023094432428479195,0.005666645243763924,False,Hafid Kholidi Hadi,Joko
4d_6xxEAAAAJ,MeGE8WAAAAAJ,0.023093238472938538,0.015544247813522816,False,Ghea Sekar Palupi,Binti Kholifah
YADiqesAAAAJ,itwnm-AAAAAJ,0.023084748536348343,0.01614196039736271,False,Ekohariadi,Achmad Fitro
-_VNTSIAAAAJ,wlGfsB0AAAAJ,0.023070432245731354,0.018193362280726433,False,Agus Prihanto,Salamun Rohman Nudin
DiBTIz4AAAAJ,hn5jrnAAAAAJ,0.023065200075507164,0.03688837215304375,False,Riskyana Dewi Intan P,Yuni Yamasari
-tpBKawAAAAJ,aW1lSOYAAAAJ,0.023065056651830673,0.009168436750769615,False,Dimas Novian Aditia Syahputra,Aditya Chandra Hermawan
OffRzhoAAAAJ,n7ykK-IAAAAJ,0.023061545565724373,0.02432011067867279,False,Dwi Fatrianto Suyatno,Dhiyan Septa Wihara
IJIEntMAAAAJ,Tz8EfXcAAAAJ,0.023051219061017036,0.007491325028240681,False,Yeni Anistyasari,Yuliani Puji Astuti
nVac1BcAAAAJ,zDgqPOsAAAAJ,0.023033054545521736,0.0030283203814178705,False,Rosita,Mustaji
5nAJx9wAAAAJ,MZCJPuIAAAAJ,0.023030241951346397,0.02068834751844406,False,Muhammad Fachmi,Fajar Arianto
RvG7jG4AAAAJ,Smb2eg8AAAAJ,0.02302462048828602,0.01483020931482315,False,I Made Suartana,Nanang Hoesen. H. A.
LeRoniwAAAAJ,TB0QfMoAAAAJ,0.023007171228528023,0.0030744208488613367,False,Farhanna Mari,Miftahur Rohman
OwdLKtQAAAAJ,TB0QfMoAAAAJ,0.023003462702035904,0.0034689167514443398,False,Fitria,Miftahur Rohman
b4_EdJYAAAAJ,dfwr-2YAAAAJ,0.022988395765423775,0.00732662808150053,False,Moh. Khoridatul Huda,Muhammad Fajar Wahyudi Rahman
CxdwNaYAAAAJ,n7ykK-IAAAAJ,0.02297678031027317,0.012395968660712242,False,Wiyli Yustanti,Dhiyan Septa Wihara
wEGsLv4AAAAJ,y_OiarcAAAAJ,0.022974731400609016,0.005534266587346792,False,Ike Fitriyaningsih,Yandhika Surya Akbar Gumilang
MeGE8WAAAAAJ,WdhKN0sAAAAJ,0.022961830720305443,0.008202627301216125,False,Binti Kholifah,Aditya Prapanca
VNrCn4gAAAAJ,pCyzpjgAAAAJ,0.022936876863241196,0.008096129633486271,False,Ersha Aisyah Elfaiz,Nurul Laili
IJIEntMAAAAJ,OwdLKtQAAAAJ,0.022934429347515106,0.00836191512644291,False,Yeni Anistyasari,Fitria
R9rGmc4AAAAJ,yXy6kW0AAAAJ,0.02293417975306511,0.004612421616911888,False,Kartika Chandra Dewi,Harun Al Rosyid
hrVTt4kAAAAJ,sHANI1gAAAAJ,0.02293042466044426,0.004343598615378141,False,Monica Cinthya,Rifqi Firmansyah
MeGE8WAAAAAJ,ZRCJXO0AAAAJ,0.022930122911930084,0.018604449927806854,False,Binti Kholifah,Riska Dhenabayu
RvG7jG4AAAAJ,ZjPpHWsAAAAJ,0.022929338738322258,0.007732768543064594,False,I Made Suartana,Erik Rahman
AX-w0AEAAAAJ,hjllQ9gAAAAJ,0.022928735241293907,0.009591981768608093,False,Hasanuddin Al-Habib,Nur Kholis
iFSMsegAAAAJ,wlGfsB0AAAAJ,0.022923143580555916,0.0032651207875460386,False,Elvira Wardah,Salamun Rohman Nudin
cY1QGVEAAAAJ,tzjThtIAAAAJ,0.022915828973054886,0.01346717681735754,False,Muhammad Sonhaji Akbar,Elly Matul Imah
N40Vh64AAAAJ,j8HRV1wAAAAJ,0.02291550301015377,0.00982891395688057,False,Raden Roro Hapsari Peni Agustin T,Bambang Suprianto
4VXQFKYAAAAJ,qtFw9UMAAAAJ,0.02289985679090023,0.020275313407182693,False,Renny Sari Dewi,Bambang Sujatmiko
R9rGmc4AAAAJ,hrVTt4kAAAAJ,0.022892441600561142,0.0038673451635986567,False,Kartika Chandra Dewi,Monica Cinthya
BIrtbD8AAAAJ,iFSMsegAAAAJ,0.022890646010637283,0.008703567087650299,False,Ibnu Febry Kurniawan,Elvira Wardah
EBgY5K0AAAAJ,Em3aIV0AAAAJ,0.022882450371980667,0.015871686860919,False,Moch. Badrus Oleh,Ramadhan Cakra Wibawa
L6O1lvkAAAAJ,TAAC1-AAAAAJ,0.02287358231842518,0.010148738510906696,False,Tri Wrahatnolo,I Gde Agung Sri Sidhimantra
AjvtBWIAAAAJ,jPKU5cAAAAAJ,0.022859949618577957,0.017394088208675385,False,Siti Masitoh,Anggraeni Widya Purwita
5nAJx9wAAAAJ,nWPONc8AAAAJ,0.022848054766654968,0.013865807093679905,False,Muhammad Fachmi,Lusia Rakhmawati
LeRoniwAAAAJ,z7RWDi0AAAAJ,0.022840997204184532,0.0045810905285179615,False,Farhanna Mari,Tri Rijanto
4d_6xxEAAAAJ,NO8mJucAAAAJ,0.02283787913620472,0.017954252660274506,False,Ghea Sekar Palupi,Wahyu Sasongko Putro
Y4YoRwUAAAAJ,wlGfsB0AAAAJ,0.02283116616308689,0.0013770726509392262,False,Belgis Ainatul Iza,Salamun Rohman Nudin
aW1lSOYAAAAJ,qtFw9UMAAAAJ,0.022829197347164154,0.013776591047644615,False,Aditya Chandra Hermawan,Bambang Sujatmiko
OffRzhoAAAAJ,wlGfsB0AAAAJ,0.022816132754087448,0.025288382545113564,False,Dwi Fatrianto Suyatno,Salamun Rohman Nudin
ZRCJXO0AAAAJ,hjllQ9gAAAAJ,0.022804517298936844,0.0027172111440449953,False,Riska Dhenabayu,Nur Kholis
5uDKOUMAAAAJ,XdEn69YAAAAJ,0.02279655449092388,0.0049257827922701836,False,Heri Purnawan,Cendra Devayana Putra
DsVi_OAAAAAJ,j8HRV1wAAAAJ,0.022762790322303772,0.009162889793515205,False,Nadia Nur Thahirrah,Bambang Suprianto
DiBTIz4AAAAJ,WdhKN0sAAAAJ,0.022746114060282707,0.024925831705331802,False,Riskyana Dewi Intan P,Aditya Prapanca
TAAC1-AAAAAJ,yXy6kW0AAAAJ,0.02274458296597004,0.016849489882588387,False,I Gde Agung Sri Sidhimantra,Harun Al Rosyid
-tpBKawAAAAJ,p1pK7E4AAAAJ,0.02274375595152378,0.004993945825845003,False,Dimas Novian Aditia Syahputra,Subuh Isnur Haryudo
34CwHgkAAAAJ,L6O1lvkAAAAJ,0.022742845118045807,0.005030315835028887,False,Riza Akhsani Setyo Prayoga,Tri Wrahatnolo
LsydBAMAAAAJ,dfwr-2YAAAAJ,0.022736137732863426,0.01864813081920147,False,Puput Wanarti Rusimamto,Muhammad Fajar Wahyudi Rahman
jJBtZPgAAAAJ,zDgqPOsAAAAJ,0.022735118865966797,0.01817237213253975,False,Siska Puspitaningsih,Mustaji
OwdLKtQAAAAJ,VwvPnrcAAAAJ,0.022733906283974648,0.014492346905171871,False,Fitria,Nisa Dwi Septiyanti
N6RJilIAAAAJ,dfwr-2YAAAAJ,0.022723278030753136,0.029272696003317833,False,Anita Qoiriah,Muhammad Fajar Wahyudi Rahman
-gGGkMcAAAAJ,q24bD6AAAAAJ,0.022712543606758118,0.020901773124933243,False,Faris Abdi El Hakim,Martini Dwi Endah Susanti
9BWyE0UAAAAJ,N6RJilIAAAAJ,0.0227049570530653,0.03203318268060684,False,Endryansyah,Anita Qoiriah
6f4j4TYAAAAJ,6ifThF0AAAAJ,0.022695112973451614,0.020561568439006805,False,Mahendra Widyartono,Ika Diyah Candra Arifah
hrVTt4kAAAAJ,p4gdgRgAAAAJ,0.022693922743201256,0.01698114350438118,False,Monica Cinthya,Rusijono
1xVR-fgAAAAJ,Jzuk6doAAAAJ,0.022682176902890205,0.007684716954827309,False,1xVR-fgAAAAJ,Aries Dwi Indriyanti
2lw6P3IAAAAJ,RNJ3vNQAAAAJ,0.022679729387164116,0.003517505479976535,False,Muhammad Febrilian Dwi Syahputra,Harmon Prayogi
OwdLKtQAAAAJ,o4zdesUAAAAJ,0.02267550677061081,0.005392435006797314,False,Fitria,Rakha Asyrofi
LsydBAMAAAAJ,q24bD6AAAAAJ,0.022664139047265053,0.014362800866365433,False,Puput Wanarti Rusimamto,Martini Dwi Endah Susanti
6MXDzBQAAAAJ,6ifThF0AAAAJ,0.022652707993984222,0.01366715133190155,False,Lilik Anifah,Ika Diyah Candra Arifah
OwdLKtQAAAAJ,z7RWDi0AAAAJ,0.02265145629644394,0.005904137156903744,False,Fitria,Tri Rijanto
5nAJx9wAAAAJ,RNJ3vNQAAAAJ,0.022645333781838417,0.005548419430851936,False,Muhammad Fachmi,Harmon Prayogi
-_VNTSIAAAAJ,N40Vh64AAAAJ,0.022628329694271088,0.01998983882367611,False,Agus Prihanto,Raden Roro Hapsari Peni Agustin T
EBgY5K0AAAAJ,_VFGVQQAAAAJ,0.022627318277955055,0.024200191721320152,False,Moch. Badrus Oleh,Berlian Maulidya Izzati
TAAC1-AAAAAJ,nVac1BcAAAAJ,0.022625576704740524,0.0018371727783232927,False,I Gde Agung Sri Sidhimantra,Rosita
BIrtbD8AAAAJ,qtFw9UMAAAAJ,0.022615551948547363,0.004172377288341522,False,Ibnu Febry Kurniawan,Bambang Sujatmiko
-tpBKawAAAAJ,VNrCn4gAAAAJ,0.022607220336794853,0.003863884601742029,False,Dimas Novian Aditia Syahputra,Ersha Aisyah Elfaiz
ZRCJXO0AAAAJ,p4gdgRgAAAAJ,0.02260712720453739,0.017301205545663834,False,Riska Dhenabayu,Rusijono
BIrtbD8AAAAJ,Iq3gzh4AAAAJ,0.02260223776102066,0.00359712028875947,False,Ibnu Febry Kurniawan,Andi Mariono
Mr22rjsAAAAJ,iFSMsegAAAAJ,0.022601107135415077,0.009396282956004143,False,Hesti Khuzaimah Nurul Yusufiyah,Elvira Wardah
1xVR-fgAAAAJ,cPj-iOIAAAAJ,0.022599419578909874,0.014005173929035664,False,1xVR-fgAAAAJ,Ricky Eka Putra
Y4YoRwUAAAAJ,ZhJ08JkAAAAJ,0.02259364351630211,0.0023901178501546383,False,Belgis Ainatul Iza,Bachtiar Syaiful Bachri
i0pkJZoAAAAJ,n7IAKI0AAAAJ,0.022591542452573776,0.00394496601074934,False,Yuni Rosita Dewi,Joko
L6O1lvkAAAAJ,N6RJilIAAAAJ,0.022568028420209885,0.028133679181337357,False,Tri Wrahatnolo,Anita Qoiriah
RvG7jG4AAAAJ,p4gdgRgAAAAJ,0.02256195992231369,0.013161535374820232,False,I Made Suartana,Rusijono
LeRoniwAAAAJ,N40Vh64AAAAJ,0.02255978435277939,0.005322959274053574,False,Farhanna Mari,Raden Roro Hapsari Peni Agustin T
MeGE8WAAAAAJ,b81qaDkAAAAJ,0.022557806223630905,0.011473056860268116,False,Binti Kholifah,Anita Safitri
BIrtbD8AAAAJ,TB0QfMoAAAAJ,0.02255687676370144,0.010150299407541752,False,Ibnu Febry Kurniawan,Miftahur Rohman
LeRoniwAAAAJ,aW1lSOYAAAAJ,0.02254692278802395,0.006393308751285076,False,Farhanna Mari,Aditya Chandra Hermawan
EBgY5K0AAAAJ,ZjPpHWsAAAAJ,0.022544700652360916,0.02592320367693901,False,Moch. Badrus Oleh,Erik Rahman
MnI3Tm0AAAAJ,RvG7jG4AAAAJ,0.02253080904483795,0.013522591441869736,False,Sayyidul Aulia Alamsyah,I Made Suartana
OffRzhoAAAAJ,TAAC1-AAAAAJ,0.02252928540110588,0.018355291336774826,False,Dwi Fatrianto Suyatno,I Gde Agung Sri Sidhimantra
_n2j0ZAAAAAJ,pCyzpjgAAAAJ,0.022521594539284706,0.005499584600329399,False,I Gusti Lanang Putra Eka Prismana,Nurul Laili
Mr22rjsAAAAJ,TAAC1-AAAAAJ,0.022519081830978394,0.003100977512076497,False,Hesti Khuzaimah Nurul Yusufiyah,I Gde Agung Sri Sidhimantra
A9L19RMAAAAJ,q24bD6AAAAAJ,0.02251645177602768,0.005815114360302687,False,Pradini Puspitaningayu,Martini Dwi Endah Susanti
Tz8EfXcAAAAJ,lmlBHlsAAAAJ,0.02251448482275009,0.0031457252334803343,False,Yuliani Puji Astuti,Widi Aribowo
-_VNTSIAAAAJ,6f4j4TYAAAAJ,0.022493558004498482,0.02100398764014244,False,Agus Prihanto,Mahendra Widyartono
BIrtbD8AAAAJ,Hl6bqU8AAAAJ,0.022486409172415733,0.0048172189854085445,False,Ibnu Febry Kurniawan,Rindu Puspita Wibawa
DsVi_OAAAAAJ,rnlvOfEAAAAJ,0.02247834950685501,0.0025652158074080944,False,Nadia Nur Thahirrah,Ibrohim
6ifThF0AAAAJ,Yw9l51IAAAAJ,0.022463791072368622,0.0023605371825397015,False,Ika Diyah Candra Arifah,Riza Akhsani Setyo Prayoga
Mr22rjsAAAAJ,cPj-iOIAAAAJ,0.022463491186499596,0.008260723203420639,False,Hesti Khuzaimah Nurul Yusufiyah,Ricky Eka Putra
-_VNTSIAAAAJ,sHANI1gAAAAJ,0.02246345393359661,0.016058051958680153,False,Agus Prihanto,Rifqi Firmansyah
_VFGVQQAAAAJ,pb3-UjwAAAAJ,0.022461753338575363,0.0018752844771370292,False,Berlian Maulidya Izzati,Moch Deny Pratama
MeGE8WAAAAAJ,W7ncZRgAAAAJ,0.02245432697236538,0.014430684968829155,False,Binti Kholifah,Hafid Kholidi Hadi
aW1lSOYAAAAJ,p4gdgRgAAAAJ,0.022442147135734558,0.017356639727950096,True,Aditya Chandra Hermawan,Rusijono
DiBTIz4AAAAJ,cPj-iOIAAAAJ,0.022440843284130096,0.021844198927283287,False,Riskyana Dewi Intan P,Ricky Eka Putra
_VFGVQQAAAAJ,itwnm-AAAAAJ,0.02243674360215664,0.007802311331033707,False,Berlian Maulidya Izzati,Achmad Fitro
AX-w0AEAAAAJ,qtFw9UMAAAAJ,0.02242560125887394,0.015777315944433212,False,Hasanuddin Al-Habib,Bambang Sujatmiko
OffRzhoAAAAJ,z7RWDi0AAAAJ,0.02242124266922474,0.0120195671916008,False,Dwi Fatrianto Suyatno,Tri Rijanto
4VXQFKYAAAAJ,jJBtZPgAAAAJ,0.022409817203879356,0.011596324853599072,False,Renny Sari Dewi,Siska Puspitaningsih
S6IJ51cAAAAJ,q24bD6AAAAAJ,0.02240649238228798,0.011807110160589218,False,Unit Three Kartini,Martini Dwi Endah Susanti
4Yhmpg0AAAAJ,YADiqesAAAAJ,0.022404005751013756,0.013359463773667812,False,Hujjatullah Fazlurrahman,Ekohariadi
5nAJx9wAAAAJ,FZ00CQ8AAAAJ,0.022393841296434402,0.022232547402381897,False,Muhammad Fachmi,Rizky Basatha
RvG7jG4AAAAJ,dfwr-2YAAAAJ,0.022382061928510666,0.019403059035539627,False,I Made Suartana,Muhammad Fajar Wahyudi Rahman
Tz8EfXcAAAAJ,hn5jrnAAAAAJ,0.022379789501428604,0.009795456193387508,False,Yuliani Puji Astuti,Yuni Yamasari
OwdLKtQAAAAJ,t5f89iIAAAAJ,0.02237662300467491,0.01529046893119812,False,Fitria,Andi Iwan Nurhidayat
L6O1lvkAAAAJ,bTjH6IgAAAAJ,0.02237567864358425,0.014192712493240833,False,Tri Wrahatnolo,Achmad Kautsar
VNrCn4gAAAAJ,_ecYpyYAAAAJ,0.022369682788848877,0.010006622411310673,False,Ersha Aisyah Elfaiz,Dinda Galuh Guminta
q24bD6AAAAAJ,wEGsLv4AAAAJ,0.02236592210829258,0.008661623112857342,False,Martini Dwi Endah Susanti,Ike Fitriyaningsih
DiBTIz4AAAAJ,Jzuk6doAAAAJ,0.022362757474184036,0.01628689467906952,False,Riskyana Dewi Intan P,Aries Dwi Indriyanti
cPj-iOIAAAAJ,ne31is4AAAAJ,0.022362379357218742,0.013727257959544659,False,Ricky Eka Putra,Danang Ary Dewangga
-tpBKawAAAAJ,RES4QIQAAAAJ,0.02235931158065796,0.0033930938225239515,False,Dimas Novian Aditia Syahputra,Arif Widodo
4VXQFKYAAAAJ,yXy6kW0AAAAJ,0.022347796708345413,0.020525459200143814,False,Renny Sari Dewi,Harun Al Rosyid
AjvtBWIAAAAJ,o4zdesUAAAAJ,0.02234658971428871,0.00753499660640955,False,Siti Masitoh,Rakha Asyrofi
1xVR-fgAAAAJ,p4gdgRgAAAAJ,0.022345423698425293,0.012013746425509453,False,1xVR-fgAAAAJ,Rusijono
Smb2eg8AAAAJ,YADiqesAAAAJ,0.022340402007102966,0.008877145126461983,False,Nanang Hoesen. H. A.,Ekohariadi
MZCJPuIAAAAJ,Mr22rjsAAAAJ,0.022302083671092987,0.003804147010669112,False,Fajar Arianto,Hesti Khuzaimah Nurul Yusufiyah
Yw9l51IAAAAJ,dfwr-2YAAAAJ,0.022301526740193367,0.002289051190018654,False,Riza Akhsani Setyo Prayoga,Muhammad Fajar Wahyudi Rahman
eEtHoOAAAAAJ,itwnm-AAAAAJ,0.022298485040664673,0.016353903338313103,False,Rahadian Bisma,Achmad Fitro
iFSMsegAAAAJ,nWPONc8AAAAJ,0.022284965962171555,0.004513051826506853,False,Elvira Wardah,Lusia Rakhmawati
LeRoniwAAAAJ,p1pK7E4AAAAJ,0.022274374961853027,0.00362384133040905,False,Farhanna Mari,Subuh Isnur Haryudo
VNrCn4gAAAAJ,eEtHoOAAAAAJ,0.022258592769503593,0.002810282167047262,False,Ersha Aisyah Elfaiz,Rahadian Bisma
-_VNTSIAAAAJ,i0pkJZoAAAAJ,0.02225567400455475,0.016547970473766327,False,Agus Prihanto,Yuni Rosita Dewi
ZBAnb64AAAAJ,p4gdgRgAAAAJ,0.022252455353736877,0.020981088280677795,False,Ardhini Warih Utami,Rusijono
9BWyE0UAAAAJ,N40Vh64AAAAJ,0.022250980138778687,0.011017761193215847,False,Endryansyah,Raden Roro Hapsari Peni Agustin T
Yw9l51IAAAAJ,lFCI_vsAAAAJ,0.022248879075050354,0.0036911913193762302,False,Riza Akhsani Setyo Prayoga,Atik Wintarti
DsVi_OAAAAAJ,aW1lSOYAAAAJ,0.022247008979320526,0.014874341897666454,False,Nadia Nur Thahirrah,Aditya Chandra Hermawan
N6RJilIAAAAJ,itwnm-AAAAAJ,0.022229474037885666,0.016474977135658264,False,Anita Qoiriah,Achmad Fitro
6f4j4TYAAAAJ,cY1QGVEAAAAJ,0.022209931164979935,0.019689245149493217,False,Mahendra Widyartono,Muhammad Sonhaji Akbar
4Yhmpg0AAAAJ,NO8mJucAAAAJ,0.022207368165254593,0.015596111305058002,False,Hujjatullah Fazlurrahman,Wahyu Sasongko Putro
9BWyE0UAAAAJ,Jzuk6doAAAAJ,0.022205375134944916,0.013003700412809849,False,Endryansyah,Aries Dwi Indriyanti
o4zdesUAAAAJ,yXy6kW0AAAAJ,0.022204624488949776,0.015994591638445854,False,Rakha Asyrofi,Harun Al Rosyid
4d_6xxEAAAAJ,itwnm-AAAAAJ,0.022199075669050217,0.010922309011220932,False,Ghea Sekar Palupi,Achmad Fitro
A9L19RMAAAAJ,_n2j0ZAAAAAJ,0.022192085161805153,0.004456188529729843,False,Pradini Puspitaningayu,I Gusti Lanang Putra Eka Prismana
OffRzhoAAAAJ,sHANI1gAAAAJ,0.022180378437042236,0.005370719823986292,True,Dwi Fatrianto Suyatno,Rifqi Firmansyah
N6RJilIAAAAJ,ZjPpHWsAAAAJ,0.022180333733558655,0.011381656862795353,False,Anita Qoiriah,Erik Rahman
Tz8EfXcAAAAJ,ZBAnb64AAAAJ,0.022174743935465813,0.014535290189087391,False,Yuliani Puji Astuti,Ardhini Warih Utami
Jzuk6doAAAAJ,ne31is4AAAAJ,0.02216937020421028,0.009661774151027203,False,Aries Dwi Indriyanti,Danang Ary Dewangga
2lw6P3IAAAAJ,Tp_X_bYAAAAJ,0.022166790440678596,0.004660543520003557,False,Muhammad Febrilian Dwi Syahputra,Farid Baskoro
MeGE8WAAAAAJ,lFCI_vsAAAAJ,0.02216210402548313,0.018881535157561302,False,Binti Kholifah,Atik Wintarti
Iq3gzh4AAAAJ,NO8mJucAAAAJ,0.022141754627227783,0.01159714162349701,False,Andi Mariono,Wahyu Sasongko Putro
8wFXNjYAAAAJ,ZjPpHWsAAAAJ,0.022135024890303612,0.008626991882920265,False,Naim Rochmawati,Erik Rahman
2lw6P3IAAAAJ,TB0QfMoAAAAJ,0.022123092785477638,0.003825155785307288,False,Muhammad Febrilian Dwi Syahputra,Miftahur Rohman
Yw9l51IAAAAJ,nVac1BcAAAAJ,0.02211066521704197,0.004364864435046911,False,Riza Akhsani Setyo Prayoga,Rosita
rnlvOfEAAAAJ,zDgqPOsAAAAJ,0.022109854966402054,0.0030634712893515825,False,Ibrohim,Mustaji
Mr22rjsAAAAJ,rnlvOfEAAAAJ,0.022105570882558823,0.004666691645979881,False,Hesti Khuzaimah Nurul Yusufiyah,Ibrohim
-_VNTSIAAAAJ,MnI3Tm0AAAAJ,0.02210426889359951,0.0148079888895154,False,Agus Prihanto,Sayyidul Aulia Alamsyah
ZRCJXO0AAAAJ,t5f89iIAAAAJ,0.022096363827586174,0.009059164673089981,False,Riska Dhenabayu,Andi Iwan Nurhidayat
AX-w0AEAAAAJ,pb3-UjwAAAAJ,0.022090820595622063,0.009498924016952515,False,Hasanuddin Al-Habib,Moch Deny Pratama
S6IJ51cAAAAJ,UL2-upoAAAAJ,0.02209014631807804,0.004543190356343985,False,Unit Three Kartini,Dana Azizah Rahmat
Mr22rjsAAAAJ,q24bD6AAAAAJ,0.022089513018727303,0.006694588344544172,False,Hesti Khuzaimah Nurul Yusufiyah,Martini Dwi Endah Susanti
DiBTIz4AAAAJ,nbtuM4IAAAAJ,0.022088894620537758,0.012495606206357479,False,Riskyana Dewi Intan P,Parama Diptya Widayaka
pb3-UjwAAAAJ,y_OiarcAAAAJ,0.022086959332227707,0.00613268930464983,False,Moch Deny Pratama,Yandhika Surya Akbar Gumilang
8wFXNjYAAAAJ,Mr22rjsAAAAJ,0.02207217738032341,0.011151768267154694,False,Naim Rochmawati,Hesti Khuzaimah Nurul Yusufiyah
7EQjv9wAAAAJ,L6O1lvkAAAAJ,0.022070640698075294,0.005993116181343794,False,Asmunin,Tri Wrahatnolo
DrE0Lf8AAAAJ,b4_EdJYAAAAJ,0.022068679332733154,0.008473663590848446,False,Fresha Kharisma,Moh. Khoridatul Huda
9BWyE0UAAAAJ,XdEn69YAAAAJ,0.022061137482523918,0.011021994054317474,False,Endryansyah,Cendra Devayana Putra
-tpBKawAAAAJ,6f4j4TYAAAAJ,0.02205255627632141,0.005371938459575176,False,Dimas Novian Aditia Syahputra,Mahendra Widyartono
iFSMsegAAAAJ,y_OiarcAAAAJ,0.02205105870962143,0.00257399445399642,False,Elvira Wardah,Yandhika Surya Akbar Gumilang
RNJ3vNQAAAAJ,hrVTt4kAAAAJ,0.022038158029317856,0.0045687234960496426,False,Harmon Prayogi,Monica Cinthya
OwdLKtQAAAAJ,j8HRV1wAAAAJ,0.02202572673559189,0.003998955246061087,False,Fitria,Bambang Suprianto
-_VNTSIAAAAJ,wEGsLv4AAAAJ,0.022021649405360222,0.02516534924507141,False,Agus Prihanto,Ike Fitriyaningsih
lmlBHlsAAAAJ,q24bD6AAAAAJ,0.022021254524588585,0.013863548636436462,False,Widi Aribowo,Martini Dwi Endah Susanti
iFSMsegAAAAJ,zDgqPOsAAAAJ,0.022015569731593132,0.005940483883023262,False,Elvira Wardah,Mustaji
N6RJilIAAAAJ,VwvPnrcAAAAJ,0.022013604640960693,0.014549795538187027,False,Anita Qoiriah,Nisa Dwi Septiyanti
MeGE8WAAAAAJ,UL2-upoAAAAJ,0.022005653008818626,0.01883314922451973,False,Binti Kholifah,Dana Azizah Rahmat
hrVTt4kAAAAJ,wEGsLv4AAAAJ,0.02198518067598343,0.009753690101206303,False,Monica Cinthya,Ike Fitriyaningsih
5uDKOUMAAAAJ,dfwr-2YAAAAJ,0.02197389490902424,0.009896277450025082,True,Heri Purnawan,Muhammad Fajar Wahyudi Rahman
C_EGqeMAAAAJ,yXy6kW0AAAAJ,0.021958380937576294,0.008981292136013508,False,Namira Roudlotul Jannah,Harun Al Rosyid
Em3aIV0AAAAJ,nVac1BcAAAAJ,0.02194306068122387,0.0019195309141650796,False,Ramadhan Cakra Wibawa,Rosita
DsVi_OAAAAAJ,b4_EdJYAAAAJ,0.021941065788269043,0.009410849772393703,False,Nadia Nur Thahirrah,Moh. Khoridatul Huda
ZjPpHWsAAAAJ,nWPONc8AAAAJ,0.02194022201001644,0.008406230248510838,False,Erik Rahman,Lusia Rakhmawati
hrVTt4kAAAAJ,q-sbahIAAAAJ,0.02193877287209034,0.0034775384701788425,False,Monica Cinthya,Ulfa Siti Nuraini
itwnm-AAAAAJ,qtFw9UMAAAAJ,0.021937932819128036,0.008693094365298748,False,Achmad Fitro,Bambang Sujatmiko
Mr22rjsAAAAJ,Smb2eg8AAAAJ,0.02192716673016548,0.0035024804528802633,False,Hesti Khuzaimah Nurul Yusufiyah,Nanang Hoesen. H. A.
C_EGqeMAAAAJ,itwnm-AAAAAJ,0.021917229518294334,0.008974920958280563,False,Namira Roudlotul Jannah,Achmad Fitro
DsVi_OAAAAAJ,TB0QfMoAAAAJ,0.021908890455961227,0.0068902247585356236,False,Nadia Nur Thahirrah,Miftahur Rohman
N6RJilIAAAAJ,Smb2eg8AAAAJ,0.021895309910178185,0.028181560337543488,False,Anita Qoiriah,Nanang Hoesen. H. A.
TB0QfMoAAAAJ,ZBAnb64AAAAJ,0.021881919354200363,0.008129442110657692,False,Miftahur Rohman,Ardhini Warih Utami
Hl6bqU8AAAAJ,pCyzpjgAAAAJ,0.02188180759549141,0.006937906611710787,False,Rindu Puspita Wibawa,Nurul Laili
5nAJx9wAAAAJ,Iq3gzh4AAAAJ,0.021878063678741455,0.02428377792239189,False,Muhammad Fachmi,Andi Mariono
-tpBKawAAAAJ,AYI1rosAAAAJ,0.021871155127882957,0.0037020486779510975,False,Dimas Novian Aditia Syahputra,Nurhayati
Y4YoRwUAAAAJ,b81qaDkAAAAJ,0.021862920373678207,0.001720740576274693,False,Belgis Ainatul Iza,Anita Safitri
p1pK7E4AAAAJ,q24bD6AAAAAJ,0.021859697997570038,0.013689214363694191,False,Subuh Isnur Haryudo,Martini Dwi Endah Susanti
Tz8EfXcAAAAJ,eEtHoOAAAAAJ,0.021859001368284225,0.014618094079196453,False,Yuliani Puji Astuti,Rahadian Bisma
TB0QfMoAAAAJ,q24bD6AAAAAJ,0.021858317777514458,0.010911468416452408,False,Miftahur Rohman,Martini Dwi Endah Susanti
7EQjv9wAAAAJ,ZRCJXO0AAAAJ,0.021857837215065956,0.009898766875267029,False,Asmunin,Riska Dhenabayu
L6O1lvkAAAAJ,dfwr-2YAAAAJ,0.02185494266450405,0.013715969398617744,False,Tri Wrahatnolo,Muhammad Fajar Wahyudi Rahman
MZCJPuIAAAAJ,ZRCJXO0AAAAJ,0.021853262558579445,0.009510836564004421,False,Fajar Arianto,Riska Dhenabayu
LeRoniwAAAAJ,j8HRV1wAAAAJ,0.021843360736966133,0.0032539605163037777,False,Farhanna Mari,Bambang Suprianto
1hm7MM8AAAAJ,C_EGqeMAAAAJ,0.021841196343302727,0.006567537318915129,False,Reza Rahmadian,Namira Roudlotul Jannah
DrE0Lf8AAAAJ,jJBtZPgAAAAJ,0.021833840757608414,0.010744750499725342,False,Fresha Kharisma,Siska Puspitaningsih
AaC4eAwAAAAJ,RvG7jG4AAAAJ,0.02180432714521885,0.017342466861009598,False,Fadhilah Qalbi Annisa,I Made Suartana
OffRzhoAAAAJ,yObeL8gAAAAJ,0.021803325042128563,0.011633668094873428,False,Dwi Fatrianto Suyatno,I Gusti Putu Asto Buditjahjanto
hrVTt4kAAAAJ,z7RWDi0AAAAJ,0.021800687536597252,0.008531090803444386,False,Monica Cinthya,Tri Rijanto
5uDKOUMAAAAJ,W7ncZRgAAAAJ,0.021797407418489456,0.009130552411079407,False,Heri Purnawan,Hafid Kholidi Hadi
AX-w0AEAAAAJ,wlGfsB0AAAAJ,0.02179739810526371,0.009321801364421844,False,Hasanuddin Al-Habib,Salamun Rohman Nudin
MeGE8WAAAAAJ,qtFw9UMAAAAJ,0.021794110536575317,0.014479654841125011,False,Binti Kholifah,Bambang Sujatmiko
5uDKOUMAAAAJ,OwdLKtQAAAAJ,0.021786948665976524,0.004864067770540714,False,Heri Purnawan,Fitria
VwvPnrcAAAAJ,q-sbahIAAAAJ,0.02174236997961998,0.0018235791940242052,False,Nisa Dwi Septiyanti,Ulfa Siti Nuraini
6MXDzBQAAAAJ,JsEkeOsAAAAJ,0.021741725504398346,0.007166077848523855,False,Lilik Anifah,Ari Kurniawan
N40Vh64AAAAJ,p1pK7E4AAAAJ,0.02172641083598137,0.010420921258628368,False,Raden Roro Hapsari Peni Agustin T,Subuh Isnur Haryudo
ne31is4AAAAJ,q24bD6AAAAAJ,0.021720634773373604,0.010850410908460617,False,Danang Ary Dewangga,Martini Dwi Endah Susanti
4d_6xxEAAAAJ,ZRCJXO0AAAAJ,0.021701611578464508,0.013119995594024658,False,Ghea Sekar Palupi,Riska Dhenabayu
S6IJ51cAAAAJ,wlGfsB0AAAAJ,0.021690350025892258,0.00973582174628973,False,Unit Three Kartini,Salamun Rohman Nudin
DrE0Lf8AAAAJ,q24bD6AAAAAJ,0.021689090877771378,0.01872931234538555,False,Fresha Kharisma,Martini Dwi Endah Susanti
6f4j4TYAAAAJ,EBgY5K0AAAAJ,0.021688684821128845,0.008406264707446098,False,Mahendra Widyartono,Moch. Badrus Oleh
AX-w0AEAAAAJ,nbtuM4IAAAAJ,0.021688386797904968,0.007220700848847628,False,Hasanuddin Al-Habib,Parama Diptya Widayaka
OwdLKtQAAAAJ,Tp_X_bYAAAAJ,0.02168457768857479,0.003735146950930357,False,Fitria,Farid Baskoro
TAAC1-AAAAAJ,rnlvOfEAAAAJ,0.021682536229491234,0.0019665590953081846,False,I Gde Agung Sri Sidhimantra,Ibrohim
WdhKN0sAAAAJ,q-sbahIAAAAJ,0.021674541756510735,0.009597237221896648,False,Aditya Prapanca,Ulfa Siti Nuraini
C_EGqeMAAAAJ,N6RJilIAAAAJ,0.021673522889614105,0.014005034230649471,False,Namira Roudlotul Jannah,Anita Qoiriah
N6RJilIAAAAJ,yXy6kW0AAAAJ,0.021664561703801155,0.027992691844701767,False,Anita Qoiriah,Harun Al Rosyid
EBgY5K0AAAAJ,_n2j0ZAAAAAJ,0.021662896499037743,0.01717848889529705,False,Moch. Badrus Oleh,I Gusti Lanang Putra Eka Prismana
4VXQFKYAAAAJ,q24bD6AAAAAJ,0.02165689878165722,0.01583682745695114,False,Renny Sari Dewi,Martini Dwi Endah Susanti
L6O1lvkAAAAJ,W7ncZRgAAAAJ,0.02165261097252369,0.011540208011865616,False,Tri Wrahatnolo,Hafid Kholidi Hadi
2lw6P3IAAAAJ,p1pK7E4AAAAJ,0.021649474278092384,0.004999412223696709,False,Muhammad Febrilian Dwi Syahputra,Subuh Isnur Haryudo
A9L19RMAAAAJ,DrE0Lf8AAAAJ,0.021639300510287285,0.006743151694536209,False,Pradini Puspitaningayu,Fresha Kharisma
4d_6xxEAAAAJ,wwhACXoAAAAJ,0.021638398990035057,0.017753083258867264,False,Ghea Sekar Palupi,M Adamu Islam Mashuri
NO8mJucAAAAJ,aW1lSOYAAAAJ,0.021626964211463928,0.011555087752640247,False,Wahyu Sasongko Putro,Aditya Chandra Hermawan
AYI1rosAAAAJ,Smb2eg8AAAAJ,0.02162688784301281,0.00803034845739603,False,Nurhayati,Nanang Hoesen. H. A.
5nAJx9wAAAAJ,6RBIukkAAAAJ,0.021613633260130882,0.01795404963195324,False,Muhammad Fachmi,Yatim Riyanto
6MXDzBQAAAAJ,FZ00CQ8AAAAJ,0.02160489186644554,0.008645053021609783,False,Lilik Anifah,Rizky Basatha
AX-w0AEAAAAJ,Smb2eg8AAAAJ,0.02160162292420864,0.009405321441590786,True,Hasanuddin Al-Habib,Nanang Hoesen. H. A.
2lw6P3IAAAAJ,5nAJx9wAAAAJ,0.021590691059827805,0.014436773024499416,False,Muhammad Febrilian Dwi Syahputra,Muhammad Fachmi
DrE0Lf8AAAAJ,Tz8EfXcAAAAJ,0.02158622443675995,0.013755506835877895,False,Fresha Kharisma,Yuliani Puji Astuti
JsEkeOsAAAAJ,ZRCJXO0AAAAJ,0.021583877503871918,0.017128702253103256,False,Ari Kurniawan,Riska Dhenabayu
6f4j4TYAAAAJ,eEtHoOAAAAAJ,0.02157820761203766,0.016052279621362686,False,Mahendra Widyartono,Rahadian Bisma
jPKU5cAAAAAJ,ne31is4AAAAJ,0.02157190814614296,0.018529880791902542,False,Anggraeni Widya Purwita,Danang Ary Dewangga
_VFGVQQAAAAJ,nWPONc8AAAAJ,0.02156788669526577,0.002959439530968666,False,Berlian Maulidya Izzati,Lusia Rakhmawati
o4zdesUAAAAJ,zDgqPOsAAAAJ,0.02154858037829399,0.016329247504472733,False,Rakha Asyrofi,Mustaji
4d_6xxEAAAAJ,BIrtbD8AAAAJ,0.021535642445087433,0.0032836187165230513,False,Ghea Sekar Palupi,Ibnu Febry Kurniawan
R9rGmc4AAAAJ,Smb2eg8AAAAJ,0.02153545431792736,0.002423105761408806,False,Kartika Chandra Dewi,Nanang Hoesen. H. A.
2lw6P3IAAAAJ,6f4j4TYAAAAJ,0.021530697122216225,0.0053175147622823715,False,Muhammad Febrilian Dwi Syahputra,Mahendra Widyartono
b4_EdJYAAAAJ,itwnm-AAAAAJ,0.021526753902435303,0.004208349622786045,False,Moh. Khoridatul Huda,Achmad Fitro
34CwHgkAAAAJ,AaC4eAwAAAAJ,0.021525563672184944,0.0045708040706813335,False,Riza Akhsani Setyo Prayoga,Fadhilah Qalbi Annisa
_VFGVQQAAAAJ,nbtuM4IAAAAJ,0.02152392268180847,0.0016370932571589947,False,Berlian Maulidya Izzati,Parama Diptya Widayaka
Yw9l51IAAAAJ,nyyfjCgAAAAJ,0.021523328498005867,0.0012325140414759517,False,Riza Akhsani Setyo Prayoga,Rifqi Abdillah
Yw9l51IAAAAJ,ZRCJXO0AAAAJ,0.021519368514418602,0.0032333519775420427,False,Riza Akhsani Setyo Prayoga,Riska Dhenabayu
Tp_X_bYAAAAJ,q24bD6AAAAAJ,0.021502463147044182,0.011743230745196342,False,Farid Baskoro,Martini Dwi Endah Susanti
AaC4eAwAAAAJ,pb3-UjwAAAAJ,0.02150104008615017,0.015002119354903698,False,Fadhilah Qalbi Annisa,Moch Deny Pratama
-_VNTSIAAAAJ,YADiqesAAAAJ,0.02149832621216774,0.022941535338759422,False,Agus Prihanto,Ekohariadi
DrE0Lf8AAAAJ,ZRCJXO0AAAAJ,0.02149546518921852,0.010969587601721287,False,Fresha Kharisma,Riska Dhenabayu
-gGGkMcAAAAJ,p4gdgRgAAAAJ,0.02147667668759823,0.02811376377940178,False,Faris Abdi El Hakim,Rusijono
7EQjv9wAAAAJ,ZjPpHWsAAAAJ,0.02146577648818493,0.013003511354327202,False,Asmunin,Erik Rahman
hjllQ9gAAAAJ,q-sbahIAAAAJ,0.02146412990987301,0.007597680203616619,False,Nur Kholis,Ulfa Siti Nuraini
DsVi_OAAAAAJ,nVac1BcAAAAJ,0.021461591124534607,0.0023057006765156984,False,Nadia Nur Thahirrah,Rosita
6ifThF0AAAAJ,n7IAKI0AAAAJ,0.021461430937051773,0.004512086044996977,False,Ika Diyah Candra Arifah,Joko
5uDKOUMAAAAJ,Thp8jg0AAAAJ,0.021459268406033516,0.007269549649208784,False,Heri Purnawan,Dodik Arwin Dermawan
RvG7jG4AAAAJ,YADiqesAAAAJ,0.021458692848682404,0.01944144070148468,False,I Made Suartana,Ekohariadi
AYI1rosAAAAJ,JsEkeOsAAAAJ,0.021442903205752373,0.006403929553925991,False,Nurhayati,Ari Kurniawan
1xVR-fgAAAAJ,L6O1lvkAAAAJ,0.021440859884023666,0.007462234701961279,False,1xVR-fgAAAAJ,Tri Wrahatnolo
4VXQFKYAAAAJ,5uDKOUMAAAAJ,0.021426711231470108,0.004266803152859211,False,Renny Sari Dewi,Heri Purnawan
-_VNTSIAAAAJ,RNJ3vNQAAAAJ,0.02139231376349926,0.0056639621034264565,False,Agus Prihanto,Harmon Prayogi
W7ncZRgAAAAJ,q24bD6AAAAAJ,0.021379245445132256,0.019212540239095688,False,Hafid Kholidi Hadi,Martini Dwi Endah Susanti
6ifThF0AAAAJ,_ecYpyYAAAAJ,0.021378833800554276,0.0048988694325089455,False,Ika Diyah Candra Arifah,Dinda Galuh Guminta
1xVR-fgAAAAJ,CxdwNaYAAAAJ,0.02137325517833233,0.014027751982212067,False,1xVR-fgAAAAJ,Wiyli Yustanti
DrE0Lf8AAAAJ,n7IAKI0AAAAJ,0.021365337073802948,0.00565485330298543,False,Fresha Kharisma,Joko
5uDKOUMAAAAJ,bTjH6IgAAAAJ,0.021364623680710793,0.00954817421734333,False,Heri Purnawan,Achmad Kautsar
CxdwNaYAAAAJ,NO8mJucAAAAJ,0.02136392705142498,0.013648671098053455,False,Wiyli Yustanti,Wahyu Sasongko Putro
5nAJx9wAAAAJ,qtFw9UMAAAAJ,0.02135954611003399,0.016478678211569786,False,Muhammad Fachmi,Bambang Sujatmiko
-tpBKawAAAAJ,Mr22rjsAAAAJ,0.021338270977139473,0.0028632956091314554,False,Dimas Novian Aditia Syahputra,Hesti Khuzaimah Nurul Yusufiyah
lmlBHlsAAAAJ,wlGfsB0AAAAJ,0.021327052265405655,0.01486999075859785,False,Widi Aribowo,Salamun Rohman Nudin
LsydBAMAAAAJ,OffRzhoAAAAJ,0.02132558822631836,0.009979147464036942,False,Puput Wanarti Rusimamto,Dwi Fatrianto Suyatno
OffRzhoAAAAJ,zDgqPOsAAAAJ,0.021320832893252373,0.018729673698544502,False,Dwi Fatrianto Suyatno,Mustaji
S6IJ51cAAAAJ,o4zdesUAAAAJ,0.02131134271621704,0.02140132151544094,False,Unit Three Kartini,Rakha Asyrofi
1xVR-fgAAAAJ,9BWyE0UAAAAJ,0.021302152425050735,0.006239523645490408,False,1xVR-fgAAAAJ,Endryansyah
Y4YoRwUAAAAJ,zDgqPOsAAAAJ,0.02129649743437767,0.003004079917445779,False,Belgis Ainatul Iza,Mustaji
yXy6kW0AAAAJ,zDgqPOsAAAAJ,0.021295269951224327,0.022646216675639153,False,Harun Al Rosyid,Mustaji
-_VNTSIAAAAJ,4VXQFKYAAAAJ,0.02128446474671364,0.013721869327127934,False,Agus Prihanto,Renny Sari Dewi
-_VNTSIAAAAJ,9BWyE0UAAAAJ,0.021279290318489075,0.018616724759340286,False,Agus Prihanto,Endryansyah
W7ncZRgAAAAJ,YADiqesAAAAJ,0.021273167803883553,0.013011300005018711,False,Hafid Kholidi Hadi,Ekohariadi
C_EGqeMAAAAJ,CxdwNaYAAAAJ,0.02127210609614849,0.008634216152131557,False,Namira Roudlotul Jannah,Wiyli Yustanti
psg8hdoAAAAJ,q-sbahIAAAAJ,0.021267591044306755,0.002308630384504795,False,Bonda Sisephaputra,Ulfa Siti Nuraini
2lw6P3IAAAAJ,j8HRV1wAAAAJ,0.021266678348183632,0.005037951748818159,False,Muhammad Febrilian Dwi Syahputra,Bambang Suprianto
Yw9l51IAAAAJ,ne31is4AAAAJ,0.02125777117908001,0.006337407976388931,False,Riza Akhsani Setyo Prayoga,Danang Ary Dewangga
4VXQFKYAAAAJ,ZjPpHWsAAAAJ,0.021257612854242325,0.020379936322569847,False,Renny Sari Dewi,Erik Rahman
Mr22rjsAAAAJ,RvG7jG4AAAAJ,0.02123953029513359,0.007723018527030945,False,Hesti Khuzaimah Nurul Yusufiyah,I Made Suartana
Mr22rjsAAAAJ,OwdLKtQAAAAJ,0.021228251978754997,0.006912603508681059,False,Hesti Khuzaimah Nurul Yusufiyah,Fitria
nbtuM4IAAAAJ,o4zdesUAAAAJ,0.021213473752141,0.016279831528663635,False,Parama Diptya Widayaka,Rakha Asyrofi
jJBtZPgAAAAJ,p4gdgRgAAAAJ,0.021211758255958557,0.02158425748348236,False,Siska Puspitaningsih,Rusijono
ZRCJXO0AAAAJ,_ecYpyYAAAAJ,0.02120872214436531,0.006792379077523947,False,Riska Dhenabayu,Dinda Galuh Guminta
-_VNTSIAAAAJ,5nAJx9wAAAAJ,0.021197738125920296,0.023237138986587524,False,Agus Prihanto,Muhammad Fachmi
6RBIukkAAAAJ,wwhACXoAAAAJ,0.021186359226703644,0.016154343262314796,False,Yatim Riyanto,M Adamu Islam Mashuri
6f4j4TYAAAAJ,Jzuk6doAAAAJ,0.021181141957640648,0.016218094155192375,False,Mahendra Widyartono,Aries Dwi Indriyanti
DsVi_OAAAAAJ,p4gdgRgAAAAJ,0.021178295835852623,0.023721856996417046,False,Nadia Nur Thahirrah,Rusijono
-_VNTSIAAAAJ,OwdLKtQAAAAJ,0.021171240136027336,0.017542043700814247,False,Agus Prihanto,Fitria
OffRzhoAAAAJ,ZjPpHWsAAAAJ,0.02116510272026062,0.016146672889590263,False,Dwi Fatrianto Suyatno,Erik Rahman
DiBTIz4AAAAJ,hjllQ9gAAAAJ,0.021158134564757347,0.012456869706511497,False,Riskyana Dewi Intan P,Nur Kholis
OffRzhoAAAAJ,W7ncZRgAAAAJ,0.02115730568766594,0.026057429611682892,False,Dwi Fatrianto Suyatno,Hafid Kholidi Hadi
itwnm-AAAAAJ,wwhACXoAAAAJ,0.021156925708055496,0.010276684537529945,False,Achmad Fitro,M Adamu Islam Mashuri
4Yhmpg0AAAAJ,q24bD6AAAAAJ,0.021146180108189583,0.01604405790567398,False,Hujjatullah Fazlurrahman,Martini Dwi Endah Susanti
VwvPnrcAAAAJ,aW1lSOYAAAAJ,0.021137921139597893,0.005078763235360384,False,Nisa Dwi Septiyanti,Aditya Chandra Hermawan
OwdLKtQAAAAJ,yObeL8gAAAAJ,0.021113062277436256,0.004291051533073187,False,Fitria,I Gusti Putu Asto Buditjahjanto
OffRzhoAAAAJ,b4_EdJYAAAAJ,0.021100500598549843,0.011262444779276848,False,Dwi Fatrianto Suyatno,Moh. Khoridatul Huda
4VXQFKYAAAAJ,MeGE8WAAAAAJ,0.02109703980386257,0.013052057474851608,False,Renny Sari Dewi,Binti Kholifah
EBgY5K0AAAAJ,VwvPnrcAAAAJ,0.021093450486660004,0.03245575726032257,False,Moch. Badrus Oleh,Nisa Dwi Septiyanti
5uDKOUMAAAAJ,Tz8EfXcAAAAJ,0.021069901064038277,0.002718056086450815,False,Heri Purnawan,Yuliani Puji Astuti
BIrtbD8AAAAJ,LsydBAMAAAAJ,0.021068904548883438,0.010064315982162952,False,Ibnu Febry Kurniawan,Puput Wanarti Rusimamto
hrVTt4kAAAAJ,yObeL8gAAAAJ,0.021066660061478615,0.007833849638700485,False,Monica Cinthya,I Gusti Putu Asto Buditjahjanto
iFSMsegAAAAJ,wwhACXoAAAAJ,0.02106032893061638,0.005398372188210487,False,Elvira Wardah,M Adamu Islam Mashuri
nVac1BcAAAAJ,nbtuM4IAAAAJ,0.021052086725831032,0.0008565598400309682,False,Rosita,Parama Diptya Widayaka
pCyzpjgAAAAJ,wlGfsB0AAAAJ,0.021021472290158272,0.00950428657233715,False,Nurul Laili,Salamun Rohman Nudin
RNJ3vNQAAAAJ,_n2j0ZAAAAAJ,0.021021291613578796,0.004524011164903641,False,Harmon Prayogi,I Gusti Lanang Putra Eka Prismana
ZRCJXO0AAAAJ,o4zdesUAAAAJ,0.021006321534514427,0.003167727030813694,False,Riska Dhenabayu,Rakha Asyrofi
iFSMsegAAAAJ,qtFw9UMAAAAJ,0.02099892497062683,0.004588229116052389,False,Elvira Wardah,Bambang Sujatmiko
OffRzhoAAAAJ,dfwr-2YAAAAJ,0.02099784091114998,0.023187417536973953,False,Dwi Fatrianto Suyatno,Muhammad Fajar Wahyudi Rahman
nyyfjCgAAAAJ,pCyzpjgAAAAJ,0.02099768817424774,0.0014207132626324892,False,Rifqi Abdillah,Nurul Laili
dfwr-2YAAAAJ,q24bD6AAAAAJ,0.020978670567274094,0.01479859184473753,False,Muhammad Fajar Wahyudi Rahman,Martini Dwi Endah Susanti
-_VNTSIAAAAJ,6ifThF0AAAAJ,0.020974362269043922,0.014127932488918304,False,Agus Prihanto,Ika Diyah Candra Arifah
-tpBKawAAAAJ,q-sbahIAAAAJ,0.020952146500349045,0.0017259089509025216,False,Dimas Novian Aditia Syahputra,Ulfa Siti Nuraini
8wFXNjYAAAAJ,jPKU5cAAAAAJ,0.02093217708170414,0.00759908789768815,False,Naim Rochmawati,Anggraeni Widya Purwita
lFCI_vsAAAAJ,n7ykK-IAAAAJ,0.02090565860271454,0.013156966306269169,False,Atik Wintarti,Dhiyan Septa Wihara
OwdLKtQAAAAJ,RES4QIQAAAAJ,0.02089914306998253,0.0028894708957523108,False,Fitria,Arif Widodo
-gGGkMcAAAAJ,Mr22rjsAAAAJ,0.02089505083858967,0.005591354798525572,False,Faris Abdi El Hakim,Hesti Khuzaimah Nurul Yusufiyah
6MXDzBQAAAAJ,7EQjv9wAAAAJ,0.02088174596428871,0.007987397722899914,False,Lilik Anifah,Asmunin
AjvtBWIAAAAJ,OffRzhoAAAAJ,0.02087225578725338,0.012200409546494484,False,Siti Masitoh,Dwi Fatrianto Suyatno
DsVi_OAAAAAJ,p1pK7E4AAAAJ,0.020865395665168762,0.009404880926012993,False,Nadia Nur Thahirrah,Subuh Isnur Haryudo
nbtuM4IAAAAJ,q-sbahIAAAAJ,0.02085942029953003,0.008956602774560452,False,Parama Diptya Widayaka,Ulfa Siti Nuraini
1xVR-fgAAAAJ,LsydBAMAAAAJ,0.02085890807211399,0.010670922696590424,False,1xVR-fgAAAAJ,Puput Wanarti Rusimamto
-tpBKawAAAAJ,6MXDzBQAAAAJ,0.020846905186772346,0.004255007486790419,False,Dimas Novian Aditia Syahputra,Lilik Anifah
OwdLKtQAAAAJ,p1pK7E4AAAAJ,0.020840972661972046,0.0040725902654230595,False,Fitria,Subuh Isnur Haryudo
MeGE8WAAAAAJ,Yw9l51IAAAAJ,0.020824743434786797,0.007839992642402649,False,Binti Kholifah,Riza Akhsani Setyo Prayoga
qtFw9UMAAAAJ,tzjThtIAAAAJ,0.02081751450896263,0.010520588606595993,False,Bambang Sujatmiko,Elly Matul Imah
b81qaDkAAAAJ,yXy6kW0AAAAJ,0.020807359367609024,0.017419397830963135,False,Anita Safitri,Harun Al Rosyid
Y4YoRwUAAAAJ,hrVTt4kAAAAJ,0.02079147659242153,0.0023673498071730137,False,Belgis Ainatul Iza,Monica Cinthya
1xVR-fgAAAAJ,8wFXNjYAAAAJ,0.0207713283598423,0.0148064736276865,False,1xVR-fgAAAAJ,Naim Rochmawati
4VXQFKYAAAAJ,n7IAKI0AAAAJ,0.020766589790582657,0.003518433077260852,False,Renny Sari Dewi,Joko
_VFGVQQAAAAJ,ne31is4AAAAJ,0.020764190703630447,0.01581237092614174,False,Berlian Maulidya Izzati,Danang Ary Dewangga
Mr22rjsAAAAJ,hrVTt4kAAAAJ,0.020750651136040688,0.005719169043004513,False,Hesti Khuzaimah Nurul Yusufiyah,Monica Cinthya
Tz8EfXcAAAAJ,WdhKN0sAAAAJ,0.020747831091284752,0.005792996846139431,False,Yuliani Puji Astuti,Aditya Prapanca
Mr22rjsAAAAJ,NO8mJucAAAAJ,0.02074115164577961,0.005903496872633696,False,Hesti Khuzaimah Nurul Yusufiyah,Wahyu Sasongko Putro
R9rGmc4AAAAJ,eEtHoOAAAAAJ,0.02073991298675537,0.0026482397224754095,False,Kartika Chandra Dewi,Rahadian Bisma
4d_6xxEAAAAJ,Tz8EfXcAAAAJ,0.020739713683724403,0.016374675557017326,False,Ghea Sekar Palupi,Yuliani Puji Astuti
6RBIukkAAAAJ,tzjThtIAAAAJ,0.020732564851641655,0.009192101657390594,False,Yatim Riyanto,Elly Matul Imah
AjvtBWIAAAAJ,DsVi_OAAAAAJ,0.020730845630168915,0.023427780717611313,False,Siti Masitoh,Nadia Nur Thahirrah
6f4j4TYAAAAJ,FZ00CQ8AAAAJ,0.020722517743706703,0.01244537066668272,False,Mahendra Widyartono,Rizky Basatha
Mr22rjsAAAAJ,hn5jrnAAAAAJ,0.02071327343583107,0.011520822532474995,False,Hesti Khuzaimah Nurul Yusufiyah,Yuni Yamasari
_ecYpyYAAAAJ,psg8hdoAAAAJ,0.0207115076482296,0.004318884573876858,False,Dinda Galuh Guminta,Bonda Sisephaputra
n7ykK-IAAAAJ,wEGsLv4AAAAJ,0.02070697210729122,0.008188525214791298,False,Dhiyan Septa Wihara,Ike Fitriyaningsih
jJBtZPgAAAAJ,nbtuM4IAAAAJ,0.02070455066859722,0.0027901134453713894,False,Siska Puspitaningsih,Parama Diptya Widayaka
pCyzpjgAAAAJ,qtFw9UMAAAAJ,0.020695770159363747,0.010618384927511215,False,Nurul Laili,Bambang Sujatmiko
-gGGkMcAAAAJ,wEGsLv4AAAAJ,0.020680345594882965,0.012047795578837395,False,Faris Abdi El Hakim,Ike Fitriyaningsih
BIrtbD8AAAAJ,z7RWDi0AAAAJ,0.020654654130339622,0.006218172609806061,False,Ibnu Febry Kurniawan,Tri Rijanto
Yw9l51IAAAAJ,ZBAnb64AAAAJ,0.0206509567797184,0.0025032199919223785,False,Riza Akhsani Setyo Prayoga,Ardhini Warih Utami
MeGE8WAAAAAJ,dfwr-2YAAAAJ,0.020640937611460686,0.012032917700707912,False,Binti Kholifah,Muhammad Fajar Wahyudi Rahman
MnI3Tm0AAAAJ,n7ykK-IAAAAJ,0.020637013018131256,0.002848129952326417,False,Sayyidul Aulia Alamsyah,Dhiyan Septa Wihara
LeRoniwAAAAJ,yObeL8gAAAAJ,0.020628709346055984,0.0034585322719067335,False,Farhanna Mari,I Gusti Putu Asto Buditjahjanto
A9L19RMAAAAJ,R9rGmc4AAAAJ,0.020628415048122406,0.0015488447388634086,False,Pradini Puspitaningayu,Kartika Chandra Dewi
Tz8EfXcAAAAJ,j8HRV1wAAAAJ,0.02062404155731201,0.0026321669574826956,False,Yuliani Puji Astuti,Bambang Suprianto
hjllQ9gAAAAJ,n7ykK-IAAAAJ,0.020614946261048317,0.0077578229829669,False,Nur Kholis,Dhiyan Septa Wihara
4VXQFKYAAAAJ,Yw9l51IAAAAJ,0.020613040775060654,0.00269811088219285,False,Renny Sari Dewi,Riza Akhsani Setyo Prayoga
4d_6xxEAAAAJ,C_EGqeMAAAAJ,0.02061118185520172,0.006651869043707848,False,Ghea Sekar Palupi,Namira Roudlotul Jannah
DsVi_OAAAAAJ,sHANI1gAAAAJ,0.020602243021130562,0.00463214423507452,False,Nadia Nur Thahirrah,Rifqi Firmansyah
DsVi_OAAAAAJ,yXy6kW0AAAAJ,0.020601237192749977,0.023864945396780968,False,Nadia Nur Thahirrah,Harun Al Rosyid
2lw6P3IAAAAJ,sHANI1gAAAAJ,0.020600831136107445,0.0024442188441753387,False,Muhammad Febrilian Dwi Syahputra,Rifqi Firmansyah
N40Vh64AAAAJ,qtFw9UMAAAAJ,0.020594138652086258,0.006699515040963888,False,Raden Roro Hapsari Peni Agustin T,Bambang Sujatmiko
Mr22rjsAAAAJ,N6RJilIAAAAJ,0.020586561411619186,0.013728752732276917,False,Hesti Khuzaimah Nurul Yusufiyah,Anita Qoiriah
FZ00CQ8AAAAJ,rnlvOfEAAAAJ,0.02058500237762928,0.0022332246880978346,False,Rizky Basatha,Ibrohim
TAAC1-AAAAAJ,_ecYpyYAAAAJ,0.020579826086759567,0.003740334417670965,False,I Gde Agung Sri Sidhimantra,Dinda Galuh Guminta
lmlBHlsAAAAJ,n7ykK-IAAAAJ,0.02057766541838646,0.007831551134586334,False,Widi Aribowo,Dhiyan Septa Wihara
OwdLKtQAAAAJ,wEGsLv4AAAAJ,0.020573031157255173,0.021303826943039894,False,Fitria,Ike Fitriyaningsih
R9rGmc4AAAAJ,nbtuM4IAAAAJ,0.020543349906802177,0.0013325759209692478,False,Kartika Chandra Dewi,Parama Diptya Widayaka
-gGGkMcAAAAJ,5nAJx9wAAAAJ,0.020537417382001877,0.012546383775770664,False,Faris Abdi El Hakim,Muhammad Fachmi
BIrtbD8AAAAJ,WdhKN0sAAAAJ,0.020528525114059448,0.01133712101727724,False,Ibnu Febry Kurniawan,Aditya Prapanca
4Yhmpg0AAAAJ,b4_EdJYAAAAJ,0.020520774647593498,0.007929555140435696,False,Hujjatullah Fazlurrahman,Moh. Khoridatul Huda
RvG7jG4AAAAJ,itwnm-AAAAAJ,0.020520225167274475,0.012069152668118477,False,I Made Suartana,Achmad Fitro
8wFXNjYAAAAJ,VwvPnrcAAAAJ,0.020512286573648453,0.00698101706802845,False,Naim Rochmawati,Nisa Dwi Septiyanti
o4zdesUAAAAJ,p1pK7E4AAAAJ,0.020512018352746964,0.02484133094549179,False,Rakha Asyrofi,Subuh Isnur Haryudo
6RBIukkAAAAJ,q-sbahIAAAAJ,0.020493727177381516,0.0022772590164095163,False,Yatim Riyanto,Ulfa Siti Nuraini
AYI1rosAAAAJ,q24bD6AAAAAJ,0.020489173009991646,0.00851148460060358,False,Nurhayati,Martini Dwi Endah Susanti
EBgY5K0AAAAJ,YADiqesAAAAJ,0.020487483590841293,0.007758965250104666,False,Moch. Badrus Oleh,Ekohariadi
7EQjv9wAAAAJ,DsVi_OAAAAAJ,0.020485714077949524,0.018805377185344696,False,Asmunin,Nadia Nur Thahirrah
-_VNTSIAAAAJ,4Yhmpg0AAAAJ,0.02048494666814804,0.014961066655814648,False,Agus Prihanto,Hujjatullah Fazlurrahman
A9L19RMAAAAJ,W7ncZRgAAAAJ,0.020483678206801414,0.006827852223068476,False,Pradini Puspitaningayu,Hafid Kholidi Hadi
-tpBKawAAAAJ,z7RWDi0AAAAJ,0.02047760598361492,0.006908147130161524,False,Dimas Novian Aditia Syahputra,Tri Rijanto
1xVR-fgAAAAJ,Hl6bqU8AAAAJ,0.02046894282102585,0.010690320283174515,False,1xVR-fgAAAAJ,Rindu Puspita Wibawa
4d_6xxEAAAAJ,EBgY5K0AAAAJ,0.02046370692551136,0.022427363321185112,False,Ghea Sekar Palupi,Moch. Badrus Oleh
RNJ3vNQAAAAJ,y_OiarcAAAAJ,0.020437858998775482,0.003648781683295965,False,Harmon Prayogi,Yandhika Surya Akbar Gumilang
Tz8EfXcAAAAJ,yObeL8gAAAAJ,0.020435312762856483,0.00282361195422709,False,Yuliani Puji Astuti,I Gusti Putu Asto Buditjahjanto
MeGE8WAAAAAJ,OwdLKtQAAAAJ,0.020421702414751053,0.023288512602448463,False,Binti Kholifah,Fitria
Yw9l51IAAAAJ,rnlvOfEAAAAJ,0.020420536398887634,0.0043953703716397285,False,Riza Akhsani Setyo Prayoga,Ibrohim
j8HRV1wAAAAJ,q24bD6AAAAAJ,0.02041357383131981,0.012230009771883488,False,Bambang Suprianto,Martini Dwi Endah Susanti
VNrCn4gAAAAJ,hn5jrnAAAAAJ,0.02039187401533127,0.003552783513441682,False,Ersha Aisyah Elfaiz,Yuni Yamasari
aW1lSOYAAAAJ,y_OiarcAAAAJ,0.020390309393405914,0.017135459929704666,False,Aditya Chandra Hermawan,Yandhika Surya Akbar Gumilang
NO8mJucAAAAJ,lmlBHlsAAAAJ,0.020385678857564926,0.007008813787251711,False,Wahyu Sasongko Putro,Widi Aribowo
7EQjv9wAAAAJ,YADiqesAAAAJ,0.020375670865178108,0.011562183499336243,False,Asmunin,Ekohariadi
nVac1BcAAAAJ,yXy6kW0AAAAJ,0.020371731370687485,0.0034153868909925222,False,Rosita,Harun Al Rosyid
AX-w0AEAAAAJ,DrE0Lf8AAAAJ,0.02036299742758274,0.00868930108845234,False,Hasanuddin Al-Habib,Fresha Kharisma
9BWyE0UAAAAJ,bTjH6IgAAAAJ,0.020348606631159782,0.01166203897446394,False,Endryansyah,Achmad Kautsar
VwvPnrcAAAAJ,ZjPpHWsAAAAJ,0.020345397293567657,0.017283106222748756,False,Nisa Dwi Septiyanti,Erik Rahman
AYI1rosAAAAJ,EBgY5K0AAAAJ,0.020338956266641617,0.004188974387943745,False,Nurhayati,Moch. Badrus Oleh
DiBTIz4AAAAJ,N6RJilIAAAAJ,0.020336613059043884,0.03969566896557808,False,Riskyana Dewi Intan P,Anita Qoiriah
DsVi_OAAAAAJ,IJIEntMAAAAJ,0.02030976675450802,0.015375161543488503,False,Nadia Nur Thahirrah,Yeni Anistyasari
Hl6bqU8AAAAJ,rnlvOfEAAAAJ,0.020309479907155037,0.002345676301047206,False,Rindu Puspita Wibawa,Ibrohim
5nAJx9wAAAAJ,7EQjv9wAAAAJ,0.020305411890149117,0.025593331083655357,False,Muhammad Fachmi,Asmunin
OffRzhoAAAAJ,wwhACXoAAAAJ,0.02030262164771557,0.01772228255867958,False,Dwi Fatrianto Suyatno,M Adamu Islam Mashuri
Y4YoRwUAAAAJ,tzjThtIAAAAJ,0.020292887464165688,0.007575181312859058,False,Belgis Ainatul Iza,Elly Matul Imah
-BuJoD0AAAAJ,5uDKOUMAAAAJ,0.02028852328658104,0.006391431670635939,False,Ratih Amelia,Heri Purnawan
OffRzhoAAAAJ,_VFGVQQAAAAJ,0.020274510607123375,0.015810634940862656,False,Dwi Fatrianto Suyatno,Berlian Maulidya Izzati
nVac1BcAAAAJ,o4zdesUAAAAJ,0.020245641469955444,0.0023145019076764584,False,Rosita,Rakha Asyrofi
DsVi_OAAAAAJ,N6RJilIAAAAJ,0.020243141800165176,0.020494582131505013,False,Nadia Nur Thahirrah,Anita Qoiriah
6f4j4TYAAAAJ,UL2-upoAAAAJ,0.020238926634192467,0.006558089982718229,False,Mahendra Widyartono,Dana Azizah Rahmat
eEtHoOAAAAAJ,ne31is4AAAAJ,0.020236162468791008,0.01624324358999729,False,Rahadian Bisma,Danang Ary Dewangga
9BWyE0UAAAAJ,cY1QGVEAAAAJ,0.020223144441843033,0.010449868626892567,False,Endryansyah,Muhammad Sonhaji Akbar
_VFGVQQAAAAJ,p4gdgRgAAAAJ,0.020221130922436714,0.011880307458341122,False,Berlian Maulidya Izzati,Rusijono
A9L19RMAAAAJ,nVac1BcAAAAJ,0.02022036537528038,0.0010028149699792266,False,Pradini Puspitaningayu,Rosita
DrE0Lf8AAAAJ,YADiqesAAAAJ,0.020220134407281876,0.013174166902899742,False,Fresha Kharisma,Ekohariadi
b81qaDkAAAAJ,q-sbahIAAAAJ,0.020217688754200935,0.0017188912024721503,False,Anita Safitri,Ulfa Siti Nuraini
C_EGqeMAAAAJ,hjllQ9gAAAAJ,0.020211605355143547,0.005797628313302994,False,Namira Roudlotul Jannah,Nur Kholis
b81qaDkAAAAJ,tzjThtIAAAAJ,0.02020459994673729,0.00585121801123023,False,Anita Safitri,Elly Matul Imah
L6O1lvkAAAAJ,XdEn69YAAAAJ,0.020199550315737724,0.010776310227811337,False,Tri Wrahatnolo,Cendra Devayana Putra
Y4YoRwUAAAAJ,n7ykK-IAAAAJ,0.020196862518787384,0.0015402901917696,False,Belgis Ainatul Iza,Dhiyan Septa Wihara
-tpBKawAAAAJ,yObeL8gAAAAJ,0.02017413266003132,0.0051007806323468685,False,Dimas Novian Aditia Syahputra,I Gusti Putu Asto Buditjahjanto
VNrCn4gAAAAJ,p4gdgRgAAAAJ,0.020163271576166153,0.004669691435992718,False,Ersha Aisyah Elfaiz,Rusijono
BIrtbD8AAAAJ,TAAC1-AAAAAJ,0.020155951380729675,0.0019152387976646423,False,Ibnu Febry Kurniawan,I Gde Agung Sri Sidhimantra
R9rGmc4AAAAJ,hjllQ9gAAAAJ,0.020147064700722694,0.0017936534713953733,False,Kartika Chandra Dewi,Nur Kholis
R9rGmc4AAAAJ,i0pkJZoAAAAJ,0.0201409962028265,0.0024301877710968256,False,Kartika Chandra Dewi,Yuni Rosita Dewi
-tpBKawAAAAJ,nVac1BcAAAAJ,0.020137278363108635,0.002689491957426071,False,Dimas Novian Aditia Syahputra,Rosita
DsVi_OAAAAAJ,pb3-UjwAAAAJ,0.02012971043586731,0.004153580404818058,False,Nadia Nur Thahirrah,Moch Deny Pratama
LeRoniwAAAAJ,LsydBAMAAAAJ,0.020126668736338615,0.003661727299913764,False,Farhanna Mari,Puput Wanarti Rusimamto
OffRzhoAAAAJ,ZhJ08JkAAAAJ,0.020121702924370766,0.016875289380550385,False,Dwi Fatrianto Suyatno,Bachtiar Syaiful Bachri
6f4j4TYAAAAJ,OffRzhoAAAAJ,0.02011457271873951,0.013970169238746166,False,Mahendra Widyartono,Dwi Fatrianto Suyatno
-gGGkMcAAAAJ,p1pK7E4AAAAJ,0.02010713890194893,0.007364027202129364,False,Faris Abdi El Hakim,Subuh Isnur Haryudo
AX-w0AEAAAAJ,nVac1BcAAAAJ,0.020098473876714706,0.0061065214686095715,False,Hasanuddin Al-Habib,Rosita
5uDKOUMAAAAJ,LeRoniwAAAAJ,0.02008773945271969,0.0027990557719022036,False,Heri Purnawan,Farhanna Mari
WdhKN0sAAAAJ,yXy6kW0AAAAJ,0.020076163113117218,0.018803182989358902,False,Aditya Prapanca,Harun Al Rosyid
2lw6P3IAAAAJ,AX-w0AEAAAAJ,0.02007259987294674,0.008789961226284504,False,Muhammad Febrilian Dwi Syahputra,Hasanuddin Al-Habib
jJBtZPgAAAAJ,pb3-UjwAAAAJ,0.02007163316011429,0.0037031518295407295,False,Siska Puspitaningsih,Moch Deny Pratama
W7ncZRgAAAAJ,b4_EdJYAAAAJ,0.02006962150335312,0.008249691687524319,False,Hafid Kholidi Hadi,Moh. Khoridatul Huda
N40Vh64AAAAJ,zDgqPOsAAAAJ,0.02006518840789795,0.0073027159087359905,False,Raden Roro Hapsari Peni Agustin T,Mustaji
EBgY5K0AAAAJ,N6RJilIAAAAJ,0.020055832341313362,0.01600482501089573,False,Moch. Badrus Oleh,Anita Qoiriah
NO8mJucAAAAJ,zDgqPOsAAAAJ,0.020055659115314484,0.016282349824905396,True,Wahyu Sasongko Putro,Mustaji
AaC4eAwAAAAJ,cY1QGVEAAAAJ,0.020047998055815697,0.010940573178231716,False,Fadhilah Qalbi Annisa,Muhammad Sonhaji Akbar
cPj-iOIAAAAJ,wEGsLv4AAAAJ,0.020036036148667336,0.0071863275952637196,False,Ricky Eka Putra,Ike Fitriyaningsih
VNrCn4gAAAAJ,_VFGVQQAAAAJ,0.020032992586493492,0.004131537862122059,False,Ersha Aisyah Elfaiz,Berlian Maulidya Izzati
6ifThF0AAAAJ,YADiqesAAAAJ,0.02002645470201969,0.010382380336523056,False,Ika Diyah Candra Arifah,Ekohariadi
6MXDzBQAAAAJ,Smb2eg8AAAAJ,0.02002326026558876,0.009130163118243217,False,Lilik Anifah,Nanang Hoesen. H. A.
DrE0Lf8AAAAJ,yXy6kW0AAAAJ,0.020010584965348244,0.026055263355374336,False,Fresha Kharisma,Harun Al Rosyid
5nAJx9wAAAAJ,6ifThF0AAAAJ,0.020009594038128853,0.020046759396791458,False,Muhammad Fachmi,Ika Diyah Candra Arifah
ZRCJXO0AAAAJ,lFCI_vsAAAAJ,0.02000611647963524,0.008178053423762321,False,Riska Dhenabayu,Atik Wintarti
JsEkeOsAAAAJ,_ecYpyYAAAAJ,0.019995708018541336,0.008999367244541645,False,Ari Kurniawan,Dinda Galuh Guminta
N6RJilIAAAAJ,wEGsLv4AAAAJ,0.019985858350992203,0.013201897963881493,False,Anita Qoiriah,Ike Fitriyaningsih
2lw6P3IAAAAJ,p4gdgRgAAAAJ,0.019984576851129532,0.01974910870194435,False,Muhammad Febrilian Dwi Syahputra,Rusijono
-_VNTSIAAAAJ,DrE0Lf8AAAAJ,0.01998007670044899,0.01432881411164999,False,Agus Prihanto,Fresha Kharisma
NO8mJucAAAAJ,qtFw9UMAAAAJ,0.0199752114713192,0.01418324001133442,False,Wahyu Sasongko Putro,Bambang Sujatmiko
pb3-UjwAAAAJ,tzjThtIAAAAJ,0.019968191161751747,0.017112774774432182,False,Moch Deny Pratama,Elly Matul Imah
VwvPnrcAAAAJ,nVac1BcAAAAJ,0.019959693774580956,0.002890367992222309,False,Nisa Dwi Septiyanti,Rosita
A9L19RMAAAAJ,eEtHoOAAAAAJ,0.019947189837694168,0.005309437867254019,False,Pradini Puspitaningayu,Rahadian Bisma
Iq3gzh4AAAAJ,ZRCJXO0AAAAJ,0.019942766055464745,0.009983470663428307,False,Andi Mariono,Riska Dhenabayu
wEGsLv4AAAAJ,zDgqPOsAAAAJ,0.01992477849125862,0.011031165719032288,False,Ike Fitriyaningsih,Mustaji
DsVi_OAAAAAJ,OffRzhoAAAAJ,0.019923755899071693,0.019014893099665642,False,Nadia Nur Thahirrah,Dwi Fatrianto Suyatno
AX-w0AEAAAAJ,NO8mJucAAAAJ,0.019898194819688797,0.011283925734460354,False,Hasanuddin Al-Habib,Wahyu Sasongko Putro
-BuJoD0AAAAJ,ne31is4AAAAJ,0.019886592403054237,0.02062559686601162,False,Ratih Amelia,Danang Ary Dewangga
BIrtbD8AAAAJ,cY1QGVEAAAAJ,0.019878167659044266,0.004257899709045887,False,Ibnu Febry Kurniawan,Muhammad Sonhaji Akbar
Tz8EfXcAAAAJ,p1pK7E4AAAAJ,0.019876910373568535,0.002735069952905178,False,Yuliani Puji Astuti,Subuh Isnur Haryudo
C_EGqeMAAAAJ,_ecYpyYAAAAJ,0.019870050251483917,0.010189858265221119,False,Namira Roudlotul Jannah,Dinda Galuh Guminta
ZBAnb64AAAAJ,itwnm-AAAAAJ,0.0198687594383955,0.011411597952246666,False,Ardhini Warih Utami,Achmad Fitro
4VXQFKYAAAAJ,_ecYpyYAAAAJ,0.019860872998833656,0.0051841395907104015,False,Renny Sari Dewi,Dinda Galuh Guminta
AaC4eAwAAAAJ,S6IJ51cAAAAJ,0.019856339320540428,0.01296121347695589,False,Fadhilah Qalbi Annisa,Unit Three Kartini
-gGGkMcAAAAJ,TB0QfMoAAAAJ,0.019854307174682617,0.005671173799782991,False,Faris Abdi El Hakim,Miftahur Rohman
-BuJoD0AAAAJ,MeGE8WAAAAAJ,0.019849110394716263,0.015849119052290916,False,Ratih Amelia,Binti Kholifah
Iq3gzh4AAAAJ,Mr22rjsAAAAJ,0.0198468379676342,0.003951575607061386,False,Andi Mariono,Hesti Khuzaimah Nurul Yusufiyah
ZjPpHWsAAAAJ,lFCI_vsAAAAJ,0.019845742732286453,0.016620375216007233,False,Erik Rahman,Atik Wintarti
N6RJilIAAAAJ,NO8mJucAAAAJ,0.01984243094921112,0.021726077422499657,False,Anita Qoiriah,Wahyu Sasongko Putro
iFSMsegAAAAJ,p4gdgRgAAAAJ,0.019841384142637253,0.006183631718158722,False,Elvira Wardah,Rusijono
iFSMsegAAAAJ,jJBtZPgAAAAJ,0.01982959173619747,0.007946068421006203,False,Elvira Wardah,Siska Puspitaningsih
aW1lSOYAAAAJ,hrVTt4kAAAAJ,0.019829168915748596,0.017414595931768417,False,Aditya Chandra Hermawan,Monica Cinthya
iFSMsegAAAAJ,psg8hdoAAAAJ,0.019823146983981133,0.0030452280770987272,False,Elvira Wardah,Bonda Sisephaputra
MeGE8WAAAAAJ,nyyfjCgAAAAJ,0.019822396337985992,0.0036439395043998957,False,Binti Kholifah,Rifqi Abdillah
6f4j4TYAAAAJ,o4zdesUAAAAJ,0.019817078486084938,0.026084359735250473,False,Mahendra Widyartono,Rakha Asyrofi
7EQjv9wAAAAJ,n7IAKI0AAAAJ,0.0198123250156641,0.004817601293325424,False,Asmunin,Joko
AX-w0AEAAAAJ,S6IJ51cAAAAJ,0.019803358241915703,0.009129278361797333,False,Hasanuddin Al-Habib,Unit Three Kartini
EBgY5K0AAAAJ,ZBAnb64AAAAJ,0.019800635054707527,0.018751559779047966,False,Moch. Badrus Oleh,Ardhini Warih Utami
RES4QIQAAAAJ,q24bD6AAAAAJ,0.019794631749391556,0.00893030222505331,False,Arif Widodo,Martini Dwi Endah Susanti
MZCJPuIAAAAJ,wEGsLv4AAAAJ,0.01977815106511116,0.006811249069869518,False,Fajar Arianto,Ike Fitriyaningsih
DsVi_OAAAAAJ,ZBAnb64AAAAJ,0.019777508452534676,0.015472673811018467,False,Nadia Nur Thahirrah,Ardhini Warih Utami
-gGGkMcAAAAJ,Tp_X_bYAAAAJ,0.0197711531072855,0.007013154216110706,False,Faris Abdi El Hakim,Farid Baskoro
-tpBKawAAAAJ,rnlvOfEAAAAJ,0.019767457619309425,0.0027825587894767523,False,Dimas Novian Aditia Syahputra,Ibrohim
AX-w0AEAAAAJ,i0pkJZoAAAAJ,0.0197670329362154,0.007516159676015377,False,Hasanuddin Al-Habib,Yuni Rosita Dewi
pCyzpjgAAAAJ,q-sbahIAAAAJ,0.019739948213100433,0.0038128311280161142,False,Nurul Laili,Ulfa Siti Nuraini
EBgY5K0AAAAJ,b4_EdJYAAAAJ,0.019733110442757607,0.01249390747398138,False,Moch. Badrus Oleh,Moh. Khoridatul Huda
Y4YoRwUAAAAJ,iFSMsegAAAAJ,0.019730782136321068,0.010887746699154377,False,Belgis Ainatul Iza,Elvira Wardah
DsVi_OAAAAAJ,_n2j0ZAAAAAJ,0.019730372354388237,0.014563646167516708,False,Nadia Nur Thahirrah,I Gusti Lanang Putra Eka Prismana
EBgY5K0AAAAJ,OffRzhoAAAAJ,0.019718948751688004,0.018802383914589882,False,Moch. Badrus Oleh,Dwi Fatrianto Suyatno
R9rGmc4AAAAJ,b81qaDkAAAAJ,0.019717777147889137,0.0022972996812313795,False,Kartika Chandra Dewi,Anita Safitri
Thp8jg0AAAAJ,Y4YoRwUAAAAJ,0.01971517875790596,0.0014968884643167257,False,Dodik Arwin Dermawan,Belgis Ainatul Iza
Y4YoRwUAAAAJ,nyyfjCgAAAAJ,0.019703257828950882,0.0031982429791241884,False,Belgis Ainatul Iza,Rifqi Abdillah
1xVR-fgAAAAJ,pb3-UjwAAAAJ,0.01969738118350506,0.004507348407059908,False,1xVR-fgAAAAJ,Moch Deny Pratama
_ecYpyYAAAAJ,yXy6kW0AAAAJ,0.019695080816745758,0.010591584257781506,False,Dinda Galuh Guminta,Harun Al Rosyid
lFCI_vsAAAAJ,nVac1BcAAAAJ,0.019691063091158867,0.0037642756942659616,False,Atik Wintarti,Rosita
-tpBKawAAAAJ,LsydBAMAAAAJ,0.019684063270688057,0.005079533904790878,False,Dimas Novian Aditia Syahputra,Puput Wanarti Rusimamto
LsydBAMAAAAJ,Smb2eg8AAAAJ,0.019673028960824013,0.010215709917247295,False,Puput Wanarti Rusimamto,Nanang Hoesen. H. A.
5nAJx9wAAAAJ,lFCI_vsAAAAJ,0.019665682688355446,0.017505640164017677,False,Muhammad Fachmi,Atik Wintarti
R9rGmc4AAAAJ,qtFw9UMAAAAJ,0.01966133527457714,0.002725972095504403,False,Kartika Chandra Dewi,Bambang Sujatmiko
6f4j4TYAAAAJ,Smb2eg8AAAAJ,0.019658779725432396,0.013115273788571358,False,Mahendra Widyartono,Nanang Hoesen. H. A.
Y4YoRwUAAAAJ,cY1QGVEAAAAJ,0.019655805081129074,0.0019127140985801816,False,Belgis Ainatul Iza,Muhammad Sonhaji Akbar
1xVR-fgAAAAJ,OwdLKtQAAAAJ,0.019655123353004456,0.007799999322742224,False,1xVR-fgAAAAJ,Fitria
-_VNTSIAAAAJ,W7ncZRgAAAAJ,0.019647857174277306,0.014624052681028843,False,Agus Prihanto,Hafid Kholidi Hadi
MnI3Tm0AAAAJ,o4zdesUAAAAJ,0.01963868737220764,0.010290432721376419,False,Sayyidul Aulia Alamsyah,Rakha Asyrofi
BIrtbD8AAAAJ,b81qaDkAAAAJ,0.019615240395069122,0.002354378579184413,False,Ibnu Febry Kurniawan,Anita Safitri
AYI1rosAAAAJ,b4_EdJYAAAAJ,0.01961151883006096,0.0027651856653392315,False,Nurhayati,Moh. Khoridatul Huda
-tpBKawAAAAJ,9BWyE0UAAAAJ,0.019611427560448647,0.0025909487158060074,False,Dimas Novian Aditia Syahputra,Endryansyah
6f4j4TYAAAAJ,Em3aIV0AAAAJ,0.01960947923362255,0.016216760501265526,False,Mahendra Widyartono,Ramadhan Cakra Wibawa
6RBIukkAAAAJ,jJBtZPgAAAAJ,0.019604474306106567,0.016187286004424095,False,Yatim Riyanto,Siska Puspitaningsih
BIrtbD8AAAAJ,psg8hdoAAAAJ,0.01960342936217785,0.0030817529186606407,False,Ibnu Febry Kurniawan,Bonda Sisephaputra
Yw9l51IAAAAJ,hn5jrnAAAAAJ,0.01960304193198681,0.003112718928605318,False,Riza Akhsani Setyo Prayoga,Yuni Yamasari
34CwHgkAAAAJ,DiBTIz4AAAAJ,0.019597584381699562,0.00579275144264102,False,Riza Akhsani Setyo Prayoga,Riskyana Dewi Intan P
C_EGqeMAAAAJ,nyyfjCgAAAAJ,0.019587265327572823,0.004095103591680527,False,Namira Roudlotul Jannah,Rifqi Abdillah
CxdwNaYAAAAJ,ne31is4AAAAJ,0.01957911066710949,0.015008263289928436,False,Wiyli Yustanti,Danang Ary Dewangga
jJBtZPgAAAAJ,lmlBHlsAAAAJ,0.019568171352148056,0.004266650415956974,False,Siska Puspitaningsih,Widi Aribowo
DsVi_OAAAAAJ,ZjPpHWsAAAAJ,0.01954486407339573,0.011943790130317211,False,Nadia Nur Thahirrah,Erik Rahman
NO8mJucAAAAJ,RNJ3vNQAAAAJ,0.019533714279532433,0.005841150879859924,False,Wahyu Sasongko Putro,Harmon Prayogi
Yw9l51IAAAAJ,zDgqPOsAAAAJ,0.01953236386179924,0.003096124157309532,False,Riza Akhsani Setyo Prayoga,Mustaji
NO8mJucAAAAJ,nbtuM4IAAAAJ,0.019527636468410492,0.003966239280998707,False,Wahyu Sasongko Putro,Parama Diptya Widayaka
6f4j4TYAAAAJ,RvG7jG4AAAAJ,0.01952410489320755,0.03153860941529274,False,Mahendra Widyartono,I Made Suartana
AX-w0AEAAAAJ,rnlvOfEAAAAJ,0.019520476460456848,0.006246506702154875,False,Hasanuddin Al-Habib,Ibrohim
S6IJ51cAAAAJ,t5f89iIAAAAJ,0.019519532099366188,0.011163227260112762,False,Unit Three Kartini,Andi Iwan Nurhidayat
RES4QIQAAAAJ,Smb2eg8AAAAJ,0.019519368186593056,0.007133306469768286,False,Arif Widodo,Nanang Hoesen. H. A.
9BWyE0UAAAAJ,Em3aIV0AAAAJ,0.019510475918650627,0.009983490221202374,False,Endryansyah,Ramadhan Cakra Wibawa
NO8mJucAAAAJ,itwnm-AAAAAJ,0.019499700516462326,0.012673022225499153,False,Wahyu Sasongko Putro,Achmad Fitro
MnI3Tm0AAAAJ,_n2j0ZAAAAAJ,0.0194991584867239,0.004484838806092739,False,Sayyidul Aulia Alamsyah,I Gusti Lanang Putra Eka Prismana
34CwHgkAAAAJ,tzjThtIAAAAJ,0.019498255103826523,0.006639920640736818,False,Riza Akhsani Setyo Prayoga,Elly Matul Imah
LsydBAMAAAAJ,UL2-upoAAAAJ,0.0194614939391613,0.00483956653624773,False,Puput Wanarti Rusimamto,Dana Azizah Rahmat
R9rGmc4AAAAJ,bTjH6IgAAAAJ,0.019451815634965897,0.0024119061417877674,False,Kartika Chandra Dewi,Achmad Kautsar
Mr22rjsAAAAJ,jPKU5cAAAAAJ,0.01945110782980919,0.0037617417983710766,False,Hesti Khuzaimah Nurul Yusufiyah,Anggraeni Widya Purwita
nyyfjCgAAAAJ,wEGsLv4AAAAJ,0.01944034919142723,0.003033860819414258,False,Rifqi Abdillah,Ike Fitriyaningsih
1hm7MM8AAAAJ,VwvPnrcAAAAJ,0.01942809857428074,0.00673209223896265,False,Reza Rahmadian,Nisa Dwi Septiyanti
4d_6xxEAAAAJ,q-sbahIAAAAJ,0.01941974274814129,0.0031053118873387575,False,Ghea Sekar Palupi,Ulfa Siti Nuraini
-gGGkMcAAAAJ,j8HRV1wAAAAJ,0.019418450072407722,0.007375269662588835,False,Faris Abdi El Hakim,Bambang Suprianto
7EQjv9wAAAAJ,nVac1BcAAAAJ,0.019417768344283104,0.003511999733746052,False,Asmunin,Rosita
hn5jrnAAAAAJ,yXy6kW0AAAAJ,0.019411174580454826,0.02074733003973961,False,Yuni Yamasari,Harun Al Rosyid
CxdwNaYAAAAJ,_VFGVQQAAAAJ,0.019391482695937157,0.006024710368365049,False,Wiyli Yustanti,Berlian Maulidya Izzati
DsVi_OAAAAAJ,RES4QIQAAAAJ,0.019390763714909554,0.005341018550097942,False,Nadia Nur Thahirrah,Arif Widodo
S6IJ51cAAAAJ,_n2j0ZAAAAAJ,0.019389742985367775,0.009682473726570606,False,Unit Three Kartini,I Gusti Lanang Putra Eka Prismana
5nAJx9wAAAAJ,ZhJ08JkAAAAJ,0.019389256834983826,0.016479449346661568,False,Muhammad Fachmi,Bachtiar Syaiful Bachri
5nAJx9wAAAAJ,MnI3Tm0AAAAJ,0.019377369433641434,0.005479385145008564,False,Muhammad Fachmi,Sayyidul Aulia Alamsyah
1hm7MM8AAAAJ,N40Vh64AAAAJ,0.01936802640557289,0.008166502229869366,False,Reza Rahmadian,Raden Roro Hapsari Peni Agustin T
N6RJilIAAAAJ,n7ykK-IAAAAJ,0.019365260377526283,0.018630150705575943,False,Anita Qoiriah,Dhiyan Septa Wihara
DsVi_OAAAAAJ,VNrCn4gAAAAJ,0.01935861073434353,0.0029022751841694117,False,Nadia Nur Thahirrah,Ersha Aisyah Elfaiz
VNrCn4gAAAAJ,iFSMsegAAAAJ,0.019356999546289444,0.005500813480466604,False,Ersha Aisyah Elfaiz,Elvira Wardah
AjvtBWIAAAAJ,DiBTIz4AAAAJ,0.01935425028204918,0.007307449821382761,False,Siti Masitoh,Riskyana Dewi Intan P
-gGGkMcAAAAJ,6f4j4TYAAAAJ,0.01935163140296936,0.007611324079334736,False,Faris Abdi El Hakim,Mahendra Widyartono
EBgY5K0AAAAJ,eEtHoOAAAAAJ,0.019347058609128,0.022419797256588936,False,Moch. Badrus Oleh,Rahadian Bisma
NO8mJucAAAAJ,S6IJ51cAAAAJ,0.019345171749591827,0.0055876681581139565,False,Wahyu Sasongko Putro,Unit Three Kartini
DsVi_OAAAAAJ,z7RWDi0AAAAJ,0.019337840378284454,0.009941576980054379,False,Nadia Nur Thahirrah,Tri Rijanto
RES4QIQAAAAJ,ZBAnb64AAAAJ,0.019335869699716568,0.006986482068896294,False,Arif Widodo,Ardhini Warih Utami
BIrtbD8AAAAJ,cPj-iOIAAAAJ,0.019333433359861374,0.00742586562409997,False,Ibnu Febry Kurniawan,Ricky Eka Putra
rnlvOfEAAAAJ,yXy6kW0AAAAJ,0.01932792365550995,0.003393250284716487,False,Ibrohim,Harun Al Rosyid
AYI1rosAAAAJ,wlGfsB0AAAAJ,0.01932429149746895,0.006540390662848949,False,Nurhayati,Salamun Rohman Nudin
OwdLKtQAAAAJ,YADiqesAAAAJ,0.01931425742805004,0.006452724803239107,False,Fitria,Ekohariadi
8wFXNjYAAAAJ,EBgY5K0AAAAJ,0.019301224499940872,0.009408568032085896,False,Naim Rochmawati,Moch. Badrus Oleh
LsydBAMAAAAJ,_n2j0ZAAAAAJ,0.01929486356675625,0.011560534127056599,False,Puput Wanarti Rusimamto,I Gusti Lanang Putra Eka Prismana
LeRoniwAAAAJ,R9rGmc4AAAAJ,0.019284525886178017,0.0044196248054504395,False,Farhanna Mari,Kartika Chandra Dewi
Thp8jg0AAAAJ,iFSMsegAAAAJ,0.019268762320280075,0.0037139931228011847,False,Dodik Arwin Dermawan,Elvira Wardah
Y4YoRwUAAAAJ,wwhACXoAAAAJ,0.01926768757402897,0.0023088811431080103,False,Belgis Ainatul Iza,M Adamu Islam Mashuri
hn5jrnAAAAAJ,q-sbahIAAAAJ,0.019257809966802597,0.010130594484508038,False,Yuni Yamasari,Ulfa Siti Nuraini
ne31is4AAAAJ,wEGsLv4AAAAJ,0.019256098195910454,0.014091742224991322,False,Danang Ary Dewangga,Ike Fitriyaningsih
JsEkeOsAAAAJ,OwdLKtQAAAAJ,0.019249282777309418,0.01899409294128418,False,Ari Kurniawan,Fitria
UL2-upoAAAAJ,yXy6kW0AAAAJ,0.019240764901041985,0.023469222709536552,False,Dana Azizah Rahmat,Harun Al Rosyid
6MXDzBQAAAAJ,BIrtbD8AAAAJ,0.019216785207390785,0.008347633294761181,False,Lilik Anifah,Ibnu Febry Kurniawan
8wFXNjYAAAAJ,MeGE8WAAAAAJ,0.01921319030225277,0.009806385263800621,False,Naim Rochmawati,Binti Kholifah
BIrtbD8AAAAJ,Em3aIV0AAAAJ,0.019194096326828003,0.004582022782415152,False,Ibnu Febry Kurniawan,Ramadhan Cakra Wibawa
AYI1rosAAAAJ,UL2-upoAAAAJ,0.019192107021808624,0.003325154772028327,False,Nurhayati,Dana Azizah Rahmat
DsVi_OAAAAAJ,yObeL8gAAAAJ,0.019191453233361244,0.008516128174960613,False,Nadia Nur Thahirrah,I Gusti Putu Asto Buditjahjanto
DrE0Lf8AAAAJ,ne31is4AAAAJ,0.019185269251465797,0.020389771088957787,False,Fresha Kharisma,Danang Ary Dewangga
-_VNTSIAAAAJ,itwnm-AAAAAJ,0.01918525993824005,0.0098520927131176,False,Agus Prihanto,Achmad Fitro
DrE0Lf8AAAAJ,Yw9l51IAAAAJ,0.019176891073584557,0.0026290148962289095,False,Fresha Kharisma,Riza Akhsani Setyo Prayoga
OwdLKtQAAAAJ,pCyzpjgAAAAJ,0.019176051020622253,0.015094511210918427,False,Fitria,Nurul Laili
qtFw9UMAAAAJ,wEGsLv4AAAAJ,0.01917564496397972,0.008169393055140972,False,Bambang Sujatmiko,Ike Fitriyaningsih
t5f89iIAAAAJ,z7RWDi0AAAAJ,0.019171573221683502,0.013683043420314789,False,Andi Iwan Nurhidayat,Tri Rijanto
TAAC1-AAAAAJ,VNrCn4gAAAAJ,0.019168278202414513,0.002189893973991275,False,I Gde Agung Sri Sidhimantra,Ersha Aisyah Elfaiz
OffRzhoAAAAJ,YADiqesAAAAJ,0.01916450820863247,0.013060185126960278,False,Dwi Fatrianto Suyatno,Ekohariadi
Y4YoRwUAAAAJ,p4gdgRgAAAAJ,0.019147077575325966,0.0027240568306297064,False,Belgis Ainatul Iza,Rusijono
JsEkeOsAAAAJ,Yw9l51IAAAAJ,0.01914668083190918,0.004079483449459076,False,Ari Kurniawan,Riza Akhsani Setyo Prayoga
_ecYpyYAAAAJ,_n2j0ZAAAAAJ,0.01913745328783989,0.004870657343417406,False,Dinda Galuh Guminta,I Gusti Lanang Putra Eka Prismana
nbtuM4IAAAAJ,t5f89iIAAAAJ,0.019133158028125763,0.008810495026409626,False,Parama Diptya Widayaka,Andi Iwan Nurhidayat
YADiqesAAAAJ,dfwr-2YAAAAJ,0.01912808045744896,0.017367267981171608,False,Ekohariadi,Muhammad Fajar Wahyudi Rahman
N40Vh64AAAAJ,fkxhjZ4AAAAJ,0.019118916243314743,0.0050811865366995335,False,Raden Roro Hapsari Peni Agustin T,Ronggo Alit
TAAC1-AAAAAJ,tzjThtIAAAAJ,0.01909075491130352,0.0050642420537769794,False,I Gde Agung Sri Sidhimantra,Elly Matul Imah
1hm7MM8AAAAJ,NO8mJucAAAAJ,0.019086215645074844,0.007346052676439285,False,Reza Rahmadian,Wahyu Sasongko Putro
5nAJx9wAAAAJ,UL2-upoAAAAJ,0.019085915759205818,0.02171497605741024,False,Muhammad Fachmi,Dana Azizah Rahmat
N40Vh64AAAAJ,YADiqesAAAAJ,0.019078392535448074,0.010700064711272717,False,Raden Roro Hapsari Peni Agustin T,Ekohariadi
n7ykK-IAAAAJ,rnlvOfEAAAAJ,0.01906893029808998,0.0027415871154516935,False,Dhiyan Septa Wihara,Ibrohim
p4gdgRgAAAAJ,q-sbahIAAAAJ,0.01906823180615902,0.002399440621957183,False,Rusijono,Ulfa Siti Nuraini
5nAJx9wAAAAJ,n7ykK-IAAAAJ,0.019067682325839996,0.022978514432907104,False,Muhammad Fachmi,Dhiyan Septa Wihara
itwnm-AAAAAJ,jPKU5cAAAAAJ,0.019067462533712387,0.011985927820205688,False,Achmad Fitro,Anggraeni Widya Purwita
_ecYpyYAAAAJ,eEtHoOAAAAAJ,0.019044609740376472,0.006812389474362135,False,Dinda Galuh Guminta,Rahadian Bisma
Mr22rjsAAAAJ,b81qaDkAAAAJ,0.019040463492274284,0.004135605879127979,False,Hesti Khuzaimah Nurul Yusufiyah,Anita Safitri
Y4YoRwUAAAAJ,i0pkJZoAAAAJ,0.01903371699154377,0.0015539784217253327,False,Belgis Ainatul Iza,Yuni Rosita Dewi
TB0QfMoAAAAJ,b4_EdJYAAAAJ,0.019032854586839676,0.0035908319987356663,False,Miftahur Rohman,Moh. Khoridatul Huda
RvG7jG4AAAAJ,_ecYpyYAAAAJ,0.01902163028717041,0.006207331549376249,False,I Made Suartana,Dinda Galuh Guminta
L6O1lvkAAAAJ,i0pkJZoAAAAJ,0.01901913993060589,0.008197187446057796,False,Tri Wrahatnolo,Yuni Rosita Dewi
nWPONc8AAAAJ,rnlvOfEAAAAJ,0.018983982503414154,0.0015209052944555879,False,Lusia Rakhmawati,Ibrohim
-_VNTSIAAAAJ,2lw6P3IAAAAJ,0.01896870881319046,0.013974594883620739,False,Agus Prihanto,Muhammad Febrilian Dwi Syahputra
DiBTIz4AAAAJ,pb3-UjwAAAAJ,0.0189652219414711,0.015559311024844646,False,Riskyana Dewi Intan P,Moch Deny Pratama
DsVi_OAAAAAJ,q24bD6AAAAAJ,0.01895408146083355,0.014266821555793285,False,Nadia Nur Thahirrah,Martini Dwi Endah Susanti
Tp_X_bYAAAAJ,_n2j0ZAAAAAJ,0.018947893753647804,0.010116866789758205,False,Farid Baskoro,I Gusti Lanang Putra Eka Prismana
BIrtbD8AAAAJ,j8HRV1wAAAAJ,0.018937719985842705,0.009216370061039925,False,Ibnu Febry Kurniawan,Bambang Suprianto
Y4YoRwUAAAAJ,rnlvOfEAAAAJ,0.018933268263936043,0.003004938131198287,False,Belgis Ainatul Iza,Ibrohim
BIrtbD8AAAAJ,pCyzpjgAAAAJ,0.01890300028026104,0.0030004919972270727,False,Ibnu Febry Kurniawan,Nurul Laili
MnI3Tm0AAAAJ,nVac1BcAAAAJ,0.018888255581259727,0.0008911420591175556,False,Sayyidul Aulia Alamsyah,Rosita
BIrtbD8AAAAJ,yObeL8gAAAAJ,0.01888658106327057,0.0072340406477451324,False,Ibnu Febry Kurniawan,I Gusti Putu Asto Buditjahjanto
eEtHoOAAAAAJ,q-sbahIAAAAJ,0.01888396218419075,0.002971363253891468,False,Rahadian Bisma,Ulfa Siti Nuraini
AX-w0AEAAAAJ,zDgqPOsAAAAJ,0.01886141300201416,0.013829164206981659,False,Hasanuddin Al-Habib,Mustaji
-_VNTSIAAAAJ,dfwr-2YAAAAJ,0.018843097612261772,0.013644831255078316,False,Agus Prihanto,Muhammad Fajar Wahyudi Rahman
5uDKOUMAAAAJ,6ifThF0AAAAJ,0.018840529024600983,0.007104477379471064,False,Heri Purnawan,Ika Diyah Candra Arifah
YADiqesAAAAJ,cY1QGVEAAAAJ,0.01883356086909771,0.01557149924337864,False,Ekohariadi,Muhammad Sonhaji Akbar
5uDKOUMAAAAJ,DrE0Lf8AAAAJ,0.018825646489858627,0.007771594449877739,False,Heri Purnawan,Fresha Kharisma
n7ykK-IAAAAJ,nVac1BcAAAAJ,0.018822520971298218,0.0026367006357759237,False,Dhiyan Septa Wihara,Rosita
-tpBKawAAAAJ,5nAJx9wAAAAJ,0.018818547949194908,0.011391665786504745,False,Dimas Novian Aditia Syahputra,Muhammad Fachmi
Mr22rjsAAAAJ,VwvPnrcAAAAJ,0.018810108304023743,0.004574905149638653,False,Hesti Khuzaimah Nurul Yusufiyah,Nisa Dwi Septiyanti
RvG7jG4AAAAJ,wEGsLv4AAAAJ,0.01880912110209465,0.007576822768896818,False,I Made Suartana,Ike Fitriyaningsih
-tpBKawAAAAJ,OwdLKtQAAAAJ,0.018805162981152534,0.014220168814063072,False,Dimas Novian Aditia Syahputra,Fitria
eEtHoOAAAAAJ,n7IAKI0AAAAJ,0.01879914291203022,0.004669967107474804,False,Rahadian Bisma,Joko
Mr22rjsAAAAJ,WdhKN0sAAAAJ,0.01879248395562172,0.008494631387293339,False,Hesti Khuzaimah Nurul Yusufiyah,Aditya Prapanca
ZRCJXO0AAAAJ,ne31is4AAAAJ,0.01878875494003296,0.011537275277078152,False,Riska Dhenabayu,Danang Ary Dewangga
1xVR-fgAAAAJ,t5f89iIAAAAJ,0.018786901608109474,0.010667703114449978,False,1xVR-fgAAAAJ,Andi Iwan Nurhidayat
Tp_X_bYAAAAJ,b4_EdJYAAAAJ,0.018780773505568504,0.004142108839005232,False,Farid Baskoro,Moh. Khoridatul Huda
Tz8EfXcAAAAJ,q24bD6AAAAAJ,0.018776778131723404,0.010696385987102985,False,Yuliani Puji Astuti,Martini Dwi Endah Susanti
BIrtbD8AAAAJ,Y4YoRwUAAAAJ,0.018768034875392914,0.0066961729899048805,False,Ibnu Febry Kurniawan,Belgis Ainatul Iza
NO8mJucAAAAJ,Yw9l51IAAAAJ,0.018766237422823906,0.00507447961717844,False,Wahyu Sasongko Putro,Riza Akhsani Setyo Prayoga
RNJ3vNQAAAAJ,n7ykK-IAAAAJ,0.01876543089747429,0.005428587086498737,False,Harmon Prayogi,Dhiyan Septa Wihara
WdhKN0sAAAAJ,_VFGVQQAAAAJ,0.018765360116958618,0.0052025881595909595,False,Aditya Prapanca,Berlian Maulidya Izzati
rnlvOfEAAAAJ,wEGsLv4AAAAJ,0.018762167543172836,0.0067467703483998775,False,Ibrohim,Ike Fitriyaningsih
TAAC1-AAAAAJ,pCyzpjgAAAAJ,0.018760206177830696,0.0037265883293002844,False,I Gde Agung Sri Sidhimantra,Nurul Laili
-_VNTSIAAAAJ,Smb2eg8AAAAJ,0.01875297538936138,0.016585128381848335,False,Agus Prihanto,Nanang Hoesen. H. A.
Y4YoRwUAAAAJ,nVac1BcAAAAJ,0.018751855939626694,0.0027360341046005487,False,Belgis Ainatul Iza,Rosita
W7ncZRgAAAAJ,yXy6kW0AAAAJ,0.018745293840765953,0.02103431709110737,False,Hafid Kholidi Hadi,Harun Al Rosyid
-BuJoD0AAAAJ,OwdLKtQAAAAJ,0.01874099299311638,0.017212333157658577,False,Ratih Amelia,Fitria
6RBIukkAAAAJ,pCyzpjgAAAAJ,0.01872362196445465,0.008814900182187557,False,Yatim Riyanto,Nurul Laili
Tz8EfXcAAAAJ,n7IAKI0AAAAJ,0.018718110397458076,0.0017391329165548086,False,Yuliani Puji Astuti,Joko
AX-w0AEAAAAJ,UL2-upoAAAAJ,0.01871551387012005,0.008233227767050266,False,Hasanuddin Al-Habib,Dana Azizah Rahmat
ZjPpHWsAAAAJ,hn5jrnAAAAAJ,0.018713675439357758,0.017212193459272385,False,Erik Rahman,Yuni Yamasari
BIrtbD8AAAAJ,sHANI1gAAAAJ,0.01870831288397312,0.0075594400987029076,False,Ibnu Febry Kurniawan,Rifqi Firmansyah
i0pkJZoAAAAJ,q-sbahIAAAAJ,0.018707362934947014,0.001878272509202361,False,Yuni Rosita Dewi,Ulfa Siti Nuraini
Tp_X_bYAAAAJ,hrVTt4kAAAAJ,0.01870567724108696,0.008723055943846703,False,Farid Baskoro,Monica Cinthya
Tz8EfXcAAAAJ,jJBtZPgAAAAJ,0.01869327947497368,0.013043107464909554,False,Yuliani Puji Astuti,Siska Puspitaningsih
A9L19RMAAAAJ,dfwr-2YAAAAJ,0.018690988421440125,0.007352092768996954,False,Pradini Puspitaningayu,Muhammad Fajar Wahyudi Rahman
OwdLKtQAAAAJ,_VFGVQQAAAAJ,0.018689194694161415,0.01067393459379673,False,Fitria,Berlian Maulidya Izzati
eEtHoOAAAAAJ,wEGsLv4AAAAJ,0.018679101020097733,0.008900615386664867,False,Rahadian Bisma,Ike Fitriyaningsih
8wFXNjYAAAAJ,pCyzpjgAAAAJ,0.01867847517132759,0.005223833955824375,False,Naim Rochmawati,Nurul Laili
-gGGkMcAAAAJ,q-sbahIAAAAJ,0.018674813210964203,0.00330836302600801,False,Faris Abdi El Hakim,Ulfa Siti Nuraini
lFCI_vsAAAAJ,rnlvOfEAAAAJ,0.01867450401186943,0.00378675339743495,False,Atik Wintarti,Ibrohim
DsVi_OAAAAAJ,wEGsLv4AAAAJ,0.018674228340387344,0.006911694072186947,False,Nadia Nur Thahirrah,Ike Fitriyaningsih
VNrCn4gAAAAJ,WdhKN0sAAAAJ,0.01867086999118328,0.0026617415715008974,False,Ersha Aisyah Elfaiz,Aditya Prapanca
-gGGkMcAAAAJ,sHANI1gAAAAJ,0.018670348450541496,0.0033613296691328287,False,Faris Abdi El Hakim,Rifqi Firmansyah
BIrtbD8AAAAJ,RNJ3vNQAAAAJ,0.01865742728114128,0.0021572283003479242,False,Ibnu Febry Kurniawan,Harmon Prayogi
4d_6xxEAAAAJ,AX-w0AEAAAAJ,0.018656175583600998,0.013043095357716084,False,Ghea Sekar Palupi,Hasanuddin Al-Habib
-gGGkMcAAAAJ,ZRCJXO0AAAAJ,0.018652403727173805,0.008471994660794735,False,Faris Abdi El Hakim,Riska Dhenabayu
_ecYpyYAAAAJ,cPj-iOIAAAAJ,0.01865106076002121,0.006595294922590256,False,Dinda Galuh Guminta,Ricky Eka Putra
9BWyE0UAAAAJ,dfwr-2YAAAAJ,0.018647320568561554,0.010915177874267101,False,Endryansyah,Muhammad Fajar Wahyudi Rahman
-gGGkMcAAAAJ,VNrCn4gAAAAJ,0.018640410155057907,0.005006891675293446,False,Faris Abdi El Hakim,Ersha Aisyah Elfaiz
p4gdgRgAAAAJ,tzjThtIAAAAJ,0.018638165667653084,0.00906146690249443,False,Rusijono,Elly Matul Imah
AaC4eAwAAAAJ,Em3aIV0AAAAJ,0.018628552556037903,0.010448431596159935,False,Fadhilah Qalbi Annisa,Ramadhan Cakra Wibawa
DsVi_OAAAAAJ,q-sbahIAAAAJ,0.018611613661050797,0.002242742571979761,False,Nadia Nur Thahirrah,Ulfa Siti Nuraini
-_VNTSIAAAAJ,L6O1lvkAAAAJ,0.018610060214996338,0.014807314611971378,False,Agus Prihanto,Tri Wrahatnolo
4d_6xxEAAAAJ,Mr22rjsAAAAJ,0.018605152145028114,0.004491845145821571,False,Ghea Sekar Palupi,Hesti Khuzaimah Nurul Yusufiyah
2lw6P3IAAAAJ,LsydBAMAAAAJ,0.018602954223752022,0.005077451467514038,False,Muhammad Febrilian Dwi Syahputra,Puput Wanarti Rusimamto
-gGGkMcAAAAJ,OwdLKtQAAAAJ,0.018602291122078896,0.015655595809221268,False,Faris Abdi El Hakim,Fitria
C_EGqeMAAAAJ,jJBtZPgAAAAJ,0.01860172115266323,0.008542533963918686,False,Namira Roudlotul Jannah,Siska Puspitaningsih
_VFGVQQAAAAJ,j8HRV1wAAAAJ,0.018600773066282272,0.0025291522033512592,False,Berlian Maulidya Izzati,Bambang Suprianto
sHANI1gAAAAJ,wlGfsB0AAAAJ,0.01859908550977707,0.00511322682723403,False,Rifqi Firmansyah,Salamun Rohman Nudin
jPKU5cAAAAAJ,q-sbahIAAAAJ,0.01859837956726551,0.0016268289182335138,False,Anggraeni Widya Purwita,Ulfa Siti Nuraini
S6IJ51cAAAAJ,jPKU5cAAAAAJ,0.018596049398183823,0.004755579866468906,False,Unit Three Kartini,Anggraeni Widya Purwita
ZjPpHWsAAAAJ,i0pkJZoAAAAJ,0.018588364124298096,0.03397052735090256,False,Erik Rahman,Yuni Rosita Dewi
5nAJx9wAAAAJ,TAAC1-AAAAAJ,0.018583649769425392,0.01446144562214613,False,Muhammad Fachmi,I Gde Agung Sri Sidhimantra
XdEn69YAAAAJ,Y4YoRwUAAAAJ,0.018579019233584404,0.00127013074234128,False,Cendra Devayana Putra,Belgis Ainatul Iza
psg8hdoAAAAJ,rnlvOfEAAAAJ,0.01857711188495159,0.001568022882565856,False,Bonda Sisephaputra,Ibrohim
6RBIukkAAAAJ,DsVi_OAAAAAJ,0.018569501116871834,0.020016713067889214,False,Yatim Riyanto,Nadia Nur Thahirrah
o4zdesUAAAAJ,z7RWDi0AAAAJ,0.018565399572253227,0.01831534504890442,False,Rakha Asyrofi,Tri Rijanto
MZCJPuIAAAAJ,nVac1BcAAAAJ,0.018564874306321144,0.0020107824821025133,False,Fajar Arianto,Rosita
Mr22rjsAAAAJ,bTjH6IgAAAAJ,0.01856476068496704,0.004277991596609354,False,Hesti Khuzaimah Nurul Yusufiyah,Achmad Kautsar
pCyzpjgAAAAJ,wEGsLv4AAAAJ,0.018545202910900116,0.018438585102558136,False,Nurul Laili,Ike Fitriyaningsih
RvG7jG4AAAAJ,Yw9l51IAAAAJ,0.0185160543769598,0.0023609318304806948,False,I Made Suartana,Riza Akhsani Setyo Prayoga
AYI1rosAAAAJ,ZBAnb64AAAAJ,0.018514277413487434,0.006371560040861368,False,Nurhayati,Ardhini Warih Utami
MZCJPuIAAAAJ,MeGE8WAAAAAJ,0.01851009950041771,0.009102178737521172,False,Fajar Arianto,Binti Kholifah
AX-w0AEAAAAJ,ne31is4AAAAJ,0.01850822940468788,0.02228943444788456,False,Hasanuddin Al-Habib,Danang Ary Dewangga
6ifThF0AAAAJ,AX-w0AEAAAAJ,0.018504904583096504,0.006288337986916304,False,Ika Diyah Candra Arifah,Hasanuddin Al-Habib
BIrtbD8AAAAJ,nVac1BcAAAAJ,0.01850341446697712,0.002485552104189992,False,Ibnu Febry Kurniawan,Rosita
DiBTIz4AAAAJ,S6IJ51cAAAAJ,0.018495047464966774,0.01361868530511856,False,Riskyana Dewi Intan P,Unit Three Kartini
iFSMsegAAAAJ,jPKU5cAAAAAJ,0.018493566662073135,0.0027529920917004347,False,Elvira Wardah,Anggraeni Widya Purwita
1xVR-fgAAAAJ,RvG7jG4AAAAJ,0.018486011773347855,0.009165742434561253,False,1xVR-fgAAAAJ,I Made Suartana
MnI3Tm0AAAAJ,eEtHoOAAAAAJ,0.01847906969487667,0.005214666482061148,False,Sayyidul Aulia Alamsyah,Rahadian Bisma
OwdLKtQAAAAJ,ZBAnb64AAAAJ,0.01847078651189804,0.008869718760251999,False,Fitria,Ardhini Warih Utami
S6IJ51cAAAAJ,tzjThtIAAAAJ,0.018466554582118988,0.015556646510958672,False,Unit Three Kartini,Elly Matul Imah
2lw6P3IAAAAJ,RES4QIQAAAAJ,0.01846214011311531,0.003194408491253853,False,Muhammad Febrilian Dwi Syahputra,Arif Widodo
1xVR-fgAAAAJ,lFCI_vsAAAAJ,0.018460270017385483,0.009073552675545216,False,1xVR-fgAAAAJ,Atik Wintarti
N6RJilIAAAAJ,q-sbahIAAAAJ,0.018457163125276566,0.010628380812704563,False,Anita Qoiriah,Ulfa Siti Nuraini
AX-w0AEAAAAJ,iFSMsegAAAAJ,0.018449464812874794,0.01668691262602806,False,Hasanuddin Al-Habib,Elvira Wardah
OwdLKtQAAAAJ,eEtHoOAAAAAJ,0.01844901219010353,0.009722835384309292,False,Fitria,Rahadian Bisma
BIrtbD8AAAAJ,p1pK7E4AAAAJ,0.018429582938551903,0.009148035198450089,False,Ibnu Febry Kurniawan,Subuh Isnur Haryudo
9BWyE0UAAAAJ,JsEkeOsAAAAJ,0.018415668979287148,0.00491661112755537,False,Endryansyah,Ari Kurniawan
9BWyE0UAAAAJ,W7ncZRgAAAAJ,0.018412774428725243,0.00861680693924427,False,Endryansyah,Hafid Kholidi Hadi
5nAJx9wAAAAJ,EBgY5K0AAAAJ,0.01840541698038578,0.028355827555060387,False,Muhammad Fachmi,Moch. Badrus Oleh
6f4j4TYAAAAJ,ZBAnb64AAAAJ,0.018401898443698883,0.01069732941687107,False,Mahendra Widyartono,Ardhini Warih Utami
FZ00CQ8AAAAJ,R9rGmc4AAAAJ,0.018388671800494194,0.002101411810144782,False,Rizky Basatha,Kartika Chandra Dewi
YADiqesAAAAJ,bTjH6IgAAAAJ,0.018387049436569214,0.01677304320037365,False,Ekohariadi,Achmad Kautsar
L6O1lvkAAAAJ,N40Vh64AAAAJ,0.018375203013420105,0.008542683906853199,False,Tri Wrahatnolo,Raden Roro Hapsari Peni Agustin T
2lw6P3IAAAAJ,OwdLKtQAAAAJ,0.018372273072600365,0.011427049525082111,False,Muhammad Febrilian Dwi Syahputra,Fitria
DiBTIz4AAAAJ,TAAC1-AAAAAJ,0.018367627635598183,0.004732975270599127,False,Riskyana Dewi Intan P,I Gde Agung Sri Sidhimantra
6ifThF0AAAAJ,OwdLKtQAAAAJ,0.018365856260061264,0.0122367013245821,False,Ika Diyah Candra Arifah,Fitria
IJIEntMAAAAJ,tzjThtIAAAAJ,0.018361050635576248,0.014015031047165394,False,Yeni Anistyasari,Elly Matul Imah
UL2-upoAAAAJ,ZRCJXO0AAAAJ,0.018360735848546028,0.02314918488264084,False,Dana Azizah Rahmat,Riska Dhenabayu
AX-w0AEAAAAJ,yXy6kW0AAAAJ,0.01835682801902294,0.018375646322965622,False,Hasanuddin Al-Habib,Harun Al Rosyid
9BWyE0UAAAAJ,eEtHoOAAAAAJ,0.01835578680038452,0.007798199541866779,False,Endryansyah,Rahadian Bisma
CxdwNaYAAAAJ,pCyzpjgAAAAJ,0.01835351437330246,0.005200957413762808,False,Wiyli Yustanti,Nurul Laili
W7ncZRgAAAAJ,ZRCJXO0AAAAJ,0.01834067702293396,0.008965551853179932,False,Hafid Kholidi Hadi,Riska Dhenabayu
ZhJ08JkAAAAJ,_VFGVQQAAAAJ,0.018333280459046364,0.009917947463691235,False,Bachtiar Syaiful Bachri,Berlian Maulidya Izzati
DsVi_OAAAAAJ,LsydBAMAAAAJ,0.01832909695804119,0.007795762736350298,False,Nadia Nur Thahirrah,Puput Wanarti Rusimamto
A9L19RMAAAAJ,rnlvOfEAAAAJ,0.01831810176372528,0.0010920913191512227,False,Pradini Puspitaningayu,Ibrohim
RNJ3vNQAAAAJ,q24bD6AAAAAJ,0.018316982313990593,0.004769864957779646,False,Harmon Prayogi,Martini Dwi Endah Susanti
t5f89iIAAAAJ,wEGsLv4AAAAJ,0.018316682428121567,0.01942681334912777,False,Andi Iwan Nurhidayat,Ike Fitriyaningsih
_VFGVQQAAAAJ,p1pK7E4AAAAJ,0.01831270381808281,0.002773124957457185,False,Berlian Maulidya Izzati,Subuh Isnur Haryudo
nVac1BcAAAAJ,wEGsLv4AAAAJ,0.018310891464352608,0.007199416868388653,False,Rosita,Ike Fitriyaningsih
Em3aIV0AAAAJ,rnlvOfEAAAAJ,0.01831076852977276,0.0017928632441908121,False,Ramadhan Cakra Wibawa,Ibrohim
N6RJilIAAAAJ,OwdLKtQAAAAJ,0.018304074183106422,0.013496223837137222,False,Anita Qoiriah,Fitria
_ecYpyYAAAAJ,b81qaDkAAAAJ,0.018302086740732193,0.004753768444061279,False,Dinda Galuh Guminta,Anita Safitri
34CwHgkAAAAJ,5uDKOUMAAAAJ,0.018293315544724464,0.003191924188286066,False,Riza Akhsani Setyo Prayoga,Heri Purnawan
1xVR-fgAAAAJ,Em3aIV0AAAAJ,0.018287716433405876,0.009131225757300854,False,1xVR-fgAAAAJ,Ramadhan Cakra Wibawa
-BuJoD0AAAAJ,Yw9l51IAAAAJ,0.01828736439347267,0.002737845294177532,False,Ratih Amelia,Riza Akhsani Setyo Prayoga
AYI1rosAAAAJ,_n2j0ZAAAAAJ,0.01828104816377163,0.007468986790627241,False,Nurhayati,I Gusti Lanang Putra Eka Prismana
4d_6xxEAAAAJ,AaC4eAwAAAAJ,0.018279464915394783,0.006645779591053724,False,Ghea Sekar Palupi,Fadhilah Qalbi Annisa
NO8mJucAAAAJ,q24bD6AAAAAJ,0.01825917884707451,0.017642484977841377,False,Wahyu Sasongko Putro,Martini Dwi Endah Susanti
VNrCn4gAAAAJ,ZRCJXO0AAAAJ,0.018254056572914124,0.004137040581554174,False,Ersha Aisyah Elfaiz,Riska Dhenabayu
N40Vh64AAAAJ,lmlBHlsAAAAJ,0.01824990287423134,0.008406744338572025,False,Raden Roro Hapsari Peni Agustin T,Widi Aribowo
Smb2eg8AAAAJ,iFSMsegAAAAJ,0.018248142674565315,0.0030896905809640884,False,Nanang Hoesen. H. A.,Elvira Wardah
AaC4eAwAAAAJ,VNrCn4gAAAAJ,0.018246905878186226,0.005146471783518791,False,Fadhilah Qalbi Annisa,Ersha Aisyah Elfaiz
TB0QfMoAAAAJ,_n2j0ZAAAAAJ,0.018244711682200432,0.008941288106143475,False,Miftahur Rohman,I Gusti Lanang Putra Eka Prismana
psg8hdoAAAAJ,tzjThtIAAAAJ,0.018244152888655663,0.009013713337481022,False,Bonda Sisephaputra,Elly Matul Imah
5uDKOUMAAAAJ,8wFXNjYAAAAJ,0.018236687406897545,0.013636356219649315,False,Heri Purnawan,Naim Rochmawati
VNrCn4gAAAAJ,o4zdesUAAAAJ,0.01821735128760338,0.002913246164098382,False,Ersha Aisyah Elfaiz,Rakha Asyrofi
q-sbahIAAAAJ,qtFw9UMAAAAJ,0.018207421526312828,0.0028605114202946424,False,Ulfa Siti Nuraini,Bambang Sujatmiko
C_EGqeMAAAAJ,_n2j0ZAAAAAJ,0.018205219879746437,0.0046233185566961765,False,Namira Roudlotul Jannah,I Gusti Lanang Putra Eka Prismana
LeRoniwAAAAJ,pCyzpjgAAAAJ,0.018191829323768616,0.014086084440350533,False,Farhanna Mari,Nurul Laili
R9rGmc4AAAAJ,n7ykK-IAAAAJ,0.01818842813372612,0.0028250939212739468,False,Kartika Chandra Dewi,Dhiyan Septa Wihara
CxdwNaYAAAAJ,Tz8EfXcAAAAJ,0.018182383850216866,0.007582677528262138,False,Wiyli Yustanti,Yuliani Puji Astuti
MZCJPuIAAAAJ,rnlvOfEAAAAJ,0.018181009218096733,0.002174587221816182,False,Fajar Arianto,Ibrohim
-_VNTSIAAAAJ,q-sbahIAAAAJ,0.01817960850894451,0.01821294054389,False,Agus Prihanto,Ulfa Siti Nuraini
OwdLKtQAAAAJ,n7IAKI0AAAAJ,0.018178846687078476,0.003104677889496088,False,Fitria,Joko
AX-w0AEAAAAJ,o4zdesUAAAAJ,0.01816907711327076,0.008011708967387676,False,Hasanuddin Al-Habib,Rakha Asyrofi
q-sbahIAAAAJ,wlGfsB0AAAAJ,0.018168501555919647,0.0019478638423606753,False,Ulfa Siti Nuraini,Salamun Rohman Nudin
_ecYpyYAAAAJ,lFCI_vsAAAAJ,0.018149007111787796,0.00900844857096672,False,Dinda Galuh Guminta,Atik Wintarti
4VXQFKYAAAAJ,YADiqesAAAAJ,0.018147043883800507,0.010155154392123222,False,Renny Sari Dewi,Ekohariadi
2lw6P3IAAAAJ,z7RWDi0AAAAJ,0.018140358850359917,0.006400503218173981,False,Muhammad Febrilian Dwi Syahputra,Tri Rijanto
9BWyE0UAAAAJ,i0pkJZoAAAAJ,0.018139878287911415,0.00629865238443017,False,Endryansyah,Yuni Rosita Dewi
AX-w0AEAAAAJ,lmlBHlsAAAAJ,0.018139811232686043,0.007861044257879257,False,Hasanuddin Al-Habib,Widi Aribowo
2lw6P3IAAAAJ,6MXDzBQAAAAJ,0.018132062628865242,0.003978078253567219,False,Muhammad Febrilian Dwi Syahputra,Lilik Anifah
VNrCn4gAAAAJ,W7ncZRgAAAAJ,0.018128952011466026,0.0024414672516286373,False,Ersha Aisyah Elfaiz,Hafid Kholidi Hadi
A9L19RMAAAAJ,EBgY5K0AAAAJ,0.018126213923096657,0.0021323999390006065,False,Pradini Puspitaningayu,Moch. Badrus Oleh
5uDKOUMAAAAJ,b4_EdJYAAAAJ,0.01811918057501316,0.0037332044448703527,False,Heri Purnawan,Moh. Khoridatul Huda
2lw6P3IAAAAJ,Mr22rjsAAAAJ,0.018118280917406082,0.0027293232269585133,False,Muhammad Febrilian Dwi Syahputra,Hesti Khuzaimah Nurul Yusufiyah
AX-w0AEAAAAJ,DsVi_OAAAAAJ,0.018108824267983437,0.008541158400475979,False,Hasanuddin Al-Habib,Nadia Nur Thahirrah
5uDKOUMAAAAJ,JsEkeOsAAAAJ,0.018103118985891342,0.004168624524027109,False,Heri Purnawan,Ari Kurniawan
ZRCJXO0AAAAJ,nWPONc8AAAAJ,0.018094828352332115,0.0022181563545018435,False,Riska Dhenabayu,Lusia Rakhmawati
jPKU5cAAAAAJ,wEGsLv4AAAAJ,0.018091630190610886,0.0063447351567447186,False,Anggraeni Widya Purwita,Ike Fitriyaningsih
Mr22rjsAAAAJ,Y4YoRwUAAAAJ,0.01808985508978367,0.006324841175228357,False,Hesti Khuzaimah Nurul Yusufiyah,Belgis Ainatul Iza
LsydBAMAAAAJ,b4_EdJYAAAAJ,0.018083399161696434,0.00382949854247272,False,Puput Wanarti Rusimamto,Moh. Khoridatul Huda
hjllQ9gAAAAJ,wwhACXoAAAAJ,0.018064120784401894,0.00572502426803112,False,Nur Kholis,M Adamu Islam Mashuri
-BuJoD0AAAAJ,AX-w0AEAAAAJ,0.01805562525987625,0.01220186147838831,False,Ratih Amelia,Hasanuddin Al-Habib
Yw9l51IAAAAJ,ZhJ08JkAAAAJ,0.018045885488390923,0.0026112806517630816,False,Riza Akhsani Setyo Prayoga,Bachtiar Syaiful Bachri
AX-w0AEAAAAJ,W7ncZRgAAAAJ,0.01804182678461075,0.007149280980229378,False,Hasanuddin Al-Habib,Hafid Kholidi Hadi
AX-w0AEAAAAJ,eEtHoOAAAAAJ,0.01803232915699482,0.011860416270792484,False,Hasanuddin Al-Habib,Rahadian Bisma
t5f89iIAAAAJ,yObeL8gAAAAJ,0.018030142411589622,0.011300884187221527,False,Andi Iwan Nurhidayat,I Gusti Putu Asto Buditjahjanto
N40Vh64AAAAJ,b81qaDkAAAAJ,0.01802695170044899,0.004482398275285959,False,Raden Roro Hapsari Peni Agustin T,Anita Safitri
DiBTIz4AAAAJ,RvG7jG4AAAAJ,0.01802511140704155,0.01934049092233181,False,Riskyana Dewi Intan P,I Made Suartana
34CwHgkAAAAJ,n7IAKI0AAAAJ,0.018023943528532982,0.0028716966044157743,False,Riza Akhsani Setyo Prayoga,Joko
DsVi_OAAAAAJ,L6O1lvkAAAAJ,0.018015356734395027,0.005538254510611296,False,Nadia Nur Thahirrah,Tri Wrahatnolo
6MXDzBQAAAAJ,EBgY5K0AAAAJ,0.018012654036283493,0.004888345953077078,False,Lilik Anifah,Moch. Badrus Oleh
MeGE8WAAAAAJ,zDgqPOsAAAAJ,0.018012642860412598,0.014483561739325523,False,Binti Kholifah,Mustaji
AX-w0AEAAAAJ,t5f89iIAAAAJ,0.018007582053542137,0.02967028319835663,False,Hasanuddin Al-Habib,Andi Iwan Nurhidayat
6MXDzBQAAAAJ,q24bD6AAAAAJ,0.018000947311520576,0.009822828695178032,False,Lilik Anifah,Martini Dwi Endah Susanti
MeGE8WAAAAAJ,VNrCn4gAAAAJ,0.01799931563436985,0.01135684922337532,False,Binti Kholifah,Ersha Aisyah Elfaiz
MZCJPuIAAAAJ,Y4YoRwUAAAAJ,0.017993081361055374,0.002233234466984868,False,Fajar Arianto,Belgis Ainatul Iza
5nAJx9wAAAAJ,q24bD6AAAAAJ,0.01798360049724579,0.01710805855691433,False,Muhammad Fachmi,Martini Dwi Endah Susanti
Y4YoRwUAAAAJ,bTjH6IgAAAAJ,0.017979305237531662,0.0018533493857830763,False,Belgis Ainatul Iza,Achmad Kautsar
2lw6P3IAAAAJ,9BWyE0UAAAAJ,0.017979273572564125,0.0023911278694868088,False,Muhammad Febrilian Dwi Syahputra,Endryansyah
BIrtbD8AAAAJ,zDgqPOsAAAAJ,0.01797673851251602,0.0034103472717106342,False,Ibnu Febry Kurniawan,Mustaji
RES4QIQAAAAJ,_n2j0ZAAAAAJ,0.01795746386051178,0.007465758826583624,False,Arif Widodo,I Gusti Lanang Putra Eka Prismana
2lw6P3IAAAAJ,AYI1rosAAAAJ,0.01795673929154873,0.003253661561757326,False,Muhammad Febrilian Dwi Syahputra,Nurhayati
Tz8EfXcAAAAJ,yXy6kW0AAAAJ,0.017955822870135307,0.013580496422946453,False,Yuliani Puji Astuti,Harun Al Rosyid
DiBTIz4AAAAJ,VNrCn4gAAAAJ,0.017954831942915916,0.00494901230558753,False,Riskyana Dewi Intan P,Ersha Aisyah Elfaiz
EBgY5K0AAAAJ,yXy6kW0AAAAJ,0.017952291294932365,0.021270353347063065,False,Moch. Badrus Oleh,Harun Al Rosyid
ZjPpHWsAAAAJ,cY1QGVEAAAAJ,0.017940644174814224,0.018641294911503792,False,Erik Rahman,Muhammad Sonhaji Akbar
A9L19RMAAAAJ,JsEkeOsAAAAJ,0.017940199002623558,0.0030471847858279943,False,Pradini Puspitaningayu,Ari Kurniawan
Tp_X_bYAAAAJ,wlGfsB0AAAAJ,0.017935367301106453,0.009297260083258152,False,Farid Baskoro,Salamun Rohman Nudin
ZRCJXO0AAAAJ,nbtuM4IAAAAJ,0.017934512346982956,0.0014602907467633486,False,Riska Dhenabayu,Parama Diptya Widayaka
-gGGkMcAAAAJ,z7RWDi0AAAAJ,0.017933284863829613,0.008114946074783802,False,Faris Abdi El Hakim,Tri Rijanto
OwdLKtQAAAAJ,jPKU5cAAAAAJ,0.01793064922094345,0.008967822417616844,False,Fitria,Anggraeni Widya Purwita
C_EGqeMAAAAJ,MeGE8WAAAAAJ,0.017924830317497253,0.010863494127988815,False,Namira Roudlotul Jannah,Binti Kholifah
DiBTIz4AAAAJ,cY1QGVEAAAAJ,0.017919247969985008,0.013434302993118763,False,Riskyana Dewi Intan P,Muhammad Sonhaji Akbar
-_VNTSIAAAAJ,VwvPnrcAAAAJ,0.017909282818436623,0.011209093034267426,False,Agus Prihanto,Nisa Dwi Septiyanti
VwvPnrcAAAAJ,rnlvOfEAAAAJ,0.01790524832904339,0.0025789381470531225,False,Nisa Dwi Septiyanti,Ibrohim
DsVi_OAAAAAJ,OwdLKtQAAAAJ,0.01790166087448597,0.014916007407009602,False,Nadia Nur Thahirrah,Fitria
nWPONc8AAAAJ,wEGsLv4AAAAJ,0.01789584383368492,0.0031965593807399273,False,Lusia Rakhmawati,Ike Fitriyaningsih
RES4QIQAAAAJ,wlGfsB0AAAAJ,0.017895275726914406,0.006408624816685915,False,Arif Widodo,Salamun Rohman Nudin
YADiqesAAAAJ,ZBAnb64AAAAJ,0.017887894064188004,0.010779142379760742,False,Ekohariadi,Ardhini Warih Utami
j8HRV1wAAAAJ,o4zdesUAAAAJ,0.017883436754345894,0.01827140711247921,False,Bambang Suprianto,Rakha Asyrofi
C_EGqeMAAAAJ,aW1lSOYAAAAJ,0.01788181997835636,0.007937870919704437,False,Namira Roudlotul Jannah,Aditya Chandra Hermawan
5uDKOUMAAAAJ,qtFw9UMAAAAJ,0.017878863960504532,0.004025226924568415,False,Heri Purnawan,Bambang Sujatmiko
IJIEntMAAAAJ,q-sbahIAAAAJ,0.01787431165575981,0.0049830954521894455,False,Yeni Anistyasari,Ulfa Siti Nuraini
AjvtBWIAAAAJ,Mr22rjsAAAAJ,0.017872558906674385,0.003847871907055378,False,Siti Masitoh,Hesti Khuzaimah Nurul Yusufiyah
MnI3Tm0AAAAJ,Y4YoRwUAAAAJ,0.01786855235695839,0.0035945221316069365,False,Sayyidul Aulia Alamsyah,Belgis Ainatul Iza
5uDKOUMAAAAJ,hn5jrnAAAAAJ,0.0178680419921875,0.012637559324502945,False,Heri Purnawan,Yuni Yamasari
Iq3gzh4AAAAJ,yXy6kW0AAAAJ,0.01786317303776741,0.018983017653226852,False,Andi Mariono,Harun Al Rosyid
DsVi_OAAAAAJ,Mr22rjsAAAAJ,0.01785159856081009,0.002885424764826894,False,Nadia Nur Thahirrah,Hesti Khuzaimah Nurul Yusufiyah
VNrCn4gAAAAJ,ne31is4AAAAJ,0.017847368493676186,0.00730940094217658,False,Ersha Aisyah Elfaiz,Danang Ary Dewangga
2lw6P3IAAAAJ,yObeL8gAAAAJ,0.017841383814811707,0.004931242670863867,False,Muhammad Febrilian Dwi Syahputra,I Gusti Putu Asto Buditjahjanto
NO8mJucAAAAJ,nWPONc8AAAAJ,0.01783762499690056,0.007282308768481016,False,Wahyu Sasongko Putro,Lusia Rakhmawati
LeRoniwAAAAJ,n7IAKI0AAAAJ,0.01783190295100212,0.0022670805919915438,False,Farhanna Mari,Joko
Tp_X_bYAAAAJ,y_OiarcAAAAJ,0.017826391384005547,0.009941189549863338,False,Farid Baskoro,Yandhika Surya Akbar Gumilang
-tpBKawAAAAJ,L6O1lvkAAAAJ,0.017825206741690636,0.0032904758118093014,False,Dimas Novian Aditia Syahputra,Tri Wrahatnolo
b81qaDkAAAAJ,pCyzpjgAAAAJ,0.01782255992293358,0.005021609831601381,False,Anita Safitri,Nurul Laili
AaC4eAwAAAAJ,TAAC1-AAAAAJ,0.01781516708433628,0.003861355362460017,False,Fadhilah Qalbi Annisa,I Gde Agung Sri Sidhimantra
4Yhmpg0AAAAJ,ZRCJXO0AAAAJ,0.01781516708433628,0.0068655251525342464,False,Hujjatullah Fazlurrahman,Riska Dhenabayu
nyyfjCgAAAAJ,rnlvOfEAAAAJ,0.017814572900533676,0.001172844902612269,False,Rifqi Abdillah,Ibrohim
Tz8EfXcAAAAJ,aW1lSOYAAAAJ,0.01781057007610798,0.00409067515283823,False,Yuliani Puji Astuti,Aditya Chandra Hermawan
BIrtbD8AAAAJ,wEGsLv4AAAAJ,0.017795128747820854,0.005974053870886564,False,Ibnu Febry Kurniawan,Ike Fitriyaningsih
5nAJx9wAAAAJ,p4gdgRgAAAAJ,0.017793919891119003,0.015492167323827744,False,Muhammad Fachmi,Rusijono
L6O1lvkAAAAJ,cY1QGVEAAAAJ,0.017793351784348488,0.01098422147333622,False,Tri Wrahatnolo,Muhammad Sonhaji Akbar
_ecYpyYAAAAJ,dfwr-2YAAAAJ,0.017791487276554108,0.005581228528171778,False,Dinda Galuh Guminta,Muhammad Fajar Wahyudi Rahman
C_EGqeMAAAAJ,ZRCJXO0AAAAJ,0.017783405259251595,0.005363782402127981,False,Namira Roudlotul Jannah,Riska Dhenabayu
OffRzhoAAAAJ,itwnm-AAAAAJ,0.017782604321837425,0.014179440215229988,False,Dwi Fatrianto Suyatno,Achmad Fitro
bTjH6IgAAAAJ,q-sbahIAAAAJ,0.017781922593712807,0.0020373123697936535,False,Achmad Kautsar,Ulfa Siti Nuraini
L6O1lvkAAAAJ,eEtHoOAAAAAJ,0.017779499292373657,0.009682152420282364,False,Tri Wrahatnolo,Rahadian Bisma
dfwr-2YAAAAJ,yXy6kW0AAAAJ,0.01777772419154644,0.017077600583434105,False,Muhammad Fajar Wahyudi Rahman,Harun Al Rosyid
hn5jrnAAAAAJ,wEGsLv4AAAAJ,0.01777755841612816,0.00954680610448122,False,Yuni Yamasari,Ike Fitriyaningsih
-_VNTSIAAAAJ,Mr22rjsAAAAJ,0.017776111140847206,0.017955856397747993,False,Agus Prihanto,Hesti Khuzaimah Nurul Yusufiyah
RvG7jG4AAAAJ,ZRCJXO0AAAAJ,0.01776704378426075,0.00441405177116394,False,I Made Suartana,Riska Dhenabayu
NO8mJucAAAAJ,q-sbahIAAAAJ,0.017764516174793243,0.0035247562918812037,False,Wahyu Sasongko Putro,Ulfa Siti Nuraini
4Yhmpg0AAAAJ,yXy6kW0AAAAJ,0.017764216288924217,0.016721518710255623,False,Hujjatullah Fazlurrahman,Harun Al Rosyid
AaC4eAwAAAAJ,iFSMsegAAAAJ,0.017762303352355957,0.01167358923703432,False,Fadhilah Qalbi Annisa,Elvira Wardah
IJIEntMAAAAJ,_VFGVQQAAAAJ,0.017760522663593292,0.006554082036018372,False,Yeni Anistyasari,Berlian Maulidya Izzati
Mr22rjsAAAAJ,i0pkJZoAAAAJ,0.017753303050994873,0.003187857335433364,False,Hesti Khuzaimah Nurul Yusufiyah,Yuni Rosita Dewi
MnI3Tm0AAAAJ,rnlvOfEAAAAJ,0.017753029242157936,0.0009481695014983416,False,Sayyidul Aulia Alamsyah,Ibrohim
34CwHgkAAAAJ,YADiqesAAAAJ,0.017744416370987892,0.007975817658007145,False,Riza Akhsani Setyo Prayoga,Ekohariadi
5uDKOUMAAAAJ,i0pkJZoAAAAJ,0.017740311101078987,0.005521402228623629,False,Heri Purnawan,Yuni Rosita Dewi
N40Vh64AAAAJ,OwdLKtQAAAAJ,0.017724141478538513,0.007713955827057362,False,Raden Roro Hapsari Peni Agustin T,Fitria
4d_6xxEAAAAJ,wEGsLv4AAAAJ,0.017723973840475082,0.010338535532355309,False,Ghea Sekar Palupi,Ike Fitriyaningsih
_ecYpyYAAAAJ,hn5jrnAAAAAJ,0.017723452299833298,0.00854549091309309,False,Dinda Galuh Guminta,Yuni Yamasari
RES4QIQAAAAJ,UL2-upoAAAAJ,0.017722412943840027,0.0034832225646823645,False,Arif Widodo,Dana Azizah Rahmat
Mr22rjsAAAAJ,n7ykK-IAAAAJ,0.017718646675348282,0.003345044795423746,False,Hesti Khuzaimah Nurul Yusufiyah,Dhiyan Septa Wihara
C_EGqeMAAAAJ,lmlBHlsAAAAJ,0.017709966748952866,0.006107122637331486,False,Namira Roudlotul Jannah,Widi Aribowo
AaC4eAwAAAAJ,nVac1BcAAAAJ,0.017709776759147644,0.003994598053395748,False,Fadhilah Qalbi Annisa,Rosita
YADiqesAAAAJ,eEtHoOAAAAAJ,0.01770828478038311,0.014819985255599022,False,Ekohariadi,Rahadian Bisma
OwdLKtQAAAAJ,yXy6kW0AAAAJ,0.01770416833460331,0.018777620047330856,False,Fitria,Harun Al Rosyid
1xVR-fgAAAAJ,4d_6xxEAAAAJ,0.017699170857667923,0.008270567283034325,False,1xVR-fgAAAAJ,Ghea Sekar Palupi
4VXQFKYAAAAJ,AX-w0AEAAAAJ,0.017697280272841454,0.006005236878991127,False,Renny Sari Dewi,Hasanuddin Al-Habib
AX-w0AEAAAAJ,p4gdgRgAAAAJ,0.017691999673843384,0.014551138505339622,False,Hasanuddin Al-Habib,Rusijono
Em3aIV0AAAAJ,N40Vh64AAAAJ,0.017687203362584114,0.004015651065856218,False,Ramadhan Cakra Wibawa,Raden Roro Hapsari Peni Agustin T
AjvtBWIAAAAJ,_VFGVQQAAAAJ,0.017685802653431892,0.011680353432893753,False,Siti Masitoh,Berlian Maulidya Izzati
b4_EdJYAAAAJ,n7IAKI0AAAAJ,0.017673993483185768,0.002765863901004195,False,Moh. Khoridatul Huda,Joko
-_VNTSIAAAAJ,-tpBKawAAAAJ,0.017666826024651527,0.012035643681883812,False,Agus Prihanto,Dimas Novian Aditia Syahputra
6MXDzBQAAAAJ,ZBAnb64AAAAJ,0.017665766179561615,0.006595451384782791,False,Lilik Anifah,Ardhini Warih Utami
Tz8EfXcAAAAJ,YADiqesAAAAJ,0.017664995044469833,0.0043859598226845264,False,Yuliani Puji Astuti,Ekohariadi
AjvtBWIAAAAJ,NO8mJucAAAAJ,0.017650730907917023,0.00990660022944212,False,Siti Masitoh,Wahyu Sasongko Putro
hrVTt4kAAAAJ,nVac1BcAAAAJ,0.017642678692936897,0.0028094791341573,False,Monica Cinthya,Rosita
Tp_X_bYAAAAJ,o4zdesUAAAAJ,0.01763826608657837,0.018196895718574524,False,Farid Baskoro,Rakha Asyrofi
A9L19RMAAAAJ,OwdLKtQAAAAJ,0.017627857625484467,0.002386130392551422,False,Pradini Puspitaningayu,Fitria
DrE0Lf8AAAAJ,MeGE8WAAAAAJ,0.017622705549001694,0.012832940556108952,False,Fresha Kharisma,Binti Kholifah
ZRCJXO0AAAAJ,itwnm-AAAAAJ,0.017622243613004684,0.0038749005179852247,False,Riska Dhenabayu,Achmad Fitro
OwdLKtQAAAAJ,q-sbahIAAAAJ,0.017622103914618492,0.0035087179858237505,False,Fitria,Ulfa Siti Nuraini
MZCJPuIAAAAJ,VNrCn4gAAAAJ,0.017619801685214043,0.002880341839045286,False,Fajar Arianto,Ersha Aisyah Elfaiz
AX-w0AEAAAAJ,JsEkeOsAAAAJ,0.017619362100958824,0.014228271320462227,False,Hasanuddin Al-Habib,Ari Kurniawan
OwdLKtQAAAAJ,aW1lSOYAAAAJ,0.017606353387236595,0.004980708938091993,False,Fitria,Aditya Chandra Hermawan
BIrtbD8AAAAJ,rnlvOfEAAAAJ,0.017604941502213478,0.0026524262502789497,False,Ibnu Febry Kurniawan,Ibrohim
AaC4eAwAAAAJ,q24bD6AAAAAJ,0.01760009303689003,0.009412243962287903,False,Fadhilah Qalbi Annisa,Martini Dwi Endah Susanti
o4zdesUAAAAJ,sHANI1gAAAAJ,0.01759902946650982,0.013728688471019268,False,Rakha Asyrofi,Rifqi Firmansyah
R9rGmc4AAAAJ,_ecYpyYAAAAJ,0.017598319798707962,0.009165903553366661,False,Kartika Chandra Dewi,Dinda Galuh Guminta
Mr22rjsAAAAJ,eEtHoOAAAAAJ,0.01759476773440838,0.005257988814264536,False,Hesti Khuzaimah Nurul Yusufiyah,Rahadian Bisma
DiBTIz4AAAAJ,b81qaDkAAAAJ,0.01759379543364048,0.00580149469897151,False,Riskyana Dewi Intan P,Anita Safitri
1xVR-fgAAAAJ,7EQjv9wAAAAJ,0.01758170872926712,0.010639573447406292,False,1xVR-fgAAAAJ,Asmunin
AjvtBWIAAAAJ,ZRCJXO0AAAAJ,0.017580466344952583,0.01308079157024622,False,Siti Masitoh,Riska Dhenabayu
MnI3Tm0AAAAJ,q24bD6AAAAAJ,0.017576849088072777,0.00505716260522604,False,Sayyidul Aulia Alamsyah,Martini Dwi Endah Susanti
MnI3Tm0AAAAJ,R9rGmc4AAAAJ,0.01756787672638893,0.0013755963882431388,False,Sayyidul Aulia Alamsyah,Kartika Chandra Dewi
TB0QfMoAAAAJ,UL2-upoAAAAJ,0.017565064132213593,0.0038578102830797434,False,Miftahur Rohman,Dana Azizah Rahmat
ZRCJXO0AAAAJ,lmlBHlsAAAAJ,0.017561474815011024,0.002159886294975877,False,Riska Dhenabayu,Widi Aribowo
-_VNTSIAAAAJ,n7IAKI0AAAAJ,0.017559247091412544,0.01151916291564703,False,Agus Prihanto,Joko
b4_EdJYAAAAJ,nVac1BcAAAAJ,0.017556309700012207,0.005065301898866892,False,Moh. Khoridatul Huda,Rosita
-_VNTSIAAAAJ,ZjPpHWsAAAAJ,0.01755453273653984,0.009240934625267982,False,Agus Prihanto,Erik Rahman
DsVi_OAAAAAJ,qtFw9UMAAAAJ,0.017547577619552612,0.013129103928804398,False,Nadia Nur Thahirrah,Bambang Sujatmiko
VwvPnrcAAAAJ,wEGsLv4AAAAJ,0.017545809969305992,0.008424635976552963,False,Nisa Dwi Septiyanti,Ike Fitriyaningsih
ZRCJXO0AAAAJ,jJBtZPgAAAAJ,0.017545118927955627,0.009046940132975578,False,Riska Dhenabayu,Siska Puspitaningsih
6f4j4TYAAAAJ,7EQjv9wAAAAJ,0.01754014752805233,0.01024171058088541,False,Mahendra Widyartono,Asmunin
9BWyE0UAAAAJ,DrE0Lf8AAAAJ,0.01753871887922287,0.00843365304172039,False,Endryansyah,Fresha Kharisma
DiBTIz4AAAAJ,rnlvOfEAAAAJ,0.017537511885166168,0.0042671444825828075,False,Riskyana Dewi Intan P,Ibrohim
Y4YoRwUAAAAJ,wEGsLv4AAAAJ,0.01753268763422966,0.005240613128989935,False,Belgis Ainatul Iza,Ike Fitriyaningsih
o4zdesUAAAAJ,p4gdgRgAAAAJ,0.017531810328364372,0.011578167788684368,False,Rakha Asyrofi,Rusijono
CxdwNaYAAAAJ,VNrCn4gAAAAJ,0.017528878524899483,0.0030488420743495226,False,Wiyli Yustanti,Ersha Aisyah Elfaiz
j8HRV1wAAAAJ,wlGfsB0AAAAJ,0.01752503588795662,0.009887744672596455,False,Bambang Suprianto,Salamun Rohman Nudin
tzjThtIAAAAJ,zDgqPOsAAAAJ,0.017524154856801033,0.01108198706060648,False,Elly Matul Imah,Mustaji
Y4YoRwUAAAAJ,qtFw9UMAAAAJ,0.017497075721621513,0.0017468249425292015,False,Belgis Ainatul Iza,Bambang Sujatmiko
CxdwNaYAAAAJ,DsVi_OAAAAAJ,0.017486654222011566,0.013521598652005196,False,Wiyli Yustanti,Nadia Nur Thahirrah
-BuJoD0AAAAJ,_ecYpyYAAAAJ,0.01747833751142025,0.0068503315560519695,False,Ratih Amelia,Dinda Galuh Guminta
Y4YoRwUAAAAJ,_n2j0ZAAAAAJ,0.017459850758314133,0.0015631108544766903,False,Belgis Ainatul Iza,I Gusti Lanang Putra Eka Prismana
pCyzpjgAAAAJ,psg8hdoAAAAJ,0.017453430220484734,0.0069351051934063435,False,Nurul Laili,Bonda Sisephaputra
1xVR-fgAAAAJ,eEtHoOAAAAAJ,0.01745251566171646,0.011912229470908642,False,1xVR-fgAAAAJ,Rahadian Bisma
2lw6P3IAAAAJ,ZjPpHWsAAAAJ,0.01744953915476799,0.015491493977606297,False,Muhammad Febrilian Dwi Syahputra,Erik Rahman
DiBTIz4AAAAJ,nVac1BcAAAAJ,0.017443597316741943,0.003967484924942255,False,Riskyana Dewi Intan P,Rosita
L6O1lvkAAAAJ,Smb2eg8AAAAJ,0.01743539422750473,0.0067324088886380196,False,Tri Wrahatnolo,Nanang Hoesen. H. A.
MnI3Tm0AAAAJ,NO8mJucAAAAJ,0.017434706911444664,0.0027048462070524693,False,Sayyidul Aulia Alamsyah,Wahyu Sasongko Putro
ZBAnb64AAAAJ,ZRCJXO0AAAAJ,0.01742919348180294,0.011571960523724556,False,Ardhini Warih Utami,Riska Dhenabayu
VNrCn4gAAAAJ,t5f89iIAAAAJ,0.017416132614016533,0.005415122956037521,False,Ersha Aisyah Elfaiz,Andi Iwan Nurhidayat
-tpBKawAAAAJ,wEGsLv4AAAAJ,0.01741112396121025,0.006876583676785231,False,Dimas Novian Aditia Syahputra,Ike Fitriyaningsih
ne31is4AAAAJ,zDgqPOsAAAAJ,0.017410725355148315,0.015315459109842777,False,Danang Ary Dewangga,Mustaji
AaC4eAwAAAAJ,rnlvOfEAAAAJ,0.017400594428181648,0.004117951262742281,False,Fadhilah Qalbi Annisa,Ibrohim
nVac1BcAAAAJ,p4gdgRgAAAAJ,0.01739315316081047,0.0028309302870184183,False,Rosita,Rusijono
NO8mJucAAAAJ,wEGsLv4AAAAJ,0.017379458993673325,0.011001951061189175,False,Wahyu Sasongko Putro,Ike Fitriyaningsih
y_OiarcAAAAJ,z7RWDi0AAAAJ,0.017377514392137527,0.009244904853403568,False,Yandhika Surya Akbar Gumilang,Tri Rijanto
A9L19RMAAAAJ,UL2-upoAAAAJ,0.01736864075064659,0.001891855034045875,False,Pradini Puspitaningayu,Dana Azizah Rahmat
n7ykK-IAAAAJ,q-sbahIAAAAJ,0.017368167638778687,0.0015795110957697034,False,Dhiyan Septa Wihara,Ulfa Siti Nuraini
OwdLKtQAAAAJ,ZjPpHWsAAAAJ,0.017365174368023872,0.008959065191447735,False,Fitria,Erik Rahman
hrVTt4kAAAAJ,rnlvOfEAAAAJ,0.017352964729070663,0.003103767754510045,False,Monica Cinthya,Ibrohim
VNrCn4gAAAAJ,ZBAnb64AAAAJ,0.017351314425468445,0.0027622547931969166,False,Ersha Aisyah Elfaiz,Ardhini Warih Utami
1xVR-fgAAAAJ,VwvPnrcAAAAJ,0.0173506960272789,0.009768877178430557,False,1xVR-fgAAAAJ,Nisa Dwi Septiyanti
i0pkJZoAAAAJ,rnlvOfEAAAAJ,0.017341040074825287,0.0021708791609853506,False,Yuni Rosita Dewi,Ibrohim
VNrCn4gAAAAJ,hjllQ9gAAAAJ,0.017339853569865227,0.0015727434074506164,False,Ersha Aisyah Elfaiz,Nur Kholis
DiBTIz4AAAAJ,Iq3gzh4AAAAJ,0.017339326441287994,0.008231326006352901,False,Riskyana Dewi Intan P,Andi Mariono
TB0QfMoAAAAJ,wlGfsB0AAAAJ,0.017338423058390617,0.007228664122521877,False,Miftahur Rohman,Salamun Rohman Nudin
ZBAnb64AAAAJ,n7IAKI0AAAAJ,0.01733650639653206,0.004019966349005699,False,Ardhini Warih Utami,Joko
8wFXNjYAAAAJ,n7ykK-IAAAAJ,0.017330260947346687,0.010443576611578465,False,Naim Rochmawati,Dhiyan Septa Wihara
AX-w0AEAAAAJ,jPKU5cAAAAAJ,0.01732974871993065,0.006127709522843361,False,Hasanuddin Al-Habib,Anggraeni Widya Purwita
5nAJx9wAAAAJ,Smb2eg8AAAAJ,0.017307188361883163,0.016750002279877663,False,Muhammad Fachmi,Nanang Hoesen. H. A.
b4_EdJYAAAAJ,ne31is4AAAAJ,0.017304424196481705,0.020566847175359726,False,Moh. Khoridatul Huda,Danang Ary Dewangga
FZ00CQ8AAAAJ,tzjThtIAAAAJ,0.0172966830432415,0.005600603763014078,False,Rizky Basatha,Elly Matul Imah
Mr22rjsAAAAJ,ZhJ08JkAAAAJ,0.017288612201809883,0.00475793331861496,False,Hesti Khuzaimah Nurul Yusufiyah,Bachtiar Syaiful Bachri
AYI1rosAAAAJ,hrVTt4kAAAAJ,0.0172878410667181,0.005880940705537796,False,Nurhayati,Monica Cinthya
7EQjv9wAAAAJ,rnlvOfEAAAAJ,0.01728508062660694,0.00324456044472754,False,Asmunin,Ibrohim
5nAJx9wAAAAJ,A9L19RMAAAAJ,0.0172737929970026,0.005547207780182362,False,Muhammad Fachmi,Pradini Puspitaningayu
i0pkJZoAAAAJ,nVac1BcAAAAJ,0.017269810661673546,0.0020809818524867296,False,Yuni Rosita Dewi,Rosita
_VFGVQQAAAAJ,sHANI1gAAAAJ,0.017262795940041542,0.0014650404918938875,False,Berlian Maulidya Izzati,Rifqi Firmansyah
LeRoniwAAAAJ,ZjPpHWsAAAAJ,0.017260044813156128,0.005318751558661461,False,Farhanna Mari,Erik Rahman
LsydBAMAAAAJ,wlGfsB0AAAAJ,0.017232317477464676,0.009661874733865261,False,Puput Wanarti Rusimamto,Salamun Rohman Nudin
5uDKOUMAAAAJ,wlGfsB0AAAAJ,0.01723061129450798,0.003972935955971479,False,Heri Purnawan,Salamun Rohman Nudin
iFSMsegAAAAJ,n7ykK-IAAAAJ,0.01722756028175354,0.0032262143213301897,False,Elvira Wardah,Dhiyan Septa Wihara
Smb2eg8AAAAJ,tzjThtIAAAAJ,0.017213180661201477,0.003936854191124439,False,Nanang Hoesen. H. A.,Elly Matul Imah
1hm7MM8AAAAJ,BIrtbD8AAAAJ,0.01721111498773098,0.005319591145962477,False,Reza Rahmadian,Ibnu Febry Kurniawan
aW1lSOYAAAAJ,n7ykK-IAAAAJ,0.017210889607667923,0.01114171463996172,False,Aditya Chandra Hermawan,Dhiyan Septa Wihara
ZjPpHWsAAAAJ,eEtHoOAAAAAJ,0.01720322109758854,0.0290373545140028,False,Erik Rahman,Rahadian Bisma
-gGGkMcAAAAJ,LsydBAMAAAAJ,0.017199834808707237,0.006602257490158081,False,Faris Abdi El Hakim,Puput Wanarti Rusimamto
N40Vh64AAAAJ,Thp8jg0AAAAJ,0.017197705805301666,0.004720775876194239,False,Raden Roro Hapsari Peni Agustin T,Dodik Arwin Dermawan
1xVR-fgAAAAJ,ZRCJXO0AAAAJ,0.01719367876648903,0.004464293364435434,False,1xVR-fgAAAAJ,Riska Dhenabayu
R9rGmc4AAAAJ,zDgqPOsAAAAJ,0.017192421481013298,0.0032625538296997547,False,Kartika Chandra Dewi,Mustaji
AaC4eAwAAAAJ,b81qaDkAAAAJ,0.01718899793922901,0.004374207463115454,False,Fadhilah Qalbi Annisa,Anita Safitri
8wFXNjYAAAAJ,NO8mJucAAAAJ,0.017177876085042953,0.012063548900187016,False,Naim Rochmawati,Wahyu Sasongko Putro
IJIEntMAAAAJ,wwhACXoAAAAJ,0.017175694927573204,0.009237921796739101,False,Yeni Anistyasari,M Adamu Islam Mashuri
N40Vh64AAAAJ,WdhKN0sAAAAJ,0.017167074605822563,0.010465645231306553,False,Raden Roro Hapsari Peni Agustin T,Aditya Prapanca
_ecYpyYAAAAJ,q-sbahIAAAAJ,0.017159080132842064,0.006094770040363073,False,Dinda Galuh Guminta,Ulfa Siti Nuraini
i0pkJZoAAAAJ,wEGsLv4AAAAJ,0.01715042069554329,0.006237006280571222,False,Yuni Rosita Dewi,Ike Fitriyaningsih
-BuJoD0AAAAJ,BIrtbD8AAAAJ,0.017144346609711647,0.002506568795070052,False,Ratih Amelia,Ibnu Febry Kurniawan
6RBIukkAAAAJ,NO8mJucAAAAJ,0.01713501289486885,0.010536479763686657,False,Yatim Riyanto,Wahyu Sasongko Putro
AaC4eAwAAAAJ,AjvtBWIAAAAJ,0.017114290967583656,0.0071799419820308685,False,Fadhilah Qalbi Annisa,Siti Masitoh
RvG7jG4AAAAJ,Tz8EfXcAAAAJ,0.017098575830459595,0.0059146275743842125,False,I Made Suartana,Yuliani Puji Astuti
EBgY5K0AAAAJ,ZRCJXO0AAAAJ,0.017093103379011154,0.013542134314775467,False,Moch. Badrus Oleh,Riska Dhenabayu
DrE0Lf8AAAAJ,OwdLKtQAAAAJ,0.01709023490548134,0.01340626459568739,False,Fresha Kharisma,Fitria
Tp_X_bYAAAAJ,jPKU5cAAAAAJ,0.01708894595503807,0.0049159773625433445,False,Farid Baskoro,Anggraeni Widya Purwita
bTjH6IgAAAAJ,wEGsLv4AAAAJ,0.017086734995245934,0.005241218488663435,False,Achmad Kautsar,Ike Fitriyaningsih
-tpBKawAAAAJ,ZjPpHWsAAAAJ,0.017085878178477287,0.011377885937690735,False,Dimas Novian Aditia Syahputra,Erik Rahman
-gGGkMcAAAAJ,6MXDzBQAAAAJ,0.017079200595617294,0.00572085240855813,False,Faris Abdi El Hakim,Lilik Anifah
BIrtbD8AAAAJ,_n2j0ZAAAAAJ,0.017076510936021805,0.0026591874193400145,False,Ibnu Febry Kurniawan,I Gusti Lanang Putra Eka Prismana
6RBIukkAAAAJ,_VFGVQQAAAAJ,0.017075471580028534,0.01369489450007677,False,Yatim Riyanto,Berlian Maulidya Izzati
-_VNTSIAAAAJ,jPKU5cAAAAAJ,0.017067430540919304,0.009755137376487255,False,Agus Prihanto,Anggraeni Widya Purwita
DsVi_OAAAAAJ,Y4YoRwUAAAAJ,0.01705368421971798,0.0016024046344682574,False,Nadia Nur Thahirrah,Belgis Ainatul Iza
9BWyE0UAAAAJ,FZ00CQ8AAAAJ,0.017053667455911636,0.005130764562636614,False,Endryansyah,Rizky Basatha
W7ncZRgAAAAJ,jJBtZPgAAAAJ,0.017050854861736298,0.009063432924449444,False,Hafid Kholidi Hadi,Siska Puspitaningsih
N40Vh64AAAAJ,XdEn69YAAAAJ,0.01705009490251541,0.004599399399012327,False,Raden Roro Hapsari Peni Agustin T,Cendra Devayana Putra
AX-w0AEAAAAJ,dfwr-2YAAAAJ,0.017045071348547935,0.00641063554212451,False,Hasanuddin Al-Habib,Muhammad Fajar Wahyudi Rahman
DiBTIz4AAAAJ,ZhJ08JkAAAAJ,0.017044005915522575,0.00799574051052332,False,Riskyana Dewi Intan P,Bachtiar Syaiful Bachri
1xVR-fgAAAAJ,n7IAKI0AAAAJ,0.01704198494553566,0.004191674292087555,False,1xVR-fgAAAAJ,Joko
AX-w0AEAAAAJ,IJIEntMAAAAJ,0.01703994907438755,0.01234867051243782,False,Hasanuddin Al-Habib,Yeni Anistyasari
AaC4eAwAAAAJ,IJIEntMAAAAJ,0.017038557678461075,0.011204980313777924,False,Fadhilah Qalbi Annisa,Yeni Anistyasari
RvG7jG4AAAAJ,nVac1BcAAAAJ,0.01703622005879879,0.0021217281464487314,False,I Made Suartana,Rosita
AYI1rosAAAAJ,OffRzhoAAAAJ,0.01703523099422455,0.00695657916367054,False,Nurhayati,Dwi Fatrianto Suyatno
Tp_X_bYAAAAJ,UL2-upoAAAAJ,0.017025044187903404,0.004255649168044329,False,Farid Baskoro,Dana Azizah Rahmat
OwdLKtQAAAAJ,Y4YoRwUAAAAJ,0.017017824575304985,0.0036883936263620853,False,Fitria,Belgis Ainatul Iza
DsVi_OAAAAAJ,lFCI_vsAAAAJ,0.017015837132930756,0.01208444219082594,False,Nadia Nur Thahirrah,Atik Wintarti
AaC4eAwAAAAJ,Iq3gzh4AAAAJ,0.01701180264353752,0.006778777111321688,False,Fadhilah Qalbi Annisa,Andi Mariono
5uDKOUMAAAAJ,WdhKN0sAAAAJ,0.017008205875754356,0.012185136787593365,False,Heri Purnawan,Aditya Prapanca
6MXDzBQAAAAJ,OffRzhoAAAAJ,0.01700419746339321,0.007924837991595268,False,Lilik Anifah,Dwi Fatrianto Suyatno
Y4YoRwUAAAAJ,nWPONc8AAAAJ,0.017000770196318626,0.0032312022522091866,False,Belgis Ainatul Iza,Lusia Rakhmawati
-_VNTSIAAAAJ,BIrtbD8AAAAJ,0.016999773681163788,0.019467679783701897,False,Agus Prihanto,Ibnu Febry Kurniawan
4d_6xxEAAAAJ,DsVi_OAAAAAJ,0.016999265179038048,0.01771152950823307,False,Ghea Sekar Palupi,Nadia Nur Thahirrah
itwnm-AAAAAJ,q24bD6AAAAAJ,0.016996944323182106,0.006887108087539673,False,Achmad Fitro,Martini Dwi Endah Susanti
1xVR-fgAAAAJ,qtFw9UMAAAAJ,0.01698991283774376,0.006310225930064917,False,1xVR-fgAAAAJ,Bambang Sujatmiko
34CwHgkAAAAJ,Y4YoRwUAAAAJ,0.01698129065334797,0.0011103746946901083,False,Riza Akhsani Setyo Prayoga,Belgis Ainatul Iza
1xVR-fgAAAAJ,YADiqesAAAAJ,0.016979722306132317,0.007658384274691343,False,1xVR-fgAAAAJ,Ekohariadi
ZRCJXO0AAAAJ,ZjPpHWsAAAAJ,0.016976211220026016,0.00802036002278328,False,Riska Dhenabayu,Erik Rahman
Y4YoRwUAAAAJ,psg8hdoAAAAJ,0.016973020508885384,0.001429727184586227,False,Belgis Ainatul Iza,Bonda Sisephaputra
L6O1lvkAAAAJ,UL2-upoAAAAJ,0.016971120610833168,0.0036138577852398157,False,Tri Wrahatnolo,Dana Azizah Rahmat
_VFGVQQAAAAJ,z7RWDi0AAAAJ,0.01696447841823101,0.003505605971440673,False,Berlian Maulidya Izzati,Tri Rijanto
5nAJx9wAAAAJ,AjvtBWIAAAAJ,0.016959453001618385,0.016095642000436783,False,Muhammad Fachmi,Siti Masitoh
OffRzhoAAAAJ,p4gdgRgAAAAJ,0.0169533658772707,0.01636669412255287,False,Dwi Fatrianto Suyatno,Rusijono
RNJ3vNQAAAAJ,o4zdesUAAAAJ,0.016904670745134354,0.006195292342454195,False,Harmon Prayogi,Rakha Asyrofi
1xVR-fgAAAAJ,b4_EdJYAAAAJ,0.01689976640045643,0.004747208207845688,False,1xVR-fgAAAAJ,Moh. Khoridatul Huda
DiBTIz4AAAAJ,iFSMsegAAAAJ,0.016897153109312057,0.011775121092796326,False,Riskyana Dewi Intan P,Elvira Wardah
4VXQFKYAAAAJ,q-sbahIAAAAJ,0.01689656637609005,0.0013625721912831068,False,Renny Sari Dewi,Ulfa Siti Nuraini
AaC4eAwAAAAJ,ZhJ08JkAAAAJ,0.01689593307673931,0.0066416943445801735,False,Fadhilah Qalbi Annisa,Bachtiar Syaiful Bachri
C_EGqeMAAAAJ,VwvPnrcAAAAJ,0.016889654099941254,0.00855304952710867,False,Namira Roudlotul Jannah,Nisa Dwi Septiyanti
DrE0Lf8AAAAJ,_ecYpyYAAAAJ,0.016886796802282333,0.005468676332384348,False,Fresha Kharisma,Dinda Galuh Guminta
AaC4eAwAAAAJ,Tp_X_bYAAAAJ,0.016880298033356667,0.010840884409844875,False,Fadhilah Qalbi Annisa,Farid Baskoro
OffRzhoAAAAJ,Smb2eg8AAAAJ,0.01687883399426937,0.016949763521552086,False,Dwi Fatrianto Suyatno,Nanang Hoesen. H. A.
EBgY5K0AAAAJ,q24bD6AAAAAJ,0.016865039244294167,0.014312921091914177,False,Moch. Badrus Oleh,Martini Dwi Endah Susanti
-_VNTSIAAAAJ,n7ykK-IAAAAJ,0.016848230734467506,0.01443174947053194,False,Agus Prihanto,Dhiyan Septa Wihara
-BuJoD0AAAAJ,q-sbahIAAAAJ,0.016846122220158577,0.0029341354966163635,False,Ratih Amelia,Ulfa Siti Nuraini
MZCJPuIAAAAJ,ne31is4AAAAJ,0.0168349277228117,0.012298433110117912,False,Fajar Arianto,Danang Ary Dewangga
34CwHgkAAAAJ,pCyzpjgAAAAJ,0.01682957634329796,0.005851262714713812,False,Riza Akhsani Setyo Prayoga,Nurul Laili
C_EGqeMAAAAJ,zDgqPOsAAAAJ,0.016817132011055946,0.0071866149082779884,False,Namira Roudlotul Jannah,Mustaji
-_VNTSIAAAAJ,EBgY5K0AAAAJ,0.01681680791079998,0.011405717581510544,False,Agus Prihanto,Moch. Badrus Oleh
-gGGkMcAAAAJ,yObeL8gAAAAJ,0.01681474968791008,0.006570740602910519,False,Faris Abdi El Hakim,I Gusti Putu Asto Buditjahjanto
VNrCn4gAAAAJ,dfwr-2YAAAAJ,0.01681089587509632,0.002148415893316269,False,Ersha Aisyah Elfaiz,Muhammad Fajar Wahyudi Rahman
1hm7MM8AAAAJ,_VFGVQQAAAAJ,0.016805222257971764,0.004315544385462999,False,Reza Rahmadian,Berlian Maulidya Izzati
R9rGmc4AAAAJ,ZhJ08JkAAAAJ,0.01679186522960663,0.002711151959374547,False,Kartika Chandra Dewi,Bachtiar Syaiful Bachri
lFCI_vsAAAAJ,yXy6kW0AAAAJ,0.01678982563316822,0.019202690571546555,False,Atik Wintarti,Harun Al Rosyid
6MXDzBQAAAAJ,b4_EdJYAAAAJ,0.016789503395557404,0.003256767289713025,False,Lilik Anifah,Moh. Khoridatul Huda
6MXDzBQAAAAJ,UL2-upoAAAAJ,0.01678328774869442,0.003809939604252577,False,Lilik Anifah,Dana Azizah Rahmat
RES4QIQAAAAJ,b4_EdJYAAAAJ,0.016778919845819473,0.0029331520199775696,False,Arif Widodo,Moh. Khoridatul Huda
TB0QfMoAAAAJ,hrVTt4kAAAAJ,0.0167770404368639,0.007362005300819874,False,Miftahur Rohman,Monica Cinthya
-_VNTSIAAAAJ,MeGE8WAAAAAJ,0.016768209636211395,0.02402408793568611,False,Agus Prihanto,Binti Kholifah
bTjH6IgAAAAJ,rnlvOfEAAAAJ,0.01676379144191742,0.00200858642347157,False,Achmad Kautsar,Ibrohim
q24bD6AAAAAJ,rnlvOfEAAAAJ,0.016756689175963402,0.0018947194330394268,False,Martini Dwi Endah Susanti,Ibrohim
RNJ3vNQAAAAJ,RvG7jG4AAAAJ,0.016751810908317566,0.004500401206314564,False,Harmon Prayogi,I Made Suartana
Yw9l51IAAAAJ,hjllQ9gAAAAJ,0.01674809493124485,0.0012493235990405083,False,Riza Akhsani Setyo Prayoga,Nur Kholis
wwhACXoAAAAJ,z7RWDi0AAAAJ,0.016740771010518074,0.005496148951351643,False,M Adamu Islam Mashuri,Tri Rijanto
4d_6xxEAAAAJ,tzjThtIAAAAJ,0.016739357262849808,0.00889713503420353,False,Ghea Sekar Palupi,Elly Matul Imah
_VFGVQQAAAAJ,wEGsLv4AAAAJ,0.016736257821321487,0.007531703915446997,False,Berlian Maulidya Izzati,Ike Fitriyaningsih
TB0QfMoAAAAJ,o4zdesUAAAAJ,0.0167340449988842,0.016046827659010887,False,Miftahur Rohman,Rakha Asyrofi
Iq3gzh4AAAAJ,wEGsLv4AAAAJ,0.016731951385736465,0.006913599092513323,False,Andi Mariono,Ike Fitriyaningsih
8wFXNjYAAAAJ,ne31is4AAAAJ,0.016717348247766495,0.01453862152993679,False,Naim Rochmawati,Danang Ary Dewangga
1xVR-fgAAAAJ,Yw9l51IAAAAJ,0.0167158842086792,0.0016740949358791113,False,1xVR-fgAAAAJ,Riza Akhsani Setyo Prayoga
Mr22rjsAAAAJ,zDgqPOsAAAAJ,0.01671528071165085,0.005406863056123257,False,Hesti Khuzaimah Nurul Yusufiyah,Mustaji
Em3aIV0AAAAJ,pCyzpjgAAAAJ,0.016715163365006447,0.005042737349867821,False,Ramadhan Cakra Wibawa,Nurul Laili
b4_EdJYAAAAJ,rnlvOfEAAAAJ,0.016714222729206085,0.004971568007022142,False,Moh. Khoridatul Huda,Ibrohim
Mr22rjsAAAAJ,yXy6kW0AAAAJ,0.016712961718440056,0.007639280054718256,False,Hesti Khuzaimah Nurul Yusufiyah,Harun Al Rosyid
N40Vh64AAAAJ,TAAC1-AAAAAJ,0.016705619171261787,0.003507370362058282,False,Raden Roro Hapsari Peni Agustin T,I Gde Agung Sri Sidhimantra
AX-w0AEAAAAJ,VwvPnrcAAAAJ,0.016703348606824875,0.00805945135653019,False,Hasanuddin Al-Habib,Nisa Dwi Septiyanti
8wFXNjYAAAAJ,C_EGqeMAAAAJ,0.016700005158782005,0.008289397694170475,False,Naim Rochmawati,Namira Roudlotul Jannah
2lw6P3IAAAAJ,wEGsLv4AAAAJ,0.016699763014912605,0.0072803436778485775,False,Muhammad Febrilian Dwi Syahputra,Ike Fitriyaningsih
5uDKOUMAAAAJ,CxdwNaYAAAAJ,0.016697358340024948,0.009679731912910938,False,Heri Purnawan,Wiyli Yustanti
p1pK7E4AAAAJ,wlGfsB0AAAAJ,0.016696644946932793,0.010402552783489227,False,Subuh Isnur Haryudo,Salamun Rohman Nudin
S6IJ51cAAAAJ,n7ykK-IAAAAJ,0.016692616045475006,0.00520431250333786,False,Unit Three Kartini,Dhiyan Septa Wihara
Y4YoRwUAAAAJ,dfwr-2YAAAAJ,0.01668701134622097,0.0019314931705594063,False,Belgis Ainatul Iza,Muhammad Fajar Wahyudi Rahman
OwdLKtQAAAAJ,tzjThtIAAAAJ,0.01668386720120907,0.012056037783622742,False,Fitria,Elly Matul Imah
MeGE8WAAAAAJ,itwnm-AAAAAJ,0.01667322963476181,0.0069171348586678505,False,Binti Kholifah,Achmad Fitro
AX-w0AEAAAAJ,n7ykK-IAAAAJ,0.01667241007089615,0.007999200373888016,False,Hasanuddin Al-Habib,Dhiyan Septa Wihara
MnI3Tm0AAAAJ,VwvPnrcAAAAJ,0.01666492223739624,0.0017114903312176466,False,Sayyidul Aulia Alamsyah,Nisa Dwi Septiyanti
bTjH6IgAAAAJ,tzjThtIAAAAJ,0.016662390902638435,0.005559209734201431,False,Achmad Kautsar,Elly Matul Imah
bTjH6IgAAAAJ,nVac1BcAAAAJ,0.016659000888466835,0.0018834229558706284,False,Achmad Kautsar,Rosita
2lw6P3IAAAAJ,L6O1lvkAAAAJ,0.016658494248986244,0.003033625427633524,False,Muhammad Febrilian Dwi Syahputra,Tri Wrahatnolo
1hm7MM8AAAAJ,OwdLKtQAAAAJ,0.016651161015033722,0.005131515674293041,False,Reza Rahmadian,Fitria
A9L19RMAAAAJ,jPKU5cAAAAAJ,0.016648154705762863,0.002179726492613554,False,Pradini Puspitaningayu,Anggraeni Widya Purwita
dfwr-2YAAAAJ,jJBtZPgAAAAJ,0.01664375141263008,0.007230446673929691,False,Muhammad Fajar Wahyudi Rahman,Siska Puspitaningsih
YADiqesAAAAJ,q24bD6AAAAAJ,0.016641918569803238,0.013452386483550072,False,Ekohariadi,Martini Dwi Endah Susanti
ne31is4AAAAJ,q-sbahIAAAAJ,0.01663566194474697,0.003484001848846674,False,Danang Ary Dewangga,Ulfa Siti Nuraini
_VFGVQQAAAAJ,aW1lSOYAAAAJ,0.016631698235869408,0.0036514990497380495,False,Berlian Maulidya Izzati,Aditya Chandra Hermawan
LeRoniwAAAAJ,Y4YoRwUAAAAJ,0.01663033477962017,0.002530652331188321,False,Farhanna Mari,Belgis Ainatul Iza
6MXDzBQAAAAJ,_n2j0ZAAAAAJ,0.016628237441182137,0.008591870777308941,False,Lilik Anifah,I Gusti Lanang Putra Eka Prismana
-gGGkMcAAAAJ,9BWyE0UAAAAJ,0.01660948060452938,0.003664239775389433,False,Faris Abdi El Hakim,Endryansyah
Yw9l51IAAAAJ,wEGsLv4AAAAJ,0.01660844311118126,0.006225927732884884,False,Riza Akhsani Setyo Prayoga,Ike Fitriyaningsih
6ifThF0AAAAJ,BIrtbD8AAAAJ,0.01660366915166378,0.0014007288264110684,False,Ika Diyah Candra Arifah,Ibnu Febry Kurniawan
MeGE8WAAAAAJ,ZhJ08JkAAAAJ,0.016595209017395973,0.012634458020329475,False,Binti Kholifah,Bachtiar Syaiful Bachri
6MXDzBQAAAAJ,wlGfsB0AAAAJ,0.016592564061284065,0.007773436140269041,False,Lilik Anifah,Salamun Rohman Nudin
q-sbahIAAAAJ,zDgqPOsAAAAJ,0.016586868092417717,0.0028540014754980803,False,Ulfa Siti Nuraini,Mustaji
Iq3gzh4AAAAJ,VNrCn4gAAAAJ,0.016585055738687515,0.00291185500100255,False,Andi Mariono,Ersha Aisyah Elfaiz
6RBIukkAAAAJ,AaC4eAwAAAAJ,0.01656951569020748,0.005115281790494919,False,Yatim Riyanto,Fadhilah Qalbi Annisa
MnI3Tm0AAAAJ,pCyzpjgAAAAJ,0.016552673652768135,0.0010805462952703238,False,Sayyidul Aulia Alamsyah,Nurul Laili
5uDKOUMAAAAJ,psg8hdoAAAAJ,0.0165493655949831,0.003795739496126771,False,Heri Purnawan,Bonda Sisephaputra
Iq3gzh4AAAAJ,nVac1BcAAAAJ,0.01654726266860962,0.001929043442942202,False,Andi Mariono,Rosita
9BWyE0UAAAAJ,EBgY5K0AAAAJ,0.016546208411455154,0.003241217928007245,False,Endryansyah,Moch. Badrus Oleh
N40Vh64AAAAJ,cPj-iOIAAAAJ,0.016545789316296577,0.00857593584805727,False,Raden Roro Hapsari Peni Agustin T,Ricky Eka Putra
EBgY5K0AAAAJ,jJBtZPgAAAAJ,0.01654433086514473,0.01234277244657278,False,Moch. Badrus Oleh,Siska Puspitaningsih
AX-w0AEAAAAJ,Tp_X_bYAAAAJ,0.016544291749596596,0.007552380207926035,False,Hasanuddin Al-Habib,Farid Baskoro
iFSMsegAAAAJ,q24bD6AAAAAJ,0.016536612063646317,0.004331499803811312,False,Elvira Wardah,Martini Dwi Endah Susanti
Yw9l51IAAAAJ,q-sbahIAAAAJ,0.01653362065553665,0.001912602107040584,False,Riza Akhsani Setyo Prayoga,Ulfa Siti Nuraini
LsydBAMAAAAJ,o4zdesUAAAAJ,0.016532069072127342,0.014821254648268223,False,Puput Wanarti Rusimamto,Rakha Asyrofi
j8HRV1wAAAAJ,y_OiarcAAAAJ,0.0165316890925169,0.009520130231976509,False,Bambang Suprianto,Yandhika Surya Akbar Gumilang
BIrtbD8AAAAJ,RvG7jG4AAAAJ,0.016531625762581825,0.007930940948426723,False,Ibnu Febry Kurniawan,I Made Suartana
ZBAnb64AAAAJ,ne31is4AAAAJ,0.01652826927602291,0.014889872632920742,False,Ardhini Warih Utami,Danang Ary Dewangga
6RBIukkAAAAJ,ZRCJXO0AAAAJ,0.01652449555695057,0.012220132164657116,False,Yatim Riyanto,Riska Dhenabayu
wwhACXoAAAAJ,yObeL8gAAAAJ,0.016515355557203293,0.004157800227403641,False,M Adamu Islam Mashuri,I Gusti Putu Asto Buditjahjanto
-gGGkMcAAAAJ,RES4QIQAAAAJ,0.01651465706527233,0.004397799260914326,False,Faris Abdi El Hakim,Arif Widodo
TAAC1-AAAAAJ,wEGsLv4AAAAJ,0.01651167683303356,0.004324284847825766,False,I Gde Agung Sri Sidhimantra,Ike Fitriyaningsih
DsVi_OAAAAAJ,R9rGmc4AAAAJ,0.016507595777511597,0.0023922224063426256,False,Nadia Nur Thahirrah,Kartika Chandra Dewi
j8HRV1wAAAAJ,n7ykK-IAAAAJ,0.01649703085422516,0.0060623567551374435,False,Bambang Suprianto,Dhiyan Septa Wihara
pCyzpjgAAAAJ,wwhACXoAAAAJ,0.016496242955327034,0.014477413147687912,False,Nurul Laili,M Adamu Islam Mashuri
YADiqesAAAAJ,o4zdesUAAAAJ,0.016494324430823326,0.012935100123286247,False,Ekohariadi,Rakha Asyrofi
DiBTIz4AAAAJ,q24bD6AAAAAJ,0.01649097539484501,0.01116977259516716,False,Riskyana Dewi Intan P,Martini Dwi Endah Susanti
MeGE8WAAAAAJ,hjllQ9gAAAAJ,0.016486961394548416,0.003466209629550576,False,Binti Kholifah,Nur Kholis
Mr22rjsAAAAJ,_VFGVQQAAAAJ,0.01648508384823799,0.0034335937816649675,False,Hesti Khuzaimah Nurul Yusufiyah,Berlian Maulidya Izzati
cY1QGVEAAAAJ,pCyzpjgAAAAJ,0.01648125611245632,0.005759564694017172,False,Muhammad Sonhaji Akbar,Nurul Laili
OffRzhoAAAAJ,ne31is4AAAAJ,0.016474077478051186,0.02245466224849224,False,Dwi Fatrianto Suyatno,Danang Ary Dewangga
CxdwNaYAAAAJ,nVac1BcAAAAJ,0.016464754939079285,0.002528440672904253,False,Wiyli Yustanti,Rosita
NO8mJucAAAAJ,ZhJ08JkAAAAJ,0.01646396704018116,0.013486510142683983,False,Wahyu Sasongko Putro,Bachtiar Syaiful Bachri
-tpBKawAAAAJ,BIrtbD8AAAAJ,0.01645280420780182,0.0012980777537450194,False,Dimas Novian Aditia Syahputra,Ibnu Febry Kurniawan
1xVR-fgAAAAJ,_n2j0ZAAAAAJ,0.01643882878124714,0.007078336551785469,False,1xVR-fgAAAAJ,I Gusti Lanang Putra Eka Prismana
eEtHoOAAAAAJ,tzjThtIAAAAJ,0.016431953758001328,0.007216060534119606,False,Rahadian Bisma,Elly Matul Imah
Iq3gzh4AAAAJ,rnlvOfEAAAAJ,0.01643185317516327,0.0020581218414008617,False,Andi Mariono,Ibrohim
MZCJPuIAAAAJ,R9rGmc4AAAAJ,0.016429634764790535,0.001833360642194748,False,Fajar Arianto,Kartika Chandra Dewi
N6RJilIAAAAJ,_VFGVQQAAAAJ,0.016425758600234985,0.00860581360757351,False,Anita Qoiriah,Berlian Maulidya Izzati
9BWyE0UAAAAJ,RvG7jG4AAAAJ,0.016424743458628654,0.02188311703503132,False,Endryansyah,I Made Suartana
VwvPnrcAAAAJ,n7IAKI0AAAAJ,0.016420019790530205,0.0017973907524719834,False,Nisa Dwi Septiyanti,Joko
o4zdesUAAAAJ,yObeL8gAAAAJ,0.01641034334897995,0.017811769619584084,False,Rakha Asyrofi,I Gusti Putu Asto Buditjahjanto
JsEkeOsAAAAJ,Mr22rjsAAAAJ,0.016399400308728218,0.004337619058787823,False,Ari Kurniawan,Hesti Khuzaimah Nurul Yusufiyah
Iq3gzh4AAAAJ,Y4YoRwUAAAAJ,0.01639823243021965,0.001997018698602915,False,Andi Mariono,Belgis Ainatul Iza
RNJ3vNQAAAAJ,eEtHoOAAAAAJ,0.016396064311265945,0.004509261809289455,False,Harmon Prayogi,Rahadian Bisma
nbtuM4IAAAAJ,wwhACXoAAAAJ,0.016393618658185005,0.003414931707084179,False,Parama Diptya Widayaka,M Adamu Islam Mashuri
1xVR-fgAAAAJ,rnlvOfEAAAAJ,0.016393426805734634,0.0016748968046158552,False,1xVR-fgAAAAJ,Ibrohim
6RBIukkAAAAJ,AX-w0AEAAAAJ,0.01639089733362198,0.011398176662623882,False,Yatim Riyanto,Hasanuddin Al-Habib
MeGE8WAAAAAJ,Tz8EfXcAAAAJ,0.016390757635235786,0.015779705718159676,False,Binti Kholifah,Yuliani Puji Astuti
MeGE8WAAAAAJ,p4gdgRgAAAAJ,0.016374552622437477,0.01727878488600254,False,Binti Kholifah,Rusijono
IJIEntMAAAAJ,NO8mJucAAAAJ,0.016373470425605774,0.007582573220133781,False,Yeni Anistyasari,Wahyu Sasongko Putro
pb3-UjwAAAAJ,wwhACXoAAAAJ,0.016363967210054398,0.0031929670367389917,False,Moch Deny Pratama,M Adamu Islam Mashuri
5nAJx9wAAAAJ,_n2j0ZAAAAAJ,0.01636282168328762,0.01315408106893301,False,Muhammad Fachmi,I Gusti Lanang Putra Eka Prismana
j8HRV1wAAAAJ,jPKU5cAAAAAJ,0.0163622684776783,0.004976889118552208,False,Bambang Suprianto,Anggraeni Widya Purwita
RvG7jG4AAAAJ,n7IAKI0AAAAJ,0.01636091247200966,0.007692360319197178,False,I Made Suartana,Joko
tzjThtIAAAAJ,z7RWDi0AAAAJ,0.016359983012080193,0.010480433702468872,False,Elly Matul Imah,Tri Rijanto
6ifThF0AAAAJ,q-sbahIAAAAJ,0.016357149928808212,0.00156984303612262,False,Ika Diyah Candra Arifah,Ulfa Siti Nuraini
BIrtbD8AAAAJ,LeRoniwAAAAJ,0.01635405234992504,0.003749379888176918,False,Ibnu Febry Kurniawan,Farhanna Mari
Mr22rjsAAAAJ,UL2-upoAAAAJ,0.016346344724297523,0.003918802831321955,False,Hesti Khuzaimah Nurul Yusufiyah,Dana Azizah Rahmat
NO8mJucAAAAJ,lFCI_vsAAAAJ,0.016340220347046852,0.012462561018764973,False,Wahyu Sasongko Putro,Atik Wintarti
5uDKOUMAAAAJ,cY1QGVEAAAAJ,0.016333406791090965,0.004221376031637192,False,Heri Purnawan,Muhammad Sonhaji Akbar
j8HRV1wAAAAJ,t5f89iIAAAAJ,0.01632492057979107,0.009636279195547104,False,Bambang Suprianto,Andi Iwan Nurhidayat
C_EGqeMAAAAJ,MZCJPuIAAAAJ,0.01632351242005825,0.006718856748193502,False,Namira Roudlotul Jannah,Fajar Arianto
YADiqesAAAAJ,_n2j0ZAAAAAJ,0.016300398856401443,0.012625553645193577,False,Ekohariadi,I Gusti Lanang Putra Eka Prismana
4VXQFKYAAAAJ,OwdLKtQAAAAJ,0.01629917323589325,0.013659534975886345,False,Renny Sari Dewi,Fitria
6f4j4TYAAAAJ,q24bD6AAAAAJ,0.01629648357629776,0.011090514250099659,False,Mahendra Widyartono,Martini Dwi Endah Susanti
2lw6P3IAAAAJ,VNrCn4gAAAAJ,0.0162955429404974,0.0035678285639733076,False,Muhammad Febrilian Dwi Syahputra,Ersha Aisyah Elfaiz
R9rGmc4AAAAJ,S6IJ51cAAAAJ,0.01628894731402397,0.001744617591612041,False,Kartika Chandra Dewi,Unit Three Kartini
OffRzhoAAAAJ,RNJ3vNQAAAAJ,0.016288787126541138,0.00462300144135952,False,Dwi Fatrianto Suyatno,Harmon Prayogi
R9rGmc4AAAAJ,W7ncZRgAAAAJ,0.01628449372947216,0.0021953873801976442,False,Kartika Chandra Dewi,Hafid Kholidi Hadi
YADiqesAAAAJ,i0pkJZoAAAAJ,0.016278155148029327,0.011025877669453621,False,Ekohariadi,Yuni Rosita Dewi
1hm7MM8AAAAJ,Tz8EfXcAAAAJ,0.01627577282488346,0.004574247635900974,False,Reza Rahmadian,Yuliani Puji Astuti
-gGGkMcAAAAJ,AYI1rosAAAAJ,0.016272498294711113,0.004531850107014179,False,Faris Abdi El Hakim,Nurhayati
L6O1lvkAAAAJ,OffRzhoAAAAJ,0.016270285472273827,0.008462591096758842,False,Tri Wrahatnolo,Dwi Fatrianto Suyatno
TB0QfMoAAAAJ,jPKU5cAAAAAJ,0.01626548543572426,0.0039056676905602217,False,Miftahur Rohman,Anggraeni Widya Purwita
ZRCJXO0AAAAJ,pb3-UjwAAAAJ,0.016264546662569046,0.0014056793879717588,False,Riska Dhenabayu,Moch Deny Pratama
AaC4eAwAAAAJ,psg8hdoAAAAJ,0.016264211386442184,0.006702703423798084,False,Fadhilah Qalbi Annisa,Bonda Sisephaputra
BIrtbD8AAAAJ,lmlBHlsAAAAJ,0.01626107655465603,0.008216837421059608,False,Ibnu Febry Kurniawan,Widi Aribowo
RNJ3vNQAAAAJ,ZBAnb64AAAAJ,0.016260351985692978,0.003843863494694233,False,Harmon Prayogi,Ardhini Warih Utami
L6O1lvkAAAAJ,ZBAnb64AAAAJ,0.01625928469002247,0.0067658331245183945,False,Tri Wrahatnolo,Ardhini Warih Utami
FZ00CQ8AAAAJ,N40Vh64AAAAJ,0.016253527253866196,0.0028467809315770864,False,Rizky Basatha,Raden Roro Hapsari Peni Agustin T
OwdLKtQAAAAJ,VNrCn4gAAAAJ,0.016248641535639763,0.007112171500921249,False,Fitria,Ersha Aisyah Elfaiz
1hm7MM8AAAAJ,tzjThtIAAAAJ,0.01624615490436554,0.011614975519478321,False,Reza Rahmadian,Elly Matul Imah
-_VNTSIAAAAJ,yXy6kW0AAAAJ,0.016237828880548477,0.02519713155925274,False,Agus Prihanto,Harun Al Rosyid
DrE0Lf8AAAAJ,q-sbahIAAAAJ,0.016236867755651474,0.002033592900261283,False,Fresha Kharisma,Ulfa Siti Nuraini
AYI1rosAAAAJ,tzjThtIAAAAJ,0.016227899119257927,0.009584984742105007,False,Nurhayati,Elly Matul Imah
L6O1lvkAAAAJ,RvG7jG4AAAAJ,0.01622757874429226,0.017775263637304306,False,Tri Wrahatnolo,I Made Suartana
4d_6xxEAAAAJ,DiBTIz4AAAAJ,0.01622396893799305,0.00772982370108366,False,Ghea Sekar Palupi,Riskyana Dewi Intan P
4VXQFKYAAAAJ,Mr22rjsAAAAJ,0.016221916303038597,0.002333474811166525,False,Renny Sari Dewi,Hesti Khuzaimah Nurul Yusufiyah
MnI3Tm0AAAAJ,ZBAnb64AAAAJ,0.01620723493397236,0.003764516208320856,False,Sayyidul Aulia Alamsyah,Ardhini Warih Utami
ne31is4AAAAJ,qtFw9UMAAAAJ,0.016205737367272377,0.008576941676437855,False,Danang Ary Dewangga,Bambang Sujatmiko
34CwHgkAAAAJ,N40Vh64AAAAJ,0.016205167397856712,0.0026273441035300493,False,Riza Akhsani Setyo Prayoga,Raden Roro Hapsari Peni Agustin T
CxdwNaYAAAAJ,_ecYpyYAAAAJ,0.016196494922041893,0.005799536593258381,False,Wiyli Yustanti,Dinda Galuh Guminta
R9rGmc4AAAAJ,pb3-UjwAAAAJ,0.016194863244891167,0.0021174666471779346,False,Kartika Chandra Dewi,Moch Deny Pratama
aW1lSOYAAAAJ,wlGfsB0AAAAJ,0.01619287207722664,0.017415190115571022,False,Aditya Chandra Hermawan,Salamun Rohman Nudin
MnI3Tm0AAAAJ,jPKU5cAAAAAJ,0.016191793605685234,0.001862801262177527,False,Sayyidul Aulia Alamsyah,Anggraeni Widya Purwita
aW1lSOYAAAAJ,q24bD6AAAAAJ,0.0161807369440794,0.013560804538428783,False,Aditya Chandra Hermawan,Martini Dwi Endah Susanti
ZhJ08JkAAAAJ,yXy6kW0AAAAJ,0.01617436297237873,0.018644342198967934,False,Bachtiar Syaiful Bachri,Harun Al Rosyid
4d_6xxEAAAAJ,Yw9l51IAAAAJ,0.016151076182723045,0.0025039557367563248,False,Ghea Sekar Palupi,Riza Akhsani Setyo Prayoga
BIrtbD8AAAAJ,p4gdgRgAAAAJ,0.016149265691637993,0.0030961076263338327,False,Ibnu Febry Kurniawan,Rusijono
AX-w0AEAAAAJ,itwnm-AAAAAJ,0.016149228438735008,0.004042832646518946,False,Hasanuddin Al-Habib,Achmad Fitro
MZCJPuIAAAAJ,Yw9l51IAAAAJ,0.016143668442964554,0.001988773699849844,False,Fajar Arianto,Riza Akhsani Setyo Prayoga
AjvtBWIAAAAJ,Y4YoRwUAAAAJ,0.0161421000957489,0.0021712337620556355,False,Siti Masitoh,Belgis Ainatul Iza
AX-w0AEAAAAJ,_VFGVQQAAAAJ,0.01613537035882473,0.0056201689876616,False,Hasanuddin Al-Habib,Berlian Maulidya Izzati
ZRCJXO0AAAAJ,j8HRV1wAAAAJ,0.0161348395049572,0.0019463406642898917,False,Riska Dhenabayu,Bambang Suprianto
b81qaDkAAAAJ,rnlvOfEAAAAJ,0.016132712364196777,0.0016572108725085855,False,Anita Safitri,Ibrohim
Y4YoRwUAAAAJ,y_OiarcAAAAJ,0.016131039708852768,0.0022372789680957794,False,Belgis Ainatul Iza,Yandhika Surya Akbar Gumilang
AaC4eAwAAAAJ,lmlBHlsAAAAJ,0.01612730883061886,0.009729120880365372,False,Fadhilah Qalbi Annisa,Widi Aribowo
VwvPnrcAAAAJ,tzjThtIAAAAJ,0.016115283593535423,0.00364791345782578,False,Nisa Dwi Septiyanti,Elly Matul Imah
AX-w0AEAAAAJ,RNJ3vNQAAAAJ,0.01611245609819889,0.0029480226803570986,False,Hasanuddin Al-Habib,Harmon Prayogi
b81qaDkAAAAJ,nVac1BcAAAAJ,0.016110777854919434,0.0015893817180767655,False,Anita Safitri,Rosita
6RBIukkAAAAJ,Mr22rjsAAAAJ,0.016109660267829895,0.0029311026446521282,False,Yatim Riyanto,Hesti Khuzaimah Nurul Yusufiyah
q-sbahIAAAAJ,q24bD6AAAAAJ,0.01610456593334675,0.0038627118337899446,False,Ulfa Siti Nuraini,Martini Dwi Endah Susanti
RvG7jG4AAAAJ,VNrCn4gAAAAJ,0.016100063920021057,0.0025818748399615288,False,I Made Suartana,Ersha Aisyah Elfaiz
6ifThF0AAAAJ,Mr22rjsAAAAJ,0.016097087413072586,0.0021469518542289734,False,Ika Diyah Candra Arifah,Hesti Khuzaimah Nurul Yusufiyah
4Yhmpg0AAAAJ,jJBtZPgAAAAJ,0.0160919688642025,0.008058540523052216,False,Hujjatullah Fazlurrahman,Siska Puspitaningsih
N40Vh64AAAAJ,hn5jrnAAAAAJ,0.016090504825115204,0.012178738601505756,False,Raden Roro Hapsari Peni Agustin T,Yuni Yamasari
4VXQFKYAAAAJ,BIrtbD8AAAAJ,0.016085613518953323,0.001093705534003675,False,Renny Sari Dewi,Ibnu Febry Kurniawan
8wFXNjYAAAAJ,DsVi_OAAAAAJ,0.016082067042589188,0.012542863376438618,False,Naim Rochmawati,Nadia Nur Thahirrah
VwvPnrcAAAAJ,YADiqesAAAAJ,0.016081102192401886,0.004846201278269291,False,Nisa Dwi Septiyanti,Ekohariadi
iFSMsegAAAAJ,nbtuM4IAAAAJ,0.016077691689133644,0.0025642812252044678,False,Elvira Wardah,Parama Diptya Widayaka
NO8mJucAAAAJ,Tp_X_bYAAAAJ,0.016075260937213898,0.005048602353781462,False,Wahyu Sasongko Putro,Farid Baskoro
tzjThtIAAAAJ,yObeL8gAAAAJ,0.01606833189725876,0.009866654872894287,False,Elly Matul Imah,I Gusti Putu Asto Buditjahjanto
1hm7MM8AAAAJ,jJBtZPgAAAAJ,0.016066906973719597,0.004623806569725275,False,Reza Rahmadian,Siska Puspitaningsih
IJIEntMAAAAJ,yXy6kW0AAAAJ,0.01606300286948681,0.01582971028983593,False,Yeni Anistyasari,Harun Al Rosyid
cPj-iOIAAAAJ,nVac1BcAAAAJ,0.0160581823438406,0.002121666446328163,False,Ricky Eka Putra,Rosita
1xVR-fgAAAAJ,nVac1BcAAAAJ,0.016052132472395897,0.0014330883277580142,False,1xVR-fgAAAAJ,Rosita
MeGE8WAAAAAJ,nWPONc8AAAAJ,0.016047801822423935,0.004291725344955921,False,Binti Kholifah,Lusia Rakhmawati
9BWyE0UAAAAJ,Smb2eg8AAAAJ,0.016045385971665382,0.005143806803971529,False,Endryansyah,Nanang Hoesen. H. A.
jJBtZPgAAAAJ,pCyzpjgAAAAJ,0.01603657938539982,0.018796097487211227,False,Siska Puspitaningsih,Nurul Laili
p1pK7E4AAAAJ,t5f89iIAAAAJ,0.01603645086288452,0.010514343157410622,False,Subuh Isnur Haryudo,Andi Iwan Nurhidayat
_VFGVQQAAAAJ,yObeL8gAAAAJ,0.016034089028835297,0.0027167880907654762,False,Berlian Maulidya Izzati,I Gusti Putu Asto Buditjahjanto
6f4j4TYAAAAJ,n7ykK-IAAAAJ,0.016030900180339813,0.007346391677856445,False,Mahendra Widyartono,Dhiyan Septa Wihara
Yw9l51IAAAAJ,nWPONc8AAAAJ,0.01601587049663067,0.001419832813553512,False,Riza Akhsani Setyo Prayoga,Lusia Rakhmawati
AaC4eAwAAAAJ,_ecYpyYAAAAJ,0.016012445092201233,0.009887106716632843,False,Fadhilah Qalbi Annisa,Dinda Galuh Guminta
A9L19RMAAAAJ,VwvPnrcAAAAJ,0.016009101644158363,0.0016475613228976727,False,Pradini Puspitaningayu,Nisa Dwi Septiyanti
9BWyE0UAAAAJ,UL2-upoAAAAJ,0.015993837267160416,0.002937986981123686,False,Endryansyah,Dana Azizah Rahmat
TB0QfMoAAAAJ,n7ykK-IAAAAJ,0.015987642109394073,0.0047089760191738605,False,Miftahur Rohman,Dhiyan Septa Wihara
nVac1BcAAAAJ,pCyzpjgAAAAJ,0.015986889600753784,0.004405149724334478,False,Rosita,Nurul Laili
BIrtbD8AAAAJ,hn5jrnAAAAAJ,0.015979142859578133,0.011828072369098663,False,Ibnu Febry Kurniawan,Yuni Yamasari
4Yhmpg0AAAAJ,OwdLKtQAAAAJ,0.015977494418621063,0.010738779790699482,False,Hujjatullah Fazlurrahman,Fitria
LeRoniwAAAAJ,YADiqesAAAAJ,0.015973566100001335,0.004764530807733536,False,Farhanna Mari,Ekohariadi
-BuJoD0AAAAJ,wEGsLv4AAAAJ,0.015968604013323784,0.008986149914562702,False,Ratih Amelia,Ike Fitriyaningsih
AaC4eAwAAAAJ,Y4YoRwUAAAAJ,0.015955131500959396,0.006581964902579784,False,Fadhilah Qalbi Annisa,Belgis Ainatul Iza
9BWyE0UAAAAJ,q24bD6AAAAAJ,0.015953004360198975,0.006634409539401531,False,Endryansyah,Martini Dwi Endah Susanti
-_VNTSIAAAAJ,NO8mJucAAAAJ,0.01594790816307068,0.016307806596159935,False,Agus Prihanto,Wahyu Sasongko Putro
1xVR-fgAAAAJ,N6RJilIAAAAJ,0.01593780145049095,0.01575714536011219,False,1xVR-fgAAAAJ,Anita Qoiriah
_ecYpyYAAAAJ,tzjThtIAAAAJ,0.015930205583572388,0.010315285064280033,False,Dinda Galuh Guminta,Elly Matul Imah
DiBTIz4AAAAJ,Em3aIV0AAAAJ,0.015930071473121643,0.011804177425801754,False,Riskyana Dewi Intan P,Ramadhan Cakra Wibawa
S6IJ51cAAAAJ,wwhACXoAAAAJ,0.015927819535136223,0.005020468030124903,False,Unit Three Kartini,M Adamu Islam Mashuri
NO8mJucAAAAJ,p1pK7E4AAAAJ,0.015927474945783615,0.005600704811513424,False,Wahyu Sasongko Putro,Subuh Isnur Haryudo
Mr22rjsAAAAJ,hjllQ9gAAAAJ,0.015927447006106377,0.004466598387807608,True,Hesti Khuzaimah Nurul Yusufiyah,Nur Kholis
DiBTIz4AAAAJ,Tp_X_bYAAAAJ,0.01592652127146721,0.011280989274382591,False,Riskyana Dewi Intan P,Farid Baskoro
NO8mJucAAAAJ,sHANI1gAAAAJ,0.015924271196126938,0.003191090188920498,False,Wahyu Sasongko Putro,Rifqi Firmansyah
Yw9l51IAAAAJ,itwnm-AAAAAJ,0.01592039316892624,0.0013347124913707376,False,Riza Akhsani Setyo Prayoga,Achmad Fitro
4d_6xxEAAAAJ,OwdLKtQAAAAJ,0.015913469716906548,0.011319051496684551,False,Ghea Sekar Palupi,Fitria
ZjPpHWsAAAAJ,o4zdesUAAAAJ,0.015910370275378227,0.006389086600393057,False,Erik Rahman,Rakha Asyrofi
hrVTt4kAAAAJ,n7IAKI0AAAAJ,0.01590937003493309,0.0030831354670226574,False,Monica Cinthya,Joko
A9L19RMAAAAJ,Mr22rjsAAAAJ,0.015905585139989853,0.0034270703326910734,False,Pradini Puspitaningayu,Hesti Khuzaimah Nurul Yusufiyah
XdEn69YAAAAJ,iFSMsegAAAAJ,0.015904130414128304,0.0024492142256349325,False,Cendra Devayana Putra,Elvira Wardah
DiBTIz4AAAAJ,bTjH6IgAAAAJ,0.015903472900390625,0.0060905818827450275,False,Riskyana Dewi Intan P,Achmad Kautsar
N40Vh64AAAAJ,cY1QGVEAAAAJ,0.015903377905488014,0.0055109248496592045,False,Raden Roro Hapsari Peni Agustin T,Muhammad Sonhaji Akbar
WdhKN0sAAAAJ,ne31is4AAAAJ,0.015901479870080948,0.009428334422409534,False,Aditya Prapanca,Danang Ary Dewangga
AX-w0AEAAAAJ,EBgY5K0AAAAJ,0.015896998345851898,0.006184505298733711,False,Hasanuddin Al-Habib,Moch. Badrus Oleh
C_EGqeMAAAAJ,Iq3gzh4AAAAJ,0.01588764600455761,0.007254813332110643,False,Namira Roudlotul Jannah,Andi Mariono
6f4j4TYAAAAJ,_n2j0ZAAAAAJ,0.01588699035346508,0.010206854902207851,True,Mahendra Widyartono,I Gusti Lanang Putra Eka Prismana
6ifThF0AAAAJ,rnlvOfEAAAAJ,0.015883462503552437,0.001926962286233902,False,Ika Diyah Candra Arifah,Ibrohim
yXy6kW0AAAAJ,z7RWDi0AAAAJ,0.015879878774285316,0.006558619439601898,False,Harun Al Rosyid,Tri Rijanto
A9L19RMAAAAJ,jJBtZPgAAAAJ,0.015879454091191292,0.002215571468695998,False,Pradini Puspitaningayu,Siska Puspitaningsih
2lw6P3IAAAAJ,q-sbahIAAAAJ,0.015878068283200264,0.001654046936891973,False,Muhammad Febrilian Dwi Syahputra,Ulfa Siti Nuraini
A9L19RMAAAAJ,iFSMsegAAAAJ,0.015874894335865974,0.0038726807106286287,False,Pradini Puspitaningayu,Elvira Wardah
C_EGqeMAAAAJ,MnI3Tm0AAAAJ,0.015872957184910774,0.002703568898141384,False,Namira Roudlotul Jannah,Sayyidul Aulia Alamsyah
DiBTIz4AAAAJ,lmlBHlsAAAAJ,0.015871012583374977,0.010475682094693184,False,Riskyana Dewi Intan P,Widi Aribowo
_n2j0ZAAAAAJ,iFSMsegAAAAJ,0.015870610252022743,0.0032382227946072817,False,I Gusti Lanang Putra Eka Prismana,Elvira Wardah
Jzuk6doAAAAJ,iFSMsegAAAAJ,0.01586313545703888,0.0038234686944633722,False,Aries Dwi Indriyanti,Elvira Wardah
ZRCJXO0AAAAJ,hn5jrnAAAAAJ,0.015850866213440895,0.0043455203995108604,False,Riska Dhenabayu,Yuni Yamasari
9BWyE0UAAAAJ,OffRzhoAAAAJ,0.015849079936742783,0.006714528426527977,False,Endryansyah,Dwi Fatrianto Suyatno
9BWyE0UAAAAJ,ZBAnb64AAAAJ,0.01584797166287899,0.005488606169819832,False,Endryansyah,Ardhini Warih Utami
Tp_X_bYAAAAJ,n7ykK-IAAAAJ,0.015847882255911827,0.005477319471538067,False,Farid Baskoro,Dhiyan Septa Wihara
-BuJoD0AAAAJ,tzjThtIAAAAJ,0.015843873843550682,0.007954730652272701,False,Ratih Amelia,Elly Matul Imah
Mr22rjsAAAAJ,t5f89iIAAAAJ,0.015835490077733994,0.009618242271244526,False,Hesti Khuzaimah Nurul Yusufiyah,Andi Iwan Nurhidayat
7EQjv9wAAAAJ,pCyzpjgAAAAJ,0.015833476558327675,0.010704784654080868,False,Asmunin,Nurul Laili
5uDKOUMAAAAJ,cPj-iOIAAAAJ,0.015833459794521332,0.007571573369204998,False,Heri Purnawan,Ricky Eka Putra
1xVR-fgAAAAJ,ZBAnb64AAAAJ,0.015832962468266487,0.007520277053117752,False,1xVR-fgAAAAJ,Ardhini Warih Utami
6f4j4TYAAAAJ,N40Vh64AAAAJ,0.01582857221364975,0.008036788552999496,False,Mahendra Widyartono,Raden Roro Hapsari Peni Agustin T
NO8mJucAAAAJ,TB0QfMoAAAAJ,0.015824947506189346,0.004362551495432854,False,Wahyu Sasongko Putro,Miftahur Rohman
6f4j4TYAAAAJ,wlGfsB0AAAAJ,0.015822134912014008,0.011220967397093773,False,Mahendra Widyartono,Salamun Rohman Nudin
N6RJilIAAAAJ,R9rGmc4AAAAJ,0.01581413857638836,0.004636287223547697,False,Anita Qoiriah,Kartika Chandra Dewi
Mr22rjsAAAAJ,Tz8EfXcAAAAJ,0.015809472650289536,0.004244793206453323,False,Hesti Khuzaimah Nurul Yusufiyah,Yuliani Puji Astuti
VNrCn4gAAAAJ,nbtuM4IAAAAJ,0.015807637944817543,0.0009062367025762796,False,Ersha Aisyah Elfaiz,Parama Diptya Widayaka
NO8mJucAAAAJ,ZjPpHWsAAAAJ,0.015803737565875053,0.013106887228786945,False,Wahyu Sasongko Putro,Erik Rahman
DiBTIz4AAAAJ,_ecYpyYAAAAJ,0.015780005604028702,0.01000809483230114,False,Riskyana Dewi Intan P,Dinda Galuh Guminta
MZCJPuIAAAAJ,iFSMsegAAAAJ,0.015779562294483185,0.005692386534065008,False,Fajar Arianto,Elvira Wardah
DrE0Lf8AAAAJ,rnlvOfEAAAAJ,0.015778014436364174,0.0023026366252452135,False,Fresha Kharisma,Ibrohim
1xVR-fgAAAAJ,q24bD6AAAAAJ,0.015775881707668304,0.006618739105761051,False,1xVR-fgAAAAJ,Martini Dwi Endah Susanti
C_EGqeMAAAAJ,IJIEntMAAAAJ,0.01577586680650711,0.006627416703850031,False,Namira Roudlotul Jannah,Yeni Anistyasari
MeGE8WAAAAAJ,lmlBHlsAAAAJ,0.01577531173825264,0.003310753032565117,False,Binti Kholifah,Widi Aribowo
AYI1rosAAAAJ,LeRoniwAAAAJ,0.015771817415952682,0.002262904541566968,False,Nurhayati,Farhanna Mari
A9L19RMAAAAJ,Y4YoRwUAAAAJ,0.01577180251479149,0.003444790141656995,False,Pradini Puspitaningayu,Belgis Ainatul Iza
b81qaDkAAAAJ,wEGsLv4AAAAJ,0.015762804076075554,0.00508254487067461,False,Anita Safitri,Ike Fitriyaningsih
iFSMsegAAAAJ,itwnm-AAAAAJ,0.015762634575366974,0.0020002834498882294,False,Elvira Wardah,Achmad Fitro
RES4QIQAAAAJ,o4zdesUAAAAJ,0.01575285755097866,0.012368629686534405,False,Arif Widodo,Rakha Asyrofi
-tpBKawAAAAJ,YADiqesAAAAJ,0.01575283519923687,0.005219877697527409,False,Dimas Novian Aditia Syahputra,Ekohariadi
5uDKOUMAAAAJ,Jzuk6doAAAAJ,0.015737175941467285,0.004648210480809212,False,Heri Purnawan,Aries Dwi Indriyanti
MeGE8WAAAAAJ,q-sbahIAAAAJ,0.015735389664769173,0.004077843856066465,False,Binti Kholifah,Ulfa Siti Nuraini
NO8mJucAAAAJ,j8HRV1wAAAAJ,0.015735270455479622,0.005098997615277767,False,Wahyu Sasongko Putro,Bambang Suprianto
ZRCJXO0AAAAJ,p1pK7E4AAAAJ,0.015730131417512894,0.0020649489015340805,False,Riska Dhenabayu,Subuh Isnur Haryudo
-BuJoD0AAAAJ,Mr22rjsAAAAJ,0.0157270897179842,0.0038350666873157024,False,Ratih Amelia,Hesti Khuzaimah Nurul Yusufiyah
8wFXNjYAAAAJ,yXy6kW0AAAAJ,0.015725480392575264,0.015142799355089664,False,Naim Rochmawati,Harun Al Rosyid
ZRCJXO0AAAAJ,wEGsLv4AAAAJ,0.015716422349214554,0.00753351766616106,False,Riska Dhenabayu,Ike Fitriyaningsih
Y4YoRwUAAAAJ,jPKU5cAAAAAJ,0.015708183869719505,0.0010670729679986835,False,Belgis Ainatul Iza,Anggraeni Widya Purwita
-gGGkMcAAAAJ,rnlvOfEAAAAJ,0.015700068324804306,0.0035023288801312447,False,Faris Abdi El Hakim,Ibrohim
-gGGkMcAAAAJ,nVac1BcAAAAJ,0.01569424197077751,0.003334800712764263,False,Faris Abdi El Hakim,Rosita
Y4YoRwUAAAAJ,jJBtZPgAAAAJ,0.015692437067627907,0.0032468426506966352,False,Belgis Ainatul Iza,Siska Puspitaningsih
ZRCJXO0AAAAJ,iFSMsegAAAAJ,0.015687281265854836,0.004272566642612219,False,Riska Dhenabayu,Elvira Wardah
Iq3gzh4AAAAJ,MeGE8WAAAAAJ,0.01568455621600151,0.009356609545648098,False,Andi Mariono,Binti Kholifah
6ifThF0AAAAJ,wEGsLv4AAAAJ,0.015684306621551514,0.004694785922765732,False,Ika Diyah Candra Arifah,Ike Fitriyaningsih
o4zdesUAAAAJ,wEGsLv4AAAAJ,0.015678977593779564,0.004806476179510355,False,Rakha Asyrofi,Ike Fitriyaningsih
YADiqesAAAAJ,t5f89iIAAAAJ,0.01567656546831131,0.011449853889644146,False,Ekohariadi,Andi Iwan Nurhidayat
6ifThF0AAAAJ,nVac1BcAAAAJ,0.01567397452890873,0.0017766994424164295,False,Ika Diyah Candra Arifah,Rosita
AX-w0AEAAAAJ,TB0QfMoAAAAJ,0.01567070186138153,0.006204502657055855,False,Hasanuddin Al-Habib,Miftahur Rohman
OwdLKtQAAAAJ,_ecYpyYAAAAJ,0.01566588506102562,0.009728529490530491,False,Fitria,Dinda Galuh Guminta
AaC4eAwAAAAJ,bTjH6IgAAAAJ,0.015661165118217468,0.005068400874733925,False,Fadhilah Qalbi Annisa,Achmad Kautsar
AaC4eAwAAAAJ,qtFw9UMAAAAJ,0.015659429132938385,0.007809842936694622,False,Fadhilah Qalbi Annisa,Bambang Sujatmiko
BIrtbD8AAAAJ,n7IAKI0AAAAJ,0.015652595087885857,0.006633265409618616,False,Ibnu Febry Kurniawan,Joko
N40Vh64AAAAJ,ZjPpHWsAAAAJ,0.015647681429982185,0.003944197669625282,False,Raden Roro Hapsari Peni Agustin T,Erik Rahman
L6O1lvkAAAAJ,q24bD6AAAAAJ,0.015637151896953583,0.00782682467252016,False,Tri Wrahatnolo,Martini Dwi Endah Susanti
W7ncZRgAAAAJ,Yw9l51IAAAAJ,0.01563587598502636,0.002221145201474428,False,Hafid Kholidi Hadi,Riza Akhsani Setyo Prayoga
BIrtbD8AAAAJ,q24bD6AAAAAJ,0.015619618818163872,0.0040993718430399895,False,Ibnu Febry Kurniawan,Martini Dwi Endah Susanti
-tpBKawAAAAJ,5uDKOUMAAAAJ,0.015608523972332478,0.002439160132780671,False,Dimas Novian Aditia Syahputra,Heri Purnawan
N40Vh64AAAAJ,itwnm-AAAAAJ,0.01560820173472166,0.0038456751499325037,False,Raden Roro Hapsari Peni Agustin T,Achmad Fitro
ne31is4AAAAJ,p4gdgRgAAAAJ,0.015604831278324127,0.013023287989199162,False,Danang Ary Dewangga,Rusijono
JsEkeOsAAAAJ,wEGsLv4AAAAJ,0.015603716485202312,0.011229855939745903,False,Ari Kurniawan,Ike Fitriyaningsih
A9L19RMAAAAJ,Tz8EfXcAAAAJ,0.015600394457578659,0.0014634064864367247,False,Pradini Puspitaningayu,Yuliani Puji Astuti
R9rGmc4AAAAJ,dfwr-2YAAAAJ,0.015600377693772316,0.0020167010370641947,False,Kartika Chandra Dewi,Muhammad Fajar Wahyudi Rahman
4VXQFKYAAAAJ,wEGsLv4AAAAJ,0.015597800724208355,0.005472713615745306,False,Renny Sari Dewi,Ike Fitriyaningsih
MeGE8WAAAAAJ,tzjThtIAAAAJ,0.015595260076224804,0.01114282850176096,False,Binti Kholifah,Elly Matul Imah
1xVR-fgAAAAJ,OffRzhoAAAAJ,0.015593268908560276,0.009727458469569683,False,1xVR-fgAAAAJ,Dwi Fatrianto Suyatno
DrE0Lf8AAAAJ,nVac1BcAAAAJ,0.015589341521263123,0.0021078712306916714,False,Fresha Kharisma,Rosita
_ecYpyYAAAAJ,itwnm-AAAAAJ,0.0155870346352458,0.003221584018319845,False,Dinda Galuh Guminta,Achmad Fitro
Mr22rjsAAAAJ,W7ncZRgAAAAJ,0.01558596733957529,0.003119754372164607,False,Hesti Khuzaimah Nurul Yusufiyah,Hafid Kholidi Hadi
AaC4eAwAAAAJ,TB0QfMoAAAAJ,0.01558256521821022,0.009149334393441677,False,Fadhilah Qalbi Annisa,Miftahur Rohman
AjvtBWIAAAAJ,yXy6kW0AAAAJ,0.015579442493617535,0.021808912977576256,False,Siti Masitoh,Harun Al Rosyid
R9rGmc4AAAAJ,Y4YoRwUAAAAJ,0.015571554191410542,0.003508691443130374,False,Kartika Chandra Dewi,Belgis Ainatul Iza
5uDKOUMAAAAJ,Hl6bqU8AAAAJ,0.015567407943308353,0.005042447242885828,False,Heri Purnawan,Rindu Puspita Wibawa
A9L19RMAAAAJ,ZBAnb64AAAAJ,0.015566261485219002,0.0037028451915830374,False,Pradini Puspitaningayu,Ardhini Warih Utami
W7ncZRgAAAAJ,ne31is4AAAAJ,0.015566246584057808,0.017300060018897057,False,Hafid Kholidi Hadi,Danang Ary Dewangga
jPKU5cAAAAAJ,n7IAKI0AAAAJ,0.015558752231299877,0.002152194269001484,False,Anggraeni Widya Purwita,Joko
4d_6xxEAAAAJ,R9rGmc4AAAAJ,0.015550282783806324,0.002635291079059243,False,Ghea Sekar Palupi,Kartika Chandra Dewi
AjvtBWIAAAAJ,wEGsLv4AAAAJ,0.015547581017017365,0.00878935493528843,False,Siti Masitoh,Ike Fitriyaningsih
Tp_X_bYAAAAJ,t5f89iIAAAAJ,0.015545421279966831,0.01020027231425047,False,Farid Baskoro,Andi Iwan Nurhidayat
-_VNTSIAAAAJ,DsVi_OAAAAAJ,0.015544479712843895,0.012404236942529678,False,Agus Prihanto,Nadia Nur Thahirrah
DiBTIz4AAAAJ,MeGE8WAAAAAJ,0.01554101426154375,0.008652552030980587,False,Riskyana Dewi Intan P,Binti Kholifah
AX-w0AEAAAAJ,j8HRV1wAAAAJ,0.015540511347353458,0.006740607786923647,False,Hasanuddin Al-Habib,Bambang Suprianto
6MXDzBQAAAAJ,hrVTt4kAAAAJ,0.015537994913756847,0.006727243773639202,False,Lilik Anifah,Monica Cinthya
OffRzhoAAAAJ,n7IAKI0AAAAJ,0.015535667538642883,0.004639971535652876,False,Dwi Fatrianto Suyatno,Joko
5uDKOUMAAAAJ,hrVTt4kAAAAJ,0.015534194186329842,0.004245982971042395,False,Heri Purnawan,Monica Cinthya
-tpBKawAAAAJ,n7IAKI0AAAAJ,0.0155256362631917,0.0022291140630841255,False,Dimas Novian Aditia Syahputra,Joko
-gGGkMcAAAAJ,ZjPpHWsAAAAJ,0.015523732639849186,0.007730535697191954,False,Faris Abdi El Hakim,Erik Rahman
qtFw9UMAAAAJ,rnlvOfEAAAAJ,0.015523383393883705,0.0017751154955476522,False,Bambang Sujatmiko,Ibrohim
Y4YoRwUAAAAJ,pCyzpjgAAAAJ,0.01551574096083641,0.002588757313787937,False,Belgis Ainatul Iza,Nurul Laili
nVac1BcAAAAJ,pb3-UjwAAAAJ,0.015512210316956043,0.0010912588331848383,False,Rosita,Moch Deny Pratama
p4gdgRgAAAAJ,yXy6kW0AAAAJ,0.015510440804064274,0.02149043418467045,False,Rusijono,Harun Al Rosyid
-_VNTSIAAAAJ,Tz8EfXcAAAAJ,0.015505620278418064,0.010477013885974884,False,Agus Prihanto,Yuliani Puji Astuti
RES4QIQAAAAJ,hrVTt4kAAAAJ,0.015503219328820705,0.005630739964544773,False,Arif Widodo,Monica Cinthya
MnI3Tm0AAAAJ,jJBtZPgAAAAJ,0.015495279803872108,0.002320318715646863,False,Sayyidul Aulia Alamsyah,Siska Puspitaningsih
Y4YoRwUAAAAJ,itwnm-AAAAAJ,0.015493832528591156,0.001100889639928937,False,Belgis Ainatul Iza,Achmad Fitro
S6IJ51cAAAAJ,VwvPnrcAAAAJ,0.01549319364130497,0.0035289227962493896,False,Unit Three Kartini,Nisa Dwi Septiyanti
AX-w0AEAAAAJ,ZBAnb64AAAAJ,0.015492894686758518,0.010652883909642696,False,Hasanuddin Al-Habib,Ardhini Warih Utami
_ecYpyYAAAAJ,zDgqPOsAAAAJ,0.015484845265746117,0.005702689290046692,False,Dinda Galuh Guminta,Mustaji
-gGGkMcAAAAJ,YADiqesAAAAJ,0.015481524169445038,0.007777388207614422,False,Faris Abdi El Hakim,Ekohariadi
S6IJ51cAAAAJ,q-sbahIAAAAJ,0.015478515066206455,0.009514598175883293,False,Unit Three Kartini,Ulfa Siti Nuraini
-gGGkMcAAAAJ,L6O1lvkAAAAJ,0.015478492714464664,0.004152697045356035,False,Faris Abdi El Hakim,Tri Wrahatnolo
6RBIukkAAAAJ,DiBTIz4AAAAJ,0.015475353226065636,0.006013653241097927,False,Yatim Riyanto,Riskyana Dewi Intan P
_ecYpyYAAAAJ,q24bD6AAAAAJ,0.01547254342585802,0.005975661799311638,False,Dinda Galuh Guminta,Martini Dwi Endah Susanti
OwdLKtQAAAAJ,ZRCJXO0AAAAJ,0.015468306839466095,0.01039496622979641,False,Fitria,Riska Dhenabayu
DsVi_OAAAAAJ,YADiqesAAAAJ,0.015460432507097721,0.0074701933190226555,False,Nadia Nur Thahirrah,Ekohariadi
_ecYpyYAAAAJ,nyyfjCgAAAAJ,0.015448183752596378,0.0022984740789979696,False,Dinda Galuh Guminta,Rifqi Abdillah
UL2-upoAAAAJ,ne31is4AAAAJ,0.015444081276655197,0.01662495732307434,False,Dana Azizah Rahmat,Danang Ary Dewangga
_VFGVQQAAAAJ,q-sbahIAAAAJ,0.015433181077241898,0.0011422268580645323,False,Berlian Maulidya Izzati,Ulfa Siti Nuraini
MeGE8WAAAAAJ,S6IJ51cAAAAJ,0.015433006919920444,0.003091022139415145,False,Binti Kholifah,Unit Three Kartini
DrE0Lf8AAAAJ,wEGsLv4AAAAJ,0.01543248351663351,0.006416940130293369,False,Fresha Kharisma,Ike Fitriyaningsih
IJIEntMAAAAJ,jJBtZPgAAAAJ,0.015429441817104816,0.0064613670110702515,False,Yeni Anistyasari,Siska Puspitaningsih
AYI1rosAAAAJ,o4zdesUAAAAJ,0.015410742722451687,0.01143227331340313,False,Nurhayati,Rakha Asyrofi
ZRCJXO0AAAAJ,z7RWDi0AAAAJ,0.015404750593006611,0.002694247290492058,False,Riska Dhenabayu,Tri Rijanto
6RBIukkAAAAJ,Y4YoRwUAAAAJ,0.015403731726109982,0.001767994835972786,False,Yatim Riyanto,Belgis Ainatul Iza
A9L19RMAAAAJ,n7ykK-IAAAAJ,0.015402778051793575,0.0025600276421755552,False,Pradini Puspitaningayu,Dhiyan Septa Wihara
AYI1rosAAAAJ,OwdLKtQAAAAJ,0.015395041555166245,0.0021048651542514563,False,Nurhayati,Fitria
ZBAnb64AAAAJ,q-sbahIAAAAJ,0.015394803136587143,0.0029029163997620344,False,Ardhini Warih Utami,Ulfa Siti Nuraini
Iq3gzh4AAAAJ,R9rGmc4AAAAJ,0.015389498323202133,0.0017836826154962182,False,Andi Mariono,Kartika Chandra Dewi
LsydBAMAAAAJ,hrVTt4kAAAAJ,0.015386544167995453,0.007793963421136141,False,Puput Wanarti Rusimamto,Monica Cinthya
MeGE8WAAAAAJ,pCyzpjgAAAAJ,0.015380607917904854,0.01681547239422798,False,Binti Kholifah,Nurul Laili
VwvPnrcAAAAJ,Y4YoRwUAAAAJ,0.015373090282082558,0.00104693160392344,False,Nisa Dwi Septiyanti,Belgis Ainatul Iza
n7IAKI0AAAAJ,q24bD6AAAAAJ,0.015369034372270107,0.006022760644555092,False,Joko,Martini Dwi Endah Susanti
b81qaDkAAAAJ,ne31is4AAAAJ,0.015368465334177017,0.010774986818432808,False,Anita Safitri,Danang Ary Dewangga
Yw9l51IAAAAJ,p4gdgRgAAAAJ,0.015364829450845718,0.002927789930254221,False,Riza Akhsani Setyo Prayoga,Rusijono
C_EGqeMAAAAJ,nbtuM4IAAAAJ,0.015364577993750572,0.003139656502753496,False,Namira Roudlotul Jannah,Parama Diptya Widayaka
AX-w0AEAAAAJ,Y4YoRwUAAAAJ,0.01536419428884983,0.006282078102231026,False,Hasanuddin Al-Habib,Belgis Ainatul Iza
AYI1rosAAAAJ,y_OiarcAAAAJ,0.015361316502094269,0.006452374625951052,False,Nurhayati,Yandhika Surya Akbar Gumilang
aW1lSOYAAAAJ,jPKU5cAAAAAJ,0.015359707176685333,0.00863848440349102,False,Aditya Chandra Hermawan,Anggraeni Widya Purwita
EBgY5K0AAAAJ,N40Vh64AAAAJ,0.01535846758633852,0.002991392510011792,False,Moch. Badrus Oleh,Raden Roro Hapsari Peni Agustin T
OwdLKtQAAAAJ,ne31is4AAAAJ,0.01535745058208704,0.012012830004096031,False,Fitria,Danang Ary Dewangga
MnI3Tm0AAAAJ,OffRzhoAAAAJ,0.015357083640992641,0.004693948198109865,False,Sayyidul Aulia Alamsyah,Dwi Fatrianto Suyatno
Iq3gzh4AAAAJ,Yw9l51IAAAAJ,0.01535665150731802,0.001844761660322547,False,Andi Mariono,Riza Akhsani Setyo Prayoga
CxdwNaYAAAAJ,rnlvOfEAAAAJ,0.015355316922068596,0.002708082552999258,False,Wiyli Yustanti,Ibrohim
6MXDzBQAAAAJ,o4zdesUAAAAJ,0.01535525918006897,0.01359983254224062,False,Lilik Anifah,Rakha Asyrofi
lmlBHlsAAAAJ,wwhACXoAAAAJ,0.015345139428973198,0.007005723658949137,False,Widi Aribowo,M Adamu Islam Mashuri
Iq3gzh4AAAAJ,ne31is4AAAAJ,0.015340299345552921,0.012532134540379047,False,Andi Mariono,Danang Ary Dewangga
jPKU5cAAAAAJ,nVac1BcAAAAJ,0.015340292826294899,0.0020640615839511156,False,Anggraeni Widya Purwita,Rosita
WdhKN0sAAAAJ,wEGsLv4AAAAJ,0.015339118428528309,0.005049810279160738,False,Aditya Prapanca,Ike Fitriyaningsih
4Yhmpg0AAAAJ,BIrtbD8AAAAJ,0.015336173586547375,0.0017975029768422246,False,Hujjatullah Fazlurrahman,Ibnu Febry Kurniawan
-_VNTSIAAAAJ,5uDKOUMAAAAJ,0.015334834344685078,0.00930181983858347,False,Agus Prihanto,Heri Purnawan
AaC4eAwAAAAJ,FZ00CQ8AAAAJ,0.01533457450568676,0.004711775109171867,False,Fadhilah Qalbi Annisa,Rizky Basatha
5nAJx9wAAAAJ,DsVi_OAAAAAJ,0.015331903472542763,0.015141739509999752,False,Muhammad Fachmi,Nadia Nur Thahirrah
AaC4eAwAAAAJ,_n2j0ZAAAAAJ,0.015322275459766388,0.006116611883044243,False,Fadhilah Qalbi Annisa,I Gusti Lanang Putra Eka Prismana
jJBtZPgAAAAJ,p1pK7E4AAAAJ,0.015316547825932503,0.0032141951378434896,False,Siska Puspitaningsih,Subuh Isnur Haryudo
MeGE8WAAAAAJ,nbtuM4IAAAAJ,0.015316030010581017,0.0022273152135312557,False,Binti Kholifah,Parama Diptya Widayaka
MZCJPuIAAAAJ,_ecYpyYAAAAJ,0.015308293513953686,0.003631710074841976,False,Fajar Arianto,Dinda Galuh Guminta
-_VNTSIAAAAJ,pCyzpjgAAAAJ,0.015306304208934307,0.009019432589411736,False,Agus Prihanto,Nurul Laili
_ecYpyYAAAAJ,pCyzpjgAAAAJ,0.015305297449231148,0.009876880794763565,False,Dinda Galuh Guminta,Nurul Laili
Tp_X_bYAAAAJ,tzjThtIAAAAJ,0.015294672921299934,0.012381050735712051,False,Farid Baskoro,Elly Matul Imah
R9rGmc4AAAAJ,ZBAnb64AAAAJ,0.015287213027477264,0.0025195132475346327,False,Kartika Chandra Dewi,Ardhini Warih Utami
6RBIukkAAAAJ,yXy6kW0AAAAJ,0.015286264941096306,0.015254809521138668,False,Yatim Riyanto,Harun Al Rosyid
5uDKOUMAAAAJ,n7ykK-IAAAAJ,0.015281607396900654,0.003668394638225436,False,Heri Purnawan,Dhiyan Septa Wihara
VwvPnrcAAAAJ,iFSMsegAAAAJ,0.01528126373887062,0.0038120271638035774,False,Nisa Dwi Septiyanti,Elvira Wardah
ZjPpHWsAAAAJ,_n2j0ZAAAAAJ,0.015273651108145714,0.021932033821940422,False,Erik Rahman,I Gusti Lanang Putra Eka Prismana
-BuJoD0AAAAJ,AaC4eAwAAAAJ,0.015272325836122036,0.005360737442970276,False,Ratih Amelia,Fadhilah Qalbi Annisa
AaC4eAwAAAAJ,RES4QIQAAAAJ,0.015270023606717587,0.0078059895895421505,False,Fadhilah Qalbi Annisa,Arif Widodo
L6O1lvkAAAAJ,o4zdesUAAAAJ,0.015262475237250328,0.014555340632796288,False,Tri Wrahatnolo,Rakha Asyrofi
AYI1rosAAAAJ,n7ykK-IAAAAJ,0.015260095708072186,0.004043303430080414,False,Nurhayati,Dhiyan Septa Wihara
BIrtbD8AAAAJ,bTjH6IgAAAAJ,0.01525979582220316,0.002444618148729205,False,Ibnu Febry Kurniawan,Achmad Kautsar
AjvtBWIAAAAJ,C_EGqeMAAAAJ,0.015257646329700947,0.004135692026466131,False,Siti Masitoh,Namira Roudlotul Jannah
9BWyE0UAAAAJ,o4zdesUAAAAJ,0.015251663513481617,0.015660716220736504,False,Endryansyah,Rakha Asyrofi
1xVR-fgAAAAJ,yXy6kW0AAAAJ,0.015247933566570282,0.008119240403175354,False,1xVR-fgAAAAJ,Harun Al Rosyid
N40Vh64AAAAJ,psg8hdoAAAAJ,0.015244885347783566,0.004066917579621077,False,Raden Roro Hapsari Peni Agustin T,Bonda Sisephaputra
4d_6xxEAAAAJ,VNrCn4gAAAAJ,0.015244397334754467,0.0033122680615633726,False,Ghea Sekar Palupi,Ersha Aisyah Elfaiz
RNJ3vNQAAAAJ,wwhACXoAAAAJ,0.015238599851727486,0.003605883801355958,False,Harmon Prayogi,M Adamu Islam Mashuri
C_EGqeMAAAAJ,qtFw9UMAAAAJ,0.015230709686875343,0.004006833769381046,False,Namira Roudlotul Jannah,Bambang Sujatmiko
8wFXNjYAAAAJ,VNrCn4gAAAAJ,0.015223695896565914,0.0038283339235931635,False,Naim Rochmawati,Ersha Aisyah Elfaiz
6ifThF0AAAAJ,tzjThtIAAAAJ,0.015221229754388332,0.003890621941536665,False,Ika Diyah Candra Arifah,Elly Matul Imah
AX-w0AEAAAAJ,p1pK7E4AAAAJ,0.015215327963232994,0.007131483405828476,False,Hasanuddin Al-Habib,Subuh Isnur Haryudo
EBgY5K0AAAAJ,Y4YoRwUAAAAJ,0.015214798040688038,0.0016675840597599745,False,Moch. Badrus Oleh,Belgis Ainatul Iza
ZRCJXO0AAAAJ,sHANI1gAAAAJ,0.015210091136395931,0.0012767496518790722,False,Riska Dhenabayu,Rifqi Firmansyah
-BuJoD0AAAAJ,nVac1BcAAAAJ,0.015210006386041641,0.002546088071539998,False,Ratih Amelia,Rosita
RvG7jG4AAAAJ,rnlvOfEAAAAJ,0.015208112075924873,0.0020769890397787094,False,I Made Suartana,Ibrohim
-BuJoD0AAAAJ,rnlvOfEAAAAJ,0.015193993225693703,0.002663202118128538,False,Ratih Amelia,Ibrohim
A9L19RMAAAAJ,wEGsLv4AAAAJ,0.015192938037216663,0.0018461463041603565,False,Pradini Puspitaningayu,Ike Fitriyaningsih
_ecYpyYAAAAJ,rnlvOfEAAAAJ,0.015181276947259903,0.005992244463413954,False,Dinda Galuh Guminta,Ibrohim
TB0QfMoAAAAJ,t5f89iIAAAAJ,0.015178823843598366,0.008943211287260056,False,Miftahur Rohman,Andi Iwan Nurhidayat
DiBTIz4AAAAJ,IJIEntMAAAAJ,0.015172325074672699,0.012182514183223248,False,Riskyana Dewi Intan P,Yeni Anistyasari
C_EGqeMAAAAJ,S6IJ51cAAAAJ,0.015169824473559856,0.004617840517312288,False,Namira Roudlotul Jannah,Unit Three Kartini
NO8mJucAAAAJ,p4gdgRgAAAAJ,0.01516836415976286,0.01468178816139698,False,Wahyu Sasongko Putro,Rusijono
Mr22rjsAAAAJ,ZBAnb64AAAAJ,0.015164269134402275,0.00450492138043046,False,Hesti Khuzaimah Nurul Yusufiyah,Ardhini Warih Utami
AX-w0AEAAAAJ,AYI1rosAAAAJ,0.015160730108618736,0.004874210339039564,False,Hasanuddin Al-Habib,Nurhayati
R9rGmc4AAAAJ,jPKU5cAAAAAJ,0.015158815309405327,0.0017852596938610077,False,Kartika Chandra Dewi,Anggraeni Widya Purwita
R9rGmc4AAAAJ,Yw9l51IAAAAJ,0.015158536843955517,0.004044916480779648,False,Kartika Chandra Dewi,Riza Akhsani Setyo Prayoga
AaC4eAwAAAAJ,MeGE8WAAAAAJ,0.015149606391787529,0.00803837738931179,False,Fadhilah Qalbi Annisa,Binti Kholifah
itwnm-AAAAAJ,yXy6kW0AAAAJ,0.01514466106891632,0.008068198338150978,False,Achmad Fitro,Harun Al Rosyid
cPj-iOIAAAAJ,pCyzpjgAAAAJ,0.015140396542847157,0.004415328614413738,False,Ricky Eka Putra,Nurul Laili
Jzuk6doAAAAJ,Y4YoRwUAAAAJ,0.015139484778046608,0.0014960712287575006,False,Aries Dwi Indriyanti,Belgis Ainatul Iza
1xVR-fgAAAAJ,jJBtZPgAAAAJ,0.015138710848987103,0.00586685398593545,False,1xVR-fgAAAAJ,Siska Puspitaningsih
DiBTIz4AAAAJ,psg8hdoAAAAJ,0.015130551531910896,0.008009781129658222,False,Riskyana Dewi Intan P,Bonda Sisephaputra
C_EGqeMAAAAJ,q24bD6AAAAAJ,0.015129249542951584,0.004678661469370127,False,Namira Roudlotul Jannah,Martini Dwi Endah Susanti
DiBTIz4AAAAJ,TB0QfMoAAAAJ,0.015125016681849957,0.009240654297173023,False,Riskyana Dewi Intan P,Miftahur Rohman
BIrtbD8AAAAJ,wlGfsB0AAAAJ,0.015119945630431175,0.001604624791070819,False,Ibnu Febry Kurniawan,Salamun Rohman Nudin
LsydBAMAAAAJ,t5f89iIAAAAJ,0.015119555406272411,0.008790215477347374,False,Puput Wanarti Rusimamto,Andi Iwan Nurhidayat
Mr22rjsAAAAJ,p4gdgRgAAAAJ,0.01511941384524107,0.005489937495440245,False,Hesti Khuzaimah Nurul Yusufiyah,Rusijono
2lw6P3IAAAAJ,YADiqesAAAAJ,0.015117622911930084,0.005145194474607706,False,Muhammad Febrilian Dwi Syahputra,Ekohariadi
ZjPpHWsAAAAJ,_VFGVQQAAAAJ,0.015114911831915379,0.01669616438448429,False,Erik Rahman,Berlian Maulidya Izzati
6RBIukkAAAAJ,C_EGqeMAAAAJ,0.01511369738727808,0.004119448829442263,False,Yatim Riyanto,Namira Roudlotul Jannah
AX-w0AEAAAAJ,OffRzhoAAAAJ,0.015112604945898056,0.008112279698252678,False,Hasanuddin Al-Habib,Dwi Fatrianto Suyatno
DiBTIz4AAAAJ,y_OiarcAAAAJ,0.015111824497580528,0.008479773066937923,False,Riskyana Dewi Intan P,Yandhika Surya Akbar Gumilang
R9rGmc4AAAAJ,VwvPnrcAAAAJ,0.01510581374168396,0.0024370504543185234,False,Kartika Chandra Dewi,Nisa Dwi Septiyanti
Yw9l51IAAAAJ,nbtuM4IAAAAJ,0.015104005113244057,0.0008013856713660061,False,Riza Akhsani Setyo Prayoga,Parama Diptya Widayaka
LsydBAMAAAAJ,n7ykK-IAAAAJ,0.01509533915668726,0.005411089397966862,False,Puput Wanarti Rusimamto,Dhiyan Septa Wihara
DsVi_OAAAAAJ,pCyzpjgAAAAJ,0.01508908811956644,0.004883723333477974,False,Nadia Nur Thahirrah,Nurul Laili
ZRCJXO0AAAAJ,q-sbahIAAAAJ,0.015088529326021671,0.0010706214234232903,False,Riska Dhenabayu,Ulfa Siti Nuraini
2lw6P3IAAAAJ,5uDKOUMAAAAJ,0.01508738100528717,0.002367461333051324,False,Muhammad Febrilian Dwi Syahputra,Heri Purnawan
C_EGqeMAAAAJ,Tz8EfXcAAAAJ,0.015086925588548183,0.006754210218787193,False,Namira Roudlotul Jannah,Yuliani Puji Astuti
-tpBKawAAAAJ,R9rGmc4AAAAJ,0.01508372463285923,0.0020024790428578854,False,Dimas Novian Aditia Syahputra,Kartika Chandra Dewi
1xVR-fgAAAAJ,ne31is4AAAAJ,0.015081606805324554,0.012028424069285393,False,1xVR-fgAAAAJ,Danang Ary Dewangga
bTjH6IgAAAAJ,pCyzpjgAAAAJ,0.015081005170941353,0.003966646734625101,False,Achmad Kautsar,Nurul Laili
AaC4eAwAAAAJ,y_OiarcAAAAJ,0.01508060097694397,0.007974018342792988,False,Fadhilah Qalbi Annisa,Yandhika Surya Akbar Gumilang
-gGGkMcAAAAJ,5uDKOUMAAAAJ,0.015077441930770874,0.00367320841178298,False,Faris Abdi El Hakim,Heri Purnawan
ZjPpHWsAAAAJ,n7ykK-IAAAAJ,0.015077129937708378,0.026350166648626328,False,Erik Rahman,Dhiyan Septa Wihara
Y4YoRwUAAAAJ,nbtuM4IAAAAJ,0.015070455148816109,0.002732716267928481,False,Belgis Ainatul Iza,Parama Diptya Widayaka
Iq3gzh4AAAAJ,iFSMsegAAAAJ,0.015067595057189465,0.00505516491830349,False,Andi Mariono,Elvira Wardah
DiBTIz4AAAAJ,Y4YoRwUAAAAJ,0.015066356398165226,0.006624438334256411,False,Riskyana Dewi Intan P,Belgis Ainatul Iza
ZBAnb64AAAAJ,wEGsLv4AAAAJ,0.015064439736306667,0.008939467370510101,False,Ardhini Warih Utami,Ike Fitriyaningsih
RNJ3vNQAAAAJ,t5f89iIAAAAJ,0.01506132073700428,0.004834414925426245,False,Harmon Prayogi,Andi Iwan Nurhidayat
Y4YoRwUAAAAJ,q24bD6AAAAAJ,0.0150557616725564,0.0017942620906978846,False,Belgis Ainatul Iza,Martini Dwi Endah Susanti
DiBTIz4AAAAJ,OwdLKtQAAAAJ,0.015053393319249153,0.0082301776856184,False,Riskyana Dewi Intan P,Fitria
4d_6xxEAAAAJ,N40Vh64AAAAJ,0.015051079913973808,0.0040068915113806725,False,Ghea Sekar Palupi,Raden Roro Hapsari Peni Agustin T
nyyfjCgAAAAJ,yXy6kW0AAAAJ,0.015044537372887135,0.00598126370459795,False,Rifqi Abdillah,Harun Al Rosyid
AjvtBWIAAAAJ,VNrCn4gAAAAJ,0.015037317760288715,0.0034583776723593473,False,Siti Masitoh,Ersha Aisyah Elfaiz
N40Vh64AAAAJ,Y4YoRwUAAAAJ,0.015036080963909626,0.005155124701559544,False,Raden Roro Hapsari Peni Agustin T,Belgis Ainatul Iza
i0pkJZoAAAAJ,tzjThtIAAAAJ,0.015032416209578514,0.004481044597923756,False,Yuni Rosita Dewi,Elly Matul Imah
DiBTIz4AAAAJ,DrE0Lf8AAAAJ,0.01503079291433096,0.004994145594537258,False,Riskyana Dewi Intan P,Fresha Kharisma
AaC4eAwAAAAJ,j8HRV1wAAAAJ,0.015027404762804508,0.009047201834619045,False,Fadhilah Qalbi Annisa,Bambang Suprianto
_ecYpyYAAAAJ,nVac1BcAAAAJ,0.01502502616494894,0.00624544732272625,False,Dinda Galuh Guminta,Rosita
AjvtBWIAAAAJ,MeGE8WAAAAAJ,0.01502260658890009,0.011441389098763466,False,Siti Masitoh,Binti Kholifah
p4gdgRgAAAAJ,wEGsLv4AAAAJ,0.015019022859632969,0.009274320676922798,False,Rusijono,Ike Fitriyaningsih
A9L19RMAAAAJ,DsVi_OAAAAAJ,0.015017935074865818,0.0036891731433570385,False,Pradini Puspitaningayu,Nadia Nur Thahirrah
5nAJx9wAAAAJ,yXy6kW0AAAAJ,0.015014564618468285,0.015152721665799618,False,Muhammad Fachmi,Harun Al Rosyid
LeRoniwAAAAJ,tzjThtIAAAAJ,0.015010228380560875,0.00968856830149889,False,Farhanna Mari,Elly Matul Imah
6MXDzBQAAAAJ,y_OiarcAAAAJ,0.015007748268544674,0.007772956043481827,False,Lilik Anifah,Yandhika Surya Akbar Gumilang
R9rGmc4AAAAJ,Tp_X_bYAAAAJ,0.015007705427706242,0.0014278690796345472,False,Kartika Chandra Dewi,Farid Baskoro
DrE0Lf8AAAAJ,N40Vh64AAAAJ,0.015005928464233875,0.003649414051324129,False,Fresha Kharisma,Raden Roro Hapsari Peni Agustin T
AaC4eAwAAAAJ,zDgqPOsAAAAJ,0.015005153603851795,0.007102283649146557,False,Fadhilah Qalbi Annisa,Mustaji
4VXQFKYAAAAJ,rnlvOfEAAAAJ,0.014996719546616077,0.002106803935021162,False,Renny Sari Dewi,Ibrohim
-BuJoD0AAAAJ,DiBTIz4AAAAJ,0.014995142817497253,0.006896169390529394,False,Ratih Amelia,Riskyana Dewi Intan P
Tz8EfXcAAAAJ,q-sbahIAAAAJ,0.014994204044342041,0.0017146167811006308,False,Yuliani Puji Astuti,Ulfa Siti Nuraini
VNrCn4gAAAAJ,Y4YoRwUAAAAJ,0.01499356422573328,0.0025064898654818535,False,Ersha Aisyah Elfaiz,Belgis Ainatul Iza
8wFXNjYAAAAJ,_ecYpyYAAAAJ,0.014988030306994915,0.00716526759788394,False,Naim Rochmawati,Dinda Galuh Guminta
6f4j4TYAAAAJ,DsVi_OAAAAAJ,0.014981694519519806,0.009647708386182785,False,Mahendra Widyartono,Nadia Nur Thahirrah
R9rGmc4AAAAJ,pCyzpjgAAAAJ,0.01497160829603672,0.005305722821503878,False,Kartika Chandra Dewi,Nurul Laili
DrE0Lf8AAAAJ,tzjThtIAAAAJ,0.01496503408998251,0.004916835576295853,False,Fresha Kharisma,Elly Matul Imah
AaC4eAwAAAAJ,OwdLKtQAAAAJ,0.0149640291929245,0.006931046489626169,False,Fadhilah Qalbi Annisa,Fitria
DsVi_OAAAAAJ,n7IAKI0AAAAJ,0.014954929240047932,0.0034082294441759586,False,Nadia Nur Thahirrah,Joko
EBgY5K0AAAAJ,Yw9l51IAAAAJ,0.014942837879061699,0.0024512363597750664,False,Moch. Badrus Oleh,Riza Akhsani Setyo Prayoga
BIrtbD8AAAAJ,VNrCn4gAAAAJ,0.014940410852432251,0.00284309359267354,False,Ibnu Febry Kurniawan,Ersha Aisyah Elfaiz
-BuJoD0AAAAJ,N40Vh64AAAAJ,0.01493950467556715,0.004407346248626709,False,Ratih Amelia,Raden Roro Hapsari Peni Agustin T
4Yhmpg0AAAAJ,MeGE8WAAAAAJ,0.014939295127987862,0.008768204599618912,False,Hujjatullah Fazlurrahman,Binti Kholifah
Mr22rjsAAAAJ,pb3-UjwAAAAJ,0.01493874005973339,0.004344265442341566,False,Hesti Khuzaimah Nurul Yusufiyah,Moch Deny Pratama
LsydBAMAAAAJ,jPKU5cAAAAAJ,0.014938500709831715,0.005297286435961723,False,Puput Wanarti Rusimamto,Anggraeni Widya Purwita
5nAJx9wAAAAJ,hrVTt4kAAAAJ,0.014933210797607899,0.02061266079545021,False,Muhammad Fachmi,Monica Cinthya
AX-w0AEAAAAJ,RES4QIQAAAAJ,0.014930946752429008,0.005276995245367289,False,Hasanuddin Al-Habib,Arif Widodo
4d_6xxEAAAAJ,ne31is4AAAAJ,0.01493071485310793,0.01212833821773529,False,Ghea Sekar Palupi,Danang Ary Dewangga
p1pK7E4AAAAJ,y_OiarcAAAAJ,0.014923381619155407,0.009536894038319588,False,Subuh Isnur Haryudo,Yandhika Surya Akbar Gumilang
R9rGmc4AAAAJ,lmlBHlsAAAAJ,0.014921312220394611,0.0015563302440568805,False,Kartika Chandra Dewi,Widi Aribowo
MnI3Tm0AAAAJ,t5f89iIAAAAJ,0.014917752705514431,0.004984875209629536,False,Sayyidul Aulia Alamsyah,Andi Iwan Nurhidayat
OffRzhoAAAAJ,ZRCJXO0AAAAJ,0.014916717074811459,0.009272674098610878,False,Dwi Fatrianto Suyatno,Riska Dhenabayu
DiBTIz4AAAAJ,FZ00CQ8AAAAJ,0.014914145693182945,0.00562708918005228,False,Riskyana Dewi Intan P,Rizky Basatha
4VXQFKYAAAAJ,nVac1BcAAAAJ,0.014904017560184002,0.001982797170057893,False,Renny Sari Dewi,Rosita
nVac1BcAAAAJ,t5f89iIAAAAJ,0.014900092035531998,0.0037720396649092436,False,Rosita,Andi Iwan Nurhidayat
AaC4eAwAAAAJ,DrE0Lf8AAAAJ,0.014897871762514114,0.004282594658434391,False,Fadhilah Qalbi Annisa,Fresha Kharisma
DiBTIz4AAAAJ,zDgqPOsAAAAJ,0.01489489246159792,0.008090310730040073,False,Riskyana Dewi Intan P,Mustaji
MeGE8WAAAAAJ,R9rGmc4AAAAJ,0.014893604442477226,0.007430446799844503,False,Binti Kholifah,Kartika Chandra Dewi
NO8mJucAAAAJ,z7RWDi0AAAAJ,0.014892961829900742,0.005510571412742138,False,Wahyu Sasongko Putro,Tri Rijanto
ZjPpHWsAAAAJ,t5f89iIAAAAJ,0.014880101196467876,0.017372170463204384,False,Erik Rahman,Andi Iwan Nurhidayat
MeGE8WAAAAAJ,ZjPpHWsAAAAJ,0.014876173809170723,0.006587785668671131,False,Binti Kholifah,Erik Rahman
6MXDzBQAAAAJ,n7ykK-IAAAAJ,0.01487494446337223,0.004702672362327576,False,Lilik Anifah,Dhiyan Septa Wihara
AYI1rosAAAAJ,jPKU5cAAAAAJ,0.014874832704663277,0.0036721506621688604,False,Nurhayati,Anggraeni Widya Purwita
6ifThF0AAAAJ,AaC4eAwAAAAJ,0.014856487512588501,0.0027177780866622925,False,Ika Diyah Candra Arifah,Fadhilah Qalbi Annisa
N6RJilIAAAAJ,_ecYpyYAAAAJ,0.014851812273263931,0.00994398258626461,False,Anita Qoiriah,Dinda Galuh Guminta
BIrtbD8AAAAJ,Smb2eg8AAAAJ,0.014849650673568249,0.001732800155878067,False,Ibnu Febry Kurniawan,Nanang Hoesen. H. A.
DrE0Lf8AAAAJ,Mr22rjsAAAAJ,0.014849635772407055,0.0026238171849399805,False,Fresha Kharisma,Hesti Khuzaimah Nurul Yusufiyah
DiBTIz4AAAAJ,qtFw9UMAAAAJ,0.014848895370960236,0.009599665179848671,False,Riskyana Dewi Intan P,Bambang Sujatmiko
W7ncZRgAAAAJ,_ecYpyYAAAAJ,0.014847870916128159,0.004738936200737953,False,Hafid Kholidi Hadi,Dinda Galuh Guminta
OwdLKtQAAAAJ,Yw9l51IAAAAJ,0.014842814765870571,0.003826090134680271,False,Fitria,Riza Akhsani Setyo Prayoga
LsydBAMAAAAJ,OwdLKtQAAAAJ,0.01483472902327776,0.0032418277114629745,False,Puput Wanarti Rusimamto,Fitria
C_EGqeMAAAAJ,b4_EdJYAAAAJ,0.01483156532049179,0.005412157624959946,False,Namira Roudlotul Jannah,Moh. Khoridatul Huda
BIrtbD8AAAAJ,OwdLKtQAAAAJ,0.01483065914362669,0.003066354664042592,False,Ibnu Febry Kurniawan,Fitria
6ifThF0AAAAJ,VNrCn4gAAAAJ,0.014825733378529549,0.001996011473238468,False,Ika Diyah Candra Arifah,Ersha Aisyah Elfaiz
hjllQ9gAAAAJ,jJBtZPgAAAAJ,0.014820282347500324,0.003125835210084915,False,Nur Kholis,Siska Puspitaningsih
VNrCn4gAAAAJ,itwnm-AAAAAJ,0.014812375418841839,0.0012901952723041177,False,Ersha Aisyah Elfaiz,Achmad Fitro
ZhJ08JkAAAAJ,nVac1BcAAAAJ,0.014812139794230461,0.0019370013615116477,False,Bachtiar Syaiful Bachri,Rosita
AaC4eAwAAAAJ,p1pK7E4AAAAJ,0.014805794693529606,0.009295694530010223,False,Fadhilah Qalbi Annisa,Subuh Isnur Haryudo
Tz8EfXcAAAAJ,ne31is4AAAAJ,0.014801982790231705,0.00907273031771183,False,Yuliani Puji Astuti,Danang Ary Dewangga
BIrtbD8AAAAJ,jJBtZPgAAAAJ,0.014798616990447044,0.005434613209217787,False,Ibnu Febry Kurniawan,Siska Puspitaningsih
N40Vh64AAAAJ,bTjH6IgAAAAJ,0.014797567389905453,0.003839155426248908,False,Raden Roro Hapsari Peni Agustin T,Achmad Kautsar
BIrtbD8AAAAJ,i0pkJZoAAAAJ,0.014795065857470036,0.001789709203876555,False,Ibnu Febry Kurniawan,Yuni Rosita Dewi
OffRzhoAAAAJ,Tz8EfXcAAAAJ,0.014794502407312393,0.011665650643408298,False,Dwi Fatrianto Suyatno,Yuliani Puji Astuti
DiBTIz4AAAAJ,wwhACXoAAAAJ,0.014790701679885387,0.01046088058501482,False,Riskyana Dewi Intan P,M Adamu Islam Mashuri
ZhJ08JkAAAAJ,wEGsLv4AAAAJ,0.014787545427680016,0.0068198880180716515,False,Bachtiar Syaiful Bachri,Ike Fitriyaningsih
1xVR-fgAAAAJ,q-sbahIAAAAJ,0.014785699546337128,0.0021759215742349625,False,1xVR-fgAAAAJ,Ulfa Siti Nuraini
Y4YoRwUAAAAJ,hjllQ9gAAAAJ,0.014779407531023026,0.0028217036742717028,False,Belgis Ainatul Iza,Nur Kholis
-gGGkMcAAAAJ,R9rGmc4AAAAJ,0.014776158146560192,0.003794662654399872,False,Faris Abdi El Hakim,Kartika Chandra Dewi
nWPONc8AAAAJ,yXy6kW0AAAAJ,0.014770898036658764,0.006232542917132378,False,Lusia Rakhmawati,Harun Al Rosyid
R9rGmc4AAAAJ,t5f89iIAAAAJ,0.014770870096981525,0.00486548850312829,False,Kartika Chandra Dewi,Andi Iwan Nurhidayat
jPKU5cAAAAAJ,rnlvOfEAAAAJ,0.01476281601935625,0.001843745936639607,False,Anggraeni Widya Purwita,Ibrohim
AX-w0AEAAAAJ,aW1lSOYAAAAJ,0.01475888304412365,0.006931833457201719,False,Hasanuddin Al-Habib,Aditya Chandra Hermawan
8wFXNjYAAAAJ,_VFGVQQAAAAJ,0.014757143333554268,0.00447442289441824,False,Naim Rochmawati,Berlian Maulidya Izzati
-_VNTSIAAAAJ,1xVR-fgAAAAJ,0.01475583203136921,0.010984059423208237,False,Agus Prihanto,1xVR-fgAAAAJ
5uDKOUMAAAAJ,FZ00CQ8AAAAJ,0.01475379429757595,0.003402253147214651,False,Heri Purnawan,Rizky Basatha
JsEkeOsAAAAJ,q-sbahIAAAAJ,0.014753101393580437,0.0024056241381913424,False,Ari Kurniawan,Ulfa Siti Nuraini
hjllQ9gAAAAJ,pCyzpjgAAAAJ,0.014744599349796772,0.0014918491942808032,False,Nur Kholis,Nurul Laili
6ifThF0AAAAJ,N40Vh64AAAAJ,0.014742744155228138,0.0027233408764004707,False,Ika Diyah Candra Arifah,Raden Roro Hapsari Peni Agustin T
W7ncZRgAAAAJ,q-sbahIAAAAJ,0.014735688455402851,0.0017684092745184898,False,Hafid Kholidi Hadi,Ulfa Siti Nuraini
ZBAnb64AAAAJ,_ecYpyYAAAAJ,0.014735590666532516,0.005993258208036423,False,Ardhini Warih Utami,Dinda Galuh Guminta
ZRCJXO0AAAAJ,yObeL8gAAAAJ,0.014735139906406403,0.0022013455163687468,False,Riska Dhenabayu,I Gusti Putu Asto Buditjahjanto
R9rGmc4AAAAJ,p4gdgRgAAAAJ,0.014731756411492825,0.003297775750979781,False,Kartika Chandra Dewi,Rusijono
AaC4eAwAAAAJ,LsydBAMAAAAJ,0.014730877242982388,0.00922064483165741,False,Fadhilah Qalbi Annisa,Puput Wanarti Rusimamto
fkxhjZ4AAAAJ,iFSMsegAAAAJ,0.014730737544596195,0.00255492702126503,False,Ronggo Alit,Elvira Wardah
-_VNTSIAAAAJ,_VFGVQQAAAAJ,0.01472999807447195,0.007208243943750858,False,Agus Prihanto,Berlian Maulidya Izzati
AX-w0AEAAAAJ,C_EGqeMAAAAJ,0.014725576154887676,0.005799273960292339,False,Hasanuddin Al-Habib,Namira Roudlotul Jannah
4VXQFKYAAAAJ,tzjThtIAAAAJ,0.014722137711942196,0.0034781640861183405,False,Renny Sari Dewi,Elly Matul Imah
MnI3Tm0AAAAJ,_VFGVQQAAAAJ,0.014718770049512386,0.0012034059036523104,False,Sayyidul Aulia Alamsyah,Berlian Maulidya Izzati
_ecYpyYAAAAJ,hjllQ9gAAAAJ,0.014718383550643921,0.002438365714624524,False,Dinda Galuh Guminta,Nur Kholis
1xVR-fgAAAAJ,BIrtbD8AAAAJ,0.014716661535203457,0.0017778348410502076,False,1xVR-fgAAAAJ,Ibnu Febry Kurniawan
FZ00CQ8AAAAJ,pCyzpjgAAAAJ,0.014715990051627159,0.006414804607629776,False,Rizky Basatha,Nurul Laili
Mr22rjsAAAAJ,ZRCJXO0AAAAJ,0.014714214019477367,0.0031720795668661594,False,Hesti Khuzaimah Nurul Yusufiyah,Riska Dhenabayu
DiBTIz4AAAAJ,RES4QIQAAAAJ,0.014713107608258724,0.007942329160869122,False,Riskyana Dewi Intan P,Arif Widodo
BIrtbD8AAAAJ,DrE0Lf8AAAAJ,0.01470938976854086,0.002088152803480625,False,Ibnu Febry Kurniawan,Fresha Kharisma
MeGE8WAAAAAJ,MnI3Tm0AAAAJ,0.014704600907862186,0.0021644176449626684,False,Binti Kholifah,Sayyidul Aulia Alamsyah
Mr22rjsAAAAJ,dfwr-2YAAAAJ,0.014703662134706974,0.0027352601755410433,False,Hesti Khuzaimah Nurul Yusufiyah,Muhammad Fajar Wahyudi Rahman
4VXQFKYAAAAJ,AaC4eAwAAAAJ,0.014696086756885052,0.0024430863559246063,False,Renny Sari Dewi,Fadhilah Qalbi Annisa
4Yhmpg0AAAAJ,N40Vh64AAAAJ,0.014695939607918262,0.003537367098033428,False,Hujjatullah Fazlurrahman,Raden Roro Hapsari Peni Agustin T
RNJ3vNQAAAAJ,jPKU5cAAAAAJ,0.014693764969706535,0.0026375658344477415,False,Harmon Prayogi,Anggraeni Widya Purwita
6MXDzBQAAAAJ,jPKU5cAAAAAJ,0.014692198485136032,0.004122193902730942,False,Lilik Anifah,Anggraeni Widya Purwita
Tp_X_bYAAAAJ,VwvPnrcAAAAJ,0.014688795432448387,0.00329499039798975,False,Farid Baskoro,Nisa Dwi Septiyanti
BIrtbD8AAAAJ,L6O1lvkAAAAJ,0.014687001705169678,0.005876783747226,False,Ibnu Febry Kurniawan,Tri Wrahatnolo
6f4j4TYAAAAJ,t5f89iIAAAAJ,0.014677335508167744,0.011910400353372097,False,Mahendra Widyartono,Andi Iwan Nurhidayat
lmlBHlsAAAAJ,tzjThtIAAAAJ,0.014675303362309933,0.011348355561494827,False,Widi Aribowo,Elly Matul Imah
VwvPnrcAAAAJ,pCyzpjgAAAAJ,0.014674992300570011,0.00867323949933052,False,Nisa Dwi Septiyanti,Nurul Laili
DiBTIz4AAAAJ,j8HRV1wAAAAJ,0.014672137796878815,0.00922523345798254,False,Riskyana Dewi Intan P,Bambang Suprianto
AaC4eAwAAAAJ,i0pkJZoAAAAJ,0.01467212475836277,0.003940400667488575,False,Fadhilah Qalbi Annisa,Yuni Rosita Dewi
MnI3Tm0AAAAJ,wEGsLv4AAAAJ,0.014665142633020878,0.0019626307766884565,False,Sayyidul Aulia Alamsyah,Ike Fitriyaningsih
AX-w0AEAAAAJ,LsydBAMAAAAJ,0.014661809429526329,0.007027425337582827,False,Hasanuddin Al-Habib,Puput Wanarti Rusimamto
6ifThF0AAAAJ,DiBTIz4AAAAJ,0.014661111868917942,0.003480262355878949,False,Ika Diyah Candra Arifah,Riskyana Dewi Intan P
5uDKOUMAAAAJ,y_OiarcAAAAJ,0.014657759107649326,0.004558178596198559,False,Heri Purnawan,Yandhika Surya Akbar Gumilang
n7ykK-IAAAAJ,pCyzpjgAAAAJ,0.014649296179413795,0.007073219399899244,False,Dhiyan Septa Wihara,Nurul Laili
8wFXNjYAAAAJ,Tz8EfXcAAAAJ,0.014649233780801296,0.006194496992975473,False,Naim Rochmawati,Yuliani Puji Astuti
L6O1lvkAAAAJ,_n2j0ZAAAAAJ,0.01464772131294012,0.006599267479032278,False,Tri Wrahatnolo,I Gusti Lanang Putra Eka Prismana
ZhJ08JkAAAAJ,rnlvOfEAAAAJ,0.014646915718913078,0.0020255183335393667,False,Bachtiar Syaiful Bachri,Ibrohim
AX-w0AEAAAAJ,Yw9l51IAAAAJ,0.014633480459451675,0.004149329382926226,False,Hasanuddin Al-Habib,Riza Akhsani Setyo Prayoga
9BWyE0UAAAAJ,_n2j0ZAAAAAJ,0.014627370052039623,0.004924491513520479,False,Endryansyah,I Gusti Lanang Putra Eka Prismana
BIrtbD8AAAAJ,FZ00CQ8AAAAJ,0.01462622918188572,0.0017879876540973783,False,Ibnu Febry Kurniawan,Rizky Basatha
L6O1lvkAAAAJ,wlGfsB0AAAAJ,0.014619206078350544,0.005862811114639044,False,Tri Wrahatnolo,Salamun Rohman Nudin
5uDKOUMAAAAJ,BIrtbD8AAAAJ,0.014612428843975067,0.004947037436068058,False,Heri Purnawan,Ibnu Febry Kurniawan
Mr22rjsAAAAJ,Yw9l51IAAAAJ,0.014604294672608376,0.003694739891216159,False,Hesti Khuzaimah Nurul Yusufiyah,Riza Akhsani Setyo Prayoga
-tpBKawAAAAJ,tzjThtIAAAAJ,0.014599697664380074,0.003984419628977776,False,Dimas Novian Aditia Syahputra,Elly Matul Imah
jJBtZPgAAAAJ,sHANI1gAAAAJ,0.01459805853664875,0.0021068884525448084,False,Siska Puspitaningsih,Rifqi Firmansyah
AYI1rosAAAAJ,q-sbahIAAAAJ,0.014594732783734798,0.005961161572486162,False,Nurhayati,Ulfa Siti Nuraini
NO8mJucAAAAJ,OwdLKtQAAAAJ,0.014592530205845833,0.01204011682420969,False,Wahyu Sasongko Putro,Fitria
dfwr-2YAAAAJ,ne31is4AAAAJ,0.014590871520340443,0.013124383985996246,False,Muhammad Fajar Wahyudi Rahman,Danang Ary Dewangga
Y4YoRwUAAAAJ,_ecYpyYAAAAJ,0.014589513652026653,0.003893556073307991,False,Belgis Ainatul Iza,Dinda Galuh Guminta
DrE0Lf8AAAAJ,R9rGmc4AAAAJ,0.014589238911867142,0.001956384629011154,False,Fresha Kharisma,Kartika Chandra Dewi
5nAJx9wAAAAJ,NO8mJucAAAAJ,0.014588889665901661,0.015194464474916458,False,Muhammad Fachmi,Wahyu Sasongko Putro
-tpBKawAAAAJ,pCyzpjgAAAAJ,0.014586292207241058,0.007578352466225624,False,Dimas Novian Aditia Syahputra,Nurul Laili
RES4QIQAAAAJ,n7ykK-IAAAAJ,0.014580297283828259,0.0037071623373776674,False,Arif Widodo,Dhiyan Septa Wihara
NO8mJucAAAAJ,RES4QIQAAAAJ,0.014580118469893932,0.003567594103515148,False,Wahyu Sasongko Putro,Arif Widodo
pCyzpjgAAAAJ,q24bD6AAAAAJ,0.014574447646737099,0.0067002796567976475,False,Nurul Laili,Martini Dwi Endah Susanti
7EQjv9wAAAAJ,N40Vh64AAAAJ,0.01457302924245596,0.0053830500692129135,False,Asmunin,Raden Roro Hapsari Peni Agustin T
5nAJx9wAAAAJ,wlGfsB0AAAAJ,0.01457298919558525,0.015571882016956806,False,Muhammad Fachmi,Salamun Rohman Nudin
2lw6P3IAAAAJ,n7IAKI0AAAAJ,0.014570031315088272,0.0019386685453355312,False,Muhammad Febrilian Dwi Syahputra,Joko
R9rGmc4AAAAJ,RNJ3vNQAAAAJ,0.014565333724021912,0.0012944282498210669,False,Kartika Chandra Dewi,Harmon Prayogi
1hm7MM8AAAAJ,AaC4eAwAAAAJ,0.01456109806895256,0.007658439222723246,False,Reza Rahmadian,Fadhilah Qalbi Annisa
FZ00CQ8AAAAJ,Y4YoRwUAAAAJ,0.014559484086930752,0.0010855463333427906,False,Rizky Basatha,Belgis Ainatul Iza
-tpBKawAAAAJ,DiBTIz4AAAAJ,0.014558054506778717,0.003425807924941182,False,Dimas Novian Aditia Syahputra,Riskyana Dewi Intan P
4Yhmpg0AAAAJ,AX-w0AEAAAAJ,0.014553609304130077,0.005940060596913099,False,Hujjatullah Fazlurrahman,Hasanuddin Al-Habib
4Yhmpg0AAAAJ,Yw9l51IAAAAJ,0.014551461674273014,0.0017987570026889443,False,Hujjatullah Fazlurrahman,Riza Akhsani Setyo Prayoga
N40Vh64AAAAJ,W7ncZRgAAAAJ,0.014542383141815662,0.0037876777350902557,False,Raden Roro Hapsari Peni Agustin T,Hafid Kholidi Hadi
TB0QfMoAAAAJ,VwvPnrcAAAAJ,0.01454209629446268,0.002857072977349162,False,Miftahur Rohman,Nisa Dwi Septiyanti
cPj-iOIAAAAJ,rnlvOfEAAAAJ,0.014535441994667053,0.0020742344204336405,False,Ricky Eka Putra,Ibrohim
AaC4eAwAAAAJ,RNJ3vNQAAAAJ,0.01453374046832323,0.003312351182103157,False,Fadhilah Qalbi Annisa,Harmon Prayogi
4d_6xxEAAAAJ,nVac1BcAAAAJ,0.014533113688230515,0.0022517379838973284,False,Ghea Sekar Palupi,Rosita
R9rGmc4AAAAJ,itwnm-AAAAAJ,0.014529186300933361,0.001394649501889944,False,Kartika Chandra Dewi,Achmad Fitro
DiBTIz4AAAAJ,W7ncZRgAAAAJ,0.014525658451020718,0.004438651725649834,False,Riskyana Dewi Intan P,Hafid Kholidi Hadi
2lw6P3IAAAAJ,nVac1BcAAAAJ,0.01451468002051115,0.0024653361178934574,False,Muhammad Febrilian Dwi Syahputra,Rosita
Hl6bqU8AAAAJ,Y4YoRwUAAAAJ,0.01451191771775484,0.0017695595743134618,False,Rindu Puspita Wibawa,Belgis Ainatul Iza
6MXDzBQAAAAJ,tzjThtIAAAAJ,0.01451069675385952,0.01078361552208662,False,Lilik Anifah,Elly Matul Imah
YADiqesAAAAJ,n7ykK-IAAAAJ,0.01451035588979721,0.006150214932858944,False,Ekohariadi,Dhiyan Septa Wihara
-tpBKawAAAAJ,AaC4eAwAAAAJ,0.014509347267448902,0.002764032455161214,False,Dimas Novian Aditia Syahputra,Fadhilah Qalbi Annisa
-gGGkMcAAAAJ,n7IAKI0AAAAJ,0.014502085745334625,0.0032911228481680155,False,Faris Abdi El Hakim,Joko
Iq3gzh4AAAAJ,_ecYpyYAAAAJ,0.014499450102448463,0.0038872240111231804,False,Andi Mariono,Dinda Galuh Guminta
5nAJx9wAAAAJ,jPKU5cAAAAAJ,0.01449931226670742,0.015491119585931301,False,Muhammad Fachmi,Anggraeni Widya Purwita
DiBTIz4AAAAJ,_n2j0ZAAAAAJ,0.014497010968625546,0.0071959421038627625,False,Riskyana Dewi Intan P,I Gusti Lanang Putra Eka Prismana
1hm7MM8AAAAJ,yXy6kW0AAAAJ,0.014495505951344967,0.009290189482271671,False,Reza Rahmadian,Harun Al Rosyid
AjvtBWIAAAAJ,nVac1BcAAAAJ,0.01449510920792818,0.0019677456002682447,False,Siti Masitoh,Rosita
eEtHoOAAAAAJ,nVac1BcAAAAJ,0.014489887282252312,0.0018533176044002175,False,Rahadian Bisma,Rosita
6f4j4TYAAAAJ,hrVTt4kAAAAJ,0.014480607584118843,0.00870460830628872,False,Mahendra Widyartono,Monica Cinthya
jJBtZPgAAAAJ,z7RWDi0AAAAJ,0.014478798024356365,0.004179317969828844,False,Siska Puspitaningsih,Tri Rijanto
-BuJoD0AAAAJ,R9rGmc4AAAAJ,0.014477886259555817,0.0025176398921757936,False,Ratih Amelia,Kartika Chandra Dewi
1xVR-fgAAAAJ,_ecYpyYAAAAJ,0.014474430121481419,0.0037700850516557693,False,1xVR-fgAAAAJ,Dinda Galuh Guminta
ne31is4AAAAJ,tzjThtIAAAAJ,0.014474104158580303,0.008208651095628738,False,Danang Ary Dewangga,Elly Matul Imah
MeGE8WAAAAAJ,Tp_X_bYAAAAJ,0.014470670372247696,0.0026030417066067457,False,Binti Kholifah,Farid Baskoro
L6O1lvkAAAAJ,n7ykK-IAAAAJ,0.014461743645370007,0.003870475571602583,False,Tri Wrahatnolo,Dhiyan Septa Wihara
iFSMsegAAAAJ,pb3-UjwAAAAJ,0.014458591118454933,0.002769238781183958,False,Elvira Wardah,Moch Deny Pratama
5nAJx9wAAAAJ,_VFGVQQAAAAJ,0.014456144534051418,0.011068962514400482,True,Muhammad Fachmi,Berlian Maulidya Izzati
RES4QIQAAAAJ,jPKU5cAAAAAJ,0.014456043019890785,0.003669947385787964,False,Arif Widodo,Anggraeni Widya Purwita
_ecYpyYAAAAJ,p4gdgRgAAAAJ,0.014455086551606655,0.007243598811328411,False,Dinda Galuh Guminta,Rusijono
CxdwNaYAAAAJ,Yw9l51IAAAAJ,0.014448972418904305,0.0022994880564510822,False,Wiyli Yustanti,Riza Akhsani Setyo Prayoga
AX-w0AEAAAAJ,yObeL8gAAAAJ,0.014447811059653759,0.0060160099528729916,False,Hasanuddin Al-Habib,I Gusti Putu Asto Buditjahjanto
DiBTIz4AAAAJ,i0pkJZoAAAAJ,0.014447342604398727,0.004512489307671785,False,Riskyana Dewi Intan P,Yuni Rosita Dewi
wEGsLv4AAAAJ,z7RWDi0AAAAJ,0.014443859457969666,0.0031211553141474724,False,Ike Fitriyaningsih,Tri Rijanto
q-sbahIAAAAJ,z7RWDi0AAAAJ,0.01443970762193203,0.005070195067673922,False,Ulfa Siti Nuraini,Tri Rijanto
4VXQFKYAAAAJ,DiBTIz4AAAAJ,0.014435607939958572,0.003033408662304282,False,Renny Sari Dewi,Riskyana Dewi Intan P
4Yhmpg0AAAAJ,q-sbahIAAAAJ,0.0144339669495821,0.0017930024769157171,False,Hujjatullah Fazlurrahman,Ulfa Siti Nuraini
WdhKN0sAAAAJ,ZRCJXO0AAAAJ,0.014431397430598736,0.0036376300267875195,False,Aditya Prapanca,Riska Dhenabayu
rnlvOfEAAAAJ,t5f89iIAAAAJ,0.014430677518248558,0.0036683932412415743,False,Ibrohim,Andi Iwan Nurhidayat
EBgY5K0AAAAJ,MeGE8WAAAAAJ,0.014424704946577549,0.014439014717936516,False,Moch. Badrus Oleh,Binti Kholifah
DiBTIz4AAAAJ,p1pK7E4AAAAJ,0.014419959858059883,0.009983840398490429,False,Riskyana Dewi Intan P,Subuh Isnur Haryudo
TAAC1-AAAAAJ,Y4YoRwUAAAAJ,0.014417980797588825,0.0012262933887541294,False,I Gde Agung Sri Sidhimantra,Belgis Ainatul Iza
AjvtBWIAAAAJ,rnlvOfEAAAAJ,0.014417825266718864,0.0020343863870948553,False,Siti Masitoh,Ibrohim
N40Vh64AAAAJ,Smb2eg8AAAAJ,0.014417437836527824,0.0032486175186932087,False,Raden Roro Hapsari Peni Agustin T,Nanang Hoesen. H. A.
AaC4eAwAAAAJ,eEtHoOAAAAAJ,0.0144169507548213,0.00659563671797514,False,Fadhilah Qalbi Annisa,Rahadian Bisma
RES4QIQAAAAJ,tzjThtIAAAAJ,0.014412575401365757,0.010102391242980957,False,Arif Widodo,Elly Matul Imah
A9L19RMAAAAJ,o4zdesUAAAAJ,0.014410489238798618,0.009466844610869884,False,Pradini Puspitaningayu,Rakha Asyrofi
N40Vh64AAAAJ,pCyzpjgAAAAJ,0.014407881535589695,0.0026576833333820105,False,Raden Roro Hapsari Peni Agustin T,Nurul Laili
R9rGmc4AAAAJ,iFSMsegAAAAJ,0.014397390186786652,0.0051727876998484135,False,Kartika Chandra Dewi,Elvira Wardah
34CwHgkAAAAJ,iFSMsegAAAAJ,0.014396497048437595,0.0024245150852948427,False,Riza Akhsani Setyo Prayoga,Elvira Wardah
ZjPpHWsAAAAJ,q24bD6AAAAAJ,0.01439617108553648,0.015954675152897835,False,Erik Rahman,Martini Dwi Endah Susanti
N40Vh64AAAAJ,dfwr-2YAAAAJ,0.014394217170774937,0.003931351937353611,False,Raden Roro Hapsari Peni Agustin T,Muhammad Fajar Wahyudi Rahman
N40Vh64AAAAJ,UL2-upoAAAAJ,0.014390604570508003,0.003266882384195924,False,Raden Roro Hapsari Peni Agustin T,Dana Azizah Rahmat
jPKU5cAAAAAJ,tzjThtIAAAAJ,0.014389711432158947,0.0029713294934481382,False,Anggraeni Widya Purwita,Elly Matul Imah
RES4QIQAAAAJ,y_OiarcAAAAJ,0.014386587776243687,0.0065313479863107204,False,Arif Widodo,Yandhika Surya Akbar Gumilang
1xVR-fgAAAAJ,MeGE8WAAAAAJ,0.014384128153324127,0.006556562148034573,False,1xVR-fgAAAAJ,Binti Kholifah
AYI1rosAAAAJ,DsVi_OAAAAAJ,0.014380463398993015,0.005024957004934549,False,Nurhayati,Nadia Nur Thahirrah
TB0QfMoAAAAJ,tzjThtIAAAAJ,0.014373058453202248,0.011390062980353832,False,Miftahur Rohman,Elly Matul Imah
AX-w0AEAAAAJ,z7RWDi0AAAAJ,0.014368506148457527,0.006489722523838282,False,Hasanuddin Al-Habib,Tri Rijanto
_ecYpyYAAAAJ,qtFw9UMAAAAJ,0.014367912895977497,0.005185991525650024,False,Dinda Galuh Guminta,Bambang Sujatmiko
AjvtBWIAAAAJ,ne31is4AAAAJ,0.014367802068591118,0.01271897554397583,False,Siti Masitoh,Danang Ary Dewangga
4Yhmpg0AAAAJ,ne31is4AAAAJ,0.014367789961397648,0.013879384845495224,False,Hujjatullah Fazlurrahman,Danang Ary Dewangga
AaC4eAwAAAAJ,W7ncZRgAAAAJ,0.014366027899086475,0.003718379884958267,False,Fadhilah Qalbi Annisa,Hafid Kholidi Hadi
4Yhmpg0AAAAJ,_ecYpyYAAAAJ,0.014365346170961857,0.004279158543795347,False,Hujjatullah Fazlurrahman,Dinda Galuh Guminta
Hl6bqU8AAAAJ,iFSMsegAAAAJ,0.014358744025230408,0.004687276668846607,False,Rindu Puspita Wibawa,Elvira Wardah
Mr22rjsAAAAJ,o4zdesUAAAAJ,0.014358744025230408,0.005613937508314848,False,Hesti Khuzaimah Nurul Yusufiyah,Rakha Asyrofi
TB0QfMoAAAAJ,y_OiarcAAAAJ,0.014355822466313839,0.00789257138967514,False,Miftahur Rohman,Yandhika Surya Akbar Gumilang
C_EGqeMAAAAJ,ZhJ08JkAAAAJ,0.014355760999023914,0.005424290895462036,False,Namira Roudlotul Jannah,Bachtiar Syaiful Bachri
YADiqesAAAAJ,wlGfsB0AAAAJ,0.014355026185512543,0.009041490964591503,False,Ekohariadi,Salamun Rohman Nudin
8wFXNjYAAAAJ,nVac1BcAAAAJ,0.0143539197742939,0.0030099109280854464,False,Naim Rochmawati,Rosita
BIrtbD8AAAAJ,itwnm-AAAAAJ,0.014353225007653236,0.001762469531968236,False,Ibnu Febry Kurniawan,Achmad Fitro
BIrtbD8AAAAJ,W7ncZRgAAAAJ,0.014352226629853249,0.002093082293868065,False,Ibnu Febry Kurniawan,Hafid Kholidi Hadi
LsydBAMAAAAJ,tzjThtIAAAAJ,0.014350163750350475,0.011385715566575527,False,Puput Wanarti Rusimamto,Elly Matul Imah
2lw6P3IAAAAJ,BIrtbD8AAAAJ,0.014348767697811127,0.0013548883143812418,False,Muhammad Febrilian Dwi Syahputra,Ibnu Febry Kurniawan
5nAJx9wAAAAJ,5uDKOUMAAAAJ,0.014346123673021793,0.004725537728518248,False,Muhammad Fachmi,Heri Purnawan
4VXQFKYAAAAJ,VNrCn4gAAAAJ,0.014344094321131706,0.002502025803551078,False,Renny Sari Dewi,Ersha Aisyah Elfaiz
yObeL8gAAAAJ,y_OiarcAAAAJ,0.014343824237585068,0.0077661736868321896,False,I Gusti Putu Asto Buditjahjanto,Yandhika Surya Akbar Gumilang
j8HRV1wAAAAJ,tzjThtIAAAAJ,0.014343629591166973,0.011215616948902607,False,Bambang Suprianto,Elly Matul Imah
4d_6xxEAAAAJ,_ecYpyYAAAAJ,0.01434269268065691,0.004739193245768547,False,Ghea Sekar Palupi,Dinda Galuh Guminta
b4_EdJYAAAAJ,iFSMsegAAAAJ,0.01434150617569685,0.011004967615008354,False,Moh. Khoridatul Huda,Elvira Wardah
2lw6P3IAAAAJ,rnlvOfEAAAAJ,0.014336309395730495,0.00241668289527297,False,Muhammad Febrilian Dwi Syahputra,Ibrohim
Y4YoRwUAAAAJ,_VFGVQQAAAAJ,0.014330738224089146,0.000964820384979248,False,Belgis Ainatul Iza,Berlian Maulidya Izzati
ZhJ08JkAAAAJ,ne31is4AAAAJ,0.014328145422041416,0.01089183147996664,False,Bachtiar Syaiful Bachri,Danang Ary Dewangga
6MXDzBQAAAAJ,DsVi_OAAAAAJ,0.0143280029296875,0.006286729592829943,False,Lilik Anifah,Nadia Nur Thahirrah
1xVR-fgAAAAJ,Y4YoRwUAAAAJ,0.014327882789075375,0.0014343057991936803,False,1xVR-fgAAAAJ,Belgis Ainatul Iza
AYI1rosAAAAJ,Tz8EfXcAAAAJ,0.014323539100587368,0.0018721132073551416,False,Nurhayati,Yuliani Puji Astuti
N40Vh64AAAAJ,wlGfsB0AAAAJ,0.014315396547317505,0.003019174560904503,False,Raden Roro Hapsari Peni Agustin T,Salamun Rohman Nudin
q-sbahIAAAAJ,yObeL8gAAAAJ,0.014302738942205906,0.005718829110264778,False,Ulfa Siti Nuraini,I Gusti Putu Asto Buditjahjanto
-BuJoD0AAAAJ,VNrCn4gAAAAJ,0.014293155632913113,0.003317744005471468,False,Ratih Amelia,Ersha Aisyah Elfaiz
MeGE8WAAAAAJ,j8HRV1wAAAAJ,0.014291342347860336,0.0025475460570305586,False,Binti Kholifah,Bambang Suprianto
AX-w0AEAAAAJ,sHANI1gAAAAJ,0.014289185404777527,0.00427833991125226,False,Hasanuddin Al-Habib,Rifqi Firmansyah
6ifThF0AAAAJ,Y4YoRwUAAAAJ,0.014288607984781265,0.001263126265257597,False,Ika Diyah Candra Arifah,Belgis Ainatul Iza
R9rGmc4AAAAJ,TB0QfMoAAAAJ,0.01428509596735239,0.001256820629350841,False,Kartika Chandra Dewi,Miftahur Rohman
A9L19RMAAAAJ,VNrCn4gAAAAJ,0.014283920638263226,0.0010016575688496232,False,Pradini Puspitaningayu,Ersha Aisyah Elfaiz
o4zdesUAAAAJ,rnlvOfEAAAAJ,0.014279921539127827,0.0023962899576872587,False,Rakha Asyrofi,Ibrohim
9BWyE0UAAAAJ,wlGfsB0AAAAJ,0.014279148541390896,0.004628593567758799,False,Endryansyah,Salamun Rohman Nudin
-tpBKawAAAAJ,Y4YoRwUAAAAJ,0.014270788989961147,0.0011878737714141607,False,Dimas Novian Aditia Syahputra,Belgis Ainatul Iza
4VXQFKYAAAAJ,N40Vh64AAAAJ,0.014270734041929245,0.002427056897431612,False,Renny Sari Dewi,Raden Roro Hapsari Peni Agustin T
Mr22rjsAAAAJ,ne31is4AAAAJ,0.014270077459514141,0.006333454046398401,False,Hesti Khuzaimah Nurul Yusufiyah,Danang Ary Dewangga
EBgY5K0AAAAJ,q-sbahIAAAAJ,0.014262331649661064,0.0015018307603895664,False,Moch. Badrus Oleh,Ulfa Siti Nuraini
Yw9l51IAAAAJ,tzjThtIAAAAJ,0.01426123920828104,0.0027919423300772905,False,Riza Akhsani Setyo Prayoga,Elly Matul Imah
N40Vh64AAAAJ,R9rGmc4AAAAJ,0.01425990555435419,0.004237159620970488,False,Raden Roro Hapsari Peni Agustin T,Kartika Chandra Dewi
6RBIukkAAAAJ,wEGsLv4AAAAJ,0.01425427570939064,0.008304592221975327,False,Yatim Riyanto,Ike Fitriyaningsih
Tz8EfXcAAAAJ,Y4YoRwUAAAAJ,0.01425404753535986,0.0012583284405991435,False,Yuliani Puji Astuti,Belgis Ainatul Iza
nVac1BcAAAAJ,z7RWDi0AAAAJ,0.014250350184738636,0.0010032342979684472,False,Rosita,Tri Rijanto
jJBtZPgAAAAJ,yObeL8gAAAAJ,0.01424962654709816,0.003120929468423128,False,Siska Puspitaningsih,I Gusti Putu Asto Buditjahjanto
EBgY5K0AAAAJ,wEGsLv4AAAAJ,0.014249252155423164,0.0067374976351857185,False,Moch. Badrus Oleh,Ike Fitriyaningsih
DiBTIz4AAAAJ,LsydBAMAAAAJ,0.014239462092518806,0.009751579724252224,False,Riskyana Dewi Intan P,Puput Wanarti Rusimamto
aW1lSOYAAAAJ,yXy6kW0AAAAJ,0.014238392002880573,0.01141324732452631,False,Aditya Chandra Hermawan,Harun Al Rosyid
ZjPpHWsAAAAJ,jPKU5cAAAAAJ,0.01422096136957407,0.02670215256512165,False,Erik Rahman,Anggraeni Widya Purwita
IJIEntMAAAAJ,ZRCJXO0AAAAJ,0.014220887795090675,0.005132230930030346,False,Yeni Anistyasari,Riska Dhenabayu
AYI1rosAAAAJ,VwvPnrcAAAAJ,0.014215688221156597,0.0024744593538343906,False,Nurhayati,Nisa Dwi Septiyanti
iFSMsegAAAAJ,z7RWDi0AAAAJ,0.014211772941052914,0.0030045374296605587,False,Elvira Wardah,Tri Rijanto
6f4j4TYAAAAJ,y_OiarcAAAAJ,0.014207870699465275,0.011500624939799309,False,Mahendra Widyartono,Yandhika Surya Akbar Gumilang
R9rGmc4AAAAJ,j8HRV1wAAAAJ,0.014205747283995152,0.0012747178552672267,False,Kartika Chandra Dewi,Bambang Suprianto
6ifThF0AAAAJ,pCyzpjgAAAAJ,0.01420451421290636,0.003967630676925182,False,Ika Diyah Candra Arifah,Nurul Laili
dfwr-2YAAAAJ,wEGsLv4AAAAJ,0.014198851771652699,0.004337691236287355,False,Muhammad Fajar Wahyudi Rahman,Ike Fitriyaningsih
VNrCn4gAAAAJ,pb3-UjwAAAAJ,0.014197137206792831,0.0012304834090173244,False,Ersha Aisyah Elfaiz,Moch Deny Pratama
C_EGqeMAAAAJ,RNJ3vNQAAAAJ,0.014195814728736877,0.0028971554711461067,False,Namira Roudlotul Jannah,Harmon Prayogi
C_EGqeMAAAAJ,p1pK7E4AAAAJ,0.014178790152072906,0.004759103525429964,False,Namira Roudlotul Jannah,Subuh Isnur Haryudo
VNrCn4gAAAAJ,lmlBHlsAAAAJ,0.014165692031383514,0.0014142770087346435,False,Ersha Aisyah Elfaiz,Widi Aribowo
dfwr-2YAAAAJ,q-sbahIAAAAJ,0.014165379106998444,0.0018520287703722715,False,Muhammad Fajar Wahyudi Rahman,Ulfa Siti Nuraini
6ifThF0AAAAJ,R9rGmc4AAAAJ,0.01416347548365593,0.0013979470822960138,False,Ika Diyah Candra Arifah,Kartika Chandra Dewi
ZRCJXO0AAAAJ,aW1lSOYAAAAJ,0.01416139118373394,0.0026232886593788862,False,Riska Dhenabayu,Aditya Chandra Hermawan
AX-w0AEAAAAJ,ZjPpHWsAAAAJ,0.014160744845867157,0.0030188150703907013,False,Hasanuddin Al-Habib,Erik Rahman
W7ncZRgAAAAJ,tzjThtIAAAAJ,0.014160125516355038,0.004431217908859253,False,Hafid Kholidi Hadi,Elly Matul Imah
R9rGmc4AAAAJ,RES4QIQAAAAJ,0.014157762750983238,0.001169873052276671,False,Kartika Chandra Dewi,Arif Widodo
5nAJx9wAAAAJ,LeRoniwAAAAJ,0.014156785793602467,0.0079946992918849,False,Muhammad Fachmi,Farhanna Mari
W7ncZRgAAAAJ,wEGsLv4AAAAJ,0.01415670569986105,0.004954096861183643,False,Hafid Kholidi Hadi,Ike Fitriyaningsih
9BWyE0UAAAAJ,BIrtbD8AAAAJ,0.014150571078062057,0.010335599072277546,False,Endryansyah,Ibnu Febry Kurniawan
6MXDzBQAAAAJ,OwdLKtQAAAAJ,0.01414479874074459,0.00248245382681489,False,Lilik Anifah,Fitria
DrE0Lf8AAAAJ,VNrCn4gAAAAJ,0.014140934683382511,0.002434683730825782,False,Fresha Kharisma,Ersha Aisyah Elfaiz
Tz8EfXcAAAAJ,_ecYpyYAAAAJ,0.01413978636264801,0.004885124042630196,False,Yuliani Puji Astuti,Dinda Galuh Guminta
DsVi_OAAAAAJ,tzjThtIAAAAJ,0.01413927972316742,0.004654468037188053,False,Nadia Nur Thahirrah,Elly Matul Imah
DiBTIz4AAAAJ,RNJ3vNQAAAAJ,0.01413906179368496,0.003025389276444912,False,Riskyana Dewi Intan P,Harmon Prayogi
C_EGqeMAAAAJ,Tp_X_bYAAAAJ,0.01413570437580347,0.0042904759757220745,False,Namira Roudlotul Jannah,Farid Baskoro
_VFGVQQAAAAJ,iFSMsegAAAAJ,0.014133830554783344,0.0029580239206552505,False,Berlian Maulidya Izzati,Elvira Wardah
sHANI1gAAAAJ,t5f89iIAAAAJ,0.014133404940366745,0.0056042056530714035,False,Rifqi Firmansyah,Andi Iwan Nurhidayat
BIrtbD8AAAAJ,N6RJilIAAAAJ,0.01413034275174141,0.011448817327618599,False,Ibnu Febry Kurniawan,Anita Qoiriah
AjvtBWIAAAAJ,Yw9l51IAAAAJ,0.014129945077002048,0.001962122041732073,False,Siti Masitoh,Riza Akhsani Setyo Prayoga
AjvtBWIAAAAJ,_ecYpyYAAAAJ,0.014128662645816803,0.0046086618676781654,False,Siti Masitoh,Dinda Galuh Guminta
6MXDzBQAAAAJ,t5f89iIAAAAJ,0.01412852294743061,0.007338100112974644,False,Lilik Anifah,Andi Iwan Nurhidayat
pCyzpjgAAAAJ,z7RWDi0AAAAJ,0.014127341099083424,0.0020766030065715313,False,Nurul Laili,Tri Rijanto
AjvtBWIAAAAJ,iFSMsegAAAAJ,0.014126106165349483,0.005922590848058462,False,Siti Masitoh,Elvira Wardah
N40Vh64AAAAJ,i0pkJZoAAAAJ,0.014119273982942104,0.003164753085002303,False,Raden Roro Hapsari Peni Agustin T,Yuni Rosita Dewi
6f4j4TYAAAAJ,OwdLKtQAAAAJ,0.014117647893726826,0.0028792035300284624,False,Mahendra Widyartono,Fitria
ZBAnb64AAAAJ,tzjThtIAAAAJ,0.014116705395281315,0.006633634213358164,False,Ardhini Warih Utami,Elly Matul Imah
-BuJoD0AAAAJ,pCyzpjgAAAAJ,0.014114297926425934,0.006377710960805416,False,Ratih Amelia,Nurul Laili
Tp_X_bYAAAAJ,q-sbahIAAAAJ,0.014112791046500206,0.008578639477491379,False,Farid Baskoro,Ulfa Siti Nuraini
_ecYpyYAAAAJ,nWPONc8AAAAJ,0.014111842028796673,0.0031066297087818384,False,Dinda Galuh Guminta,Lusia Rakhmawati
5uDKOUMAAAAJ,DsVi_OAAAAAJ,0.014110892079770565,0.00434901611879468,False,Heri Purnawan,Nadia Nur Thahirrah
iFSMsegAAAAJ,j8HRV1wAAAAJ,0.014102484099566936,0.0029681336600333452,False,Elvira Wardah,Bambang Suprianto
DiBTIz4AAAAJ,dfwr-2YAAAAJ,0.014097148552536964,0.004279753193259239,False,Riskyana Dewi Intan P,Muhammad Fajar Wahyudi Rahman
1xVR-fgAAAAJ,N40Vh64AAAAJ,0.014089900068938732,0.0030821124091744423,False,1xVR-fgAAAAJ,Raden Roro Hapsari Peni Agustin T
ZRCJXO0AAAAJ,nVac1BcAAAAJ,0.014087079092860222,0.002217361005023122,False,Riska Dhenabayu,Rosita
N40Vh64AAAAJ,aW1lSOYAAAAJ,0.014082331210374832,0.006214559078216553,False,Raden Roro Hapsari Peni Agustin T,Aditya Chandra Hermawan
6f4j4TYAAAAJ,jPKU5cAAAAAJ,0.014080868102610111,0.005808286834508181,False,Mahendra Widyartono,Anggraeni Widya Purwita
Y4YoRwUAAAAJ,cPj-iOIAAAAJ,0.014080854132771492,0.002348021138459444,False,Belgis Ainatul Iza,Ricky Eka Putra
nVac1BcAAAAJ,ne31is4AAAAJ,0.014077034778892994,0.004784622695297003,False,Rosita,Danang Ary Dewangga
Yw9l51IAAAAJ,lmlBHlsAAAAJ,0.01407628133893013,0.0011748526012524962,False,Riza Akhsani Setyo Prayoga,Widi Aribowo
N6RJilIAAAAJ,Tz8EfXcAAAAJ,0.014072094112634659,0.00999827403575182,False,Anita Qoiriah,Yuliani Puji Astuti
C_EGqeMAAAAJ,j8HRV1wAAAAJ,0.014068791642785072,0.004507075995206833,False,Namira Roudlotul Jannah,Bambang Suprianto
6RBIukkAAAAJ,nVac1BcAAAAJ,0.014067879877984524,0.002043913584202528,False,Yatim Riyanto,Rosita
NO8mJucAAAAJ,YADiqesAAAAJ,0.014065584167838097,0.0071027157828211784,False,Wahyu Sasongko Putro,Ekohariadi
AaC4eAwAAAAJ,dfwr-2YAAAAJ,0.01406109519302845,0.0038789783138781786,False,Fadhilah Qalbi Annisa,Muhammad Fajar Wahyudi Rahman
n7IAKI0AAAAJ,wlGfsB0AAAAJ,0.014060916379094124,0.0030932670924812555,False,Joko,Salamun Rohman Nudin
S6IJ51cAAAAJ,Tz8EfXcAAAAJ,0.014057214371860027,0.002442410448566079,False,Unit Three Kartini,Yuliani Puji Astuti
L6O1lvkAAAAJ,OwdLKtQAAAAJ,0.014057083986699581,0.0020650895312428474,False,Tri Wrahatnolo,Fitria
aW1lSOYAAAAJ,b4_EdJYAAAAJ,0.01405598595738411,0.005948730744421482,False,Aditya Chandra Hermawan,Moh. Khoridatul Huda
5uDKOUMAAAAJ,N6RJilIAAAAJ,0.014046731404960155,0.007877976633608341,False,Heri Purnawan,Anita Qoiriah
Mr22rjsAAAAJ,nbtuM4IAAAAJ,0.014043370261788368,0.002638151403516531,False,Hesti Khuzaimah Nurul Yusufiyah,Parama Diptya Widayaka
DrE0Lf8AAAAJ,Y4YoRwUAAAAJ,0.014042631722986698,0.0016593195032328367,False,Fresha Kharisma,Belgis Ainatul Iza
AaC4eAwAAAAJ,Smb2eg8AAAAJ,0.014041304588317871,0.00363394757732749,False,Fadhilah Qalbi Annisa,Nanang Hoesen. H. A.
AaC4eAwAAAAJ,wlGfsB0AAAAJ,0.01404018234461546,0.003590754931792617,False,Fadhilah Qalbi Annisa,Salamun Rohman Nudin
_ecYpyYAAAAJ,lmlBHlsAAAAJ,0.014038953930139542,0.002386759966611862,False,Dinda Galuh Guminta,Widi Aribowo
AaC4eAwAAAAJ,itwnm-AAAAAJ,0.014037653803825378,0.0031857213471084833,False,Fadhilah Qalbi Annisa,Achmad Fitro
DiBTIz4AAAAJ,itwnm-AAAAAJ,0.014035409316420555,0.0033112764358520508,False,Riskyana Dewi Intan P,Achmad Fitro
-gGGkMcAAAAJ,BIrtbD8AAAAJ,0.014034895226359367,0.002418775111436844,False,Faris Abdi El Hakim,Ibnu Febry Kurniawan
UL2-upoAAAAJ,_ecYpyYAAAAJ,0.01403417531400919,0.005773451644927263,False,Dana Azizah Rahmat,Dinda Galuh Guminta
4d_6xxEAAAAJ,5uDKOUMAAAAJ,0.014032922685146332,0.003104504896327853,False,Ghea Sekar Palupi,Heri Purnawan
DiBTIz4AAAAJ,Smb2eg8AAAAJ,0.014030271209776402,0.004399408120661974,False,Riskyana Dewi Intan P,Nanang Hoesen. H. A.
NO8mJucAAAAJ,yObeL8gAAAAJ,0.014030219055712223,0.004656148608773947,False,Wahyu Sasongko Putro,I Gusti Putu Asto Buditjahjanto
4Yhmpg0AAAAJ,tzjThtIAAAAJ,0.014017650857567787,0.004604723770171404,False,Hujjatullah Fazlurrahman,Elly Matul Imah
iFSMsegAAAAJ,ne31is4AAAAJ,0.014016682282090187,0.005439287982881069,False,Elvira Wardah,Danang Ary Dewangga
wEGsLv4AAAAJ,yObeL8gAAAAJ,0.014015219174325466,0.0026044624391943216,False,Ike Fitriyaningsih,I Gusti Putu Asto Buditjahjanto
MeGE8WAAAAAJ,TB0QfMoAAAAJ,0.014014573767781258,0.0022392929531633854,False,Binti Kholifah,Miftahur Rohman
Y4YoRwUAAAAJ,ZRCJXO0AAAAJ,0.014008802361786366,0.001207123277708888,False,Belgis Ainatul Iza,Riska Dhenabayu
nVac1BcAAAAJ,p1pK7E4AAAAJ,0.0140077481046319,0.0010366772767156363,False,Rosita,Subuh Isnur Haryudo
-_VNTSIAAAAJ,ne31is4AAAAJ,0.014006352983415127,0.02452046051621437,False,Agus Prihanto,Danang Ary Dewangga
AX-w0AEAAAAJ,ZRCJXO0AAAAJ,0.014005324803292751,0.004465055651962757,False,Hasanuddin Al-Habib,Riska Dhenabayu
NO8mJucAAAAJ,nVac1BcAAAAJ,0.014002962969243526,0.0037532132118940353,False,Wahyu Sasongko Putro,Rosita
b81qaDkAAAAJ,iFSMsegAAAAJ,0.013991727493703365,0.0027980259619653225,False,Anita Safitri,Elvira Wardah
A9L19RMAAAAJ,NO8mJucAAAAJ,0.013988235034048557,0.002796629909425974,False,Pradini Puspitaningayu,Wahyu Sasongko Putro
LsydBAMAAAAJ,y_OiarcAAAAJ,0.013988076709210873,0.0074491193518042564,False,Puput Wanarti Rusimamto,Yandhika Surya Akbar Gumilang
MeGE8WAAAAAJ,p1pK7E4AAAAJ,0.013984953053295612,0.002652274677529931,False,Binti Kholifah,Subuh Isnur Haryudo
N40Vh64AAAAJ,wEGsLv4AAAAJ,0.013984618708491325,0.006874600891023874,False,Raden Roro Hapsari Peni Agustin T,Ike Fitriyaningsih
5nAJx9wAAAAJ,y_OiarcAAAAJ,0.0139834089204669,0.009392269887030125,False,Muhammad Fachmi,Yandhika Surya Akbar Gumilang
BIrtbD8AAAAJ,dfwr-2YAAAAJ,0.013972741551697254,0.0021725953556597233,False,Ibnu Febry Kurniawan,Muhammad Fajar Wahyudi Rahman
AaC4eAwAAAAJ,z7RWDi0AAAAJ,0.013968557119369507,0.006721028592437506,False,Fadhilah Qalbi Annisa,Tri Rijanto
_VFGVQQAAAAJ,nVac1BcAAAAJ,0.013968445360660553,0.0021966176573187113,False,Berlian Maulidya Izzati,Rosita
9BWyE0UAAAAJ,b4_EdJYAAAAJ,0.013965352438390255,0.0025816105771809816,False,Endryansyah,Moh. Khoridatul Huda
C_EGqeMAAAAJ,Yw9l51IAAAAJ,0.013962444849312305,0.003515639342367649,False,Namira Roudlotul Jannah,Riza Akhsani Setyo Prayoga
rnlvOfEAAAAJ,z7RWDi0AAAAJ,0.013961650431156158,0.0011149283964186907,False,Ibrohim,Tri Rijanto
hrVTt4kAAAAJ,tzjThtIAAAAJ,0.013955756090581417,0.006892260629683733,False,Monica Cinthya,Elly Matul Imah
OwdLKtQAAAAJ,nVac1BcAAAAJ,0.013954870402812958,0.0035417694598436356,False,Fitria,Rosita
ne31is4AAAAJ,rnlvOfEAAAAJ,0.013953551650047302,0.004485878627747297,False,Danang Ary Dewangga,Ibrohim
Y4YoRwUAAAAJ,n7IAKI0AAAAJ,0.013952790759503841,0.0027608873788267374,False,Belgis Ainatul Iza,Joko
n7ykK-IAAAAJ,tzjThtIAAAAJ,0.013951609842479229,0.003890053601935506,False,Dhiyan Septa Wihara,Elly Matul Imah
AaC4eAwAAAAJ,yObeL8gAAAAJ,0.013951466418802738,0.0068989163264632225,False,Fadhilah Qalbi Annisa,I Gusti Putu Asto Buditjahjanto
C_EGqeMAAAAJ,ZjPpHWsAAAAJ,0.013942776247859001,0.004276754800230265,False,Namira Roudlotul Jannah,Erik Rahman
R9rGmc4AAAAJ,UL2-upoAAAAJ,0.013936856761574745,0.002257425105199218,False,Kartika Chandra Dewi,Dana Azizah Rahmat
OwdLKtQAAAAJ,R9rGmc4AAAAJ,0.013936000876128674,0.005343595054000616,False,Fitria,Kartika Chandra Dewi
1hm7MM8AAAAJ,AX-w0AEAAAAJ,0.013932501897215843,0.007832692936062813,False,Reza Rahmadian,Hasanuddin Al-Habib
AaC4eAwAAAAJ,wwhACXoAAAAJ,0.013926493935286999,0.008818412199616432,False,Fadhilah Qalbi Annisa,M Adamu Islam Mashuri
4Yhmpg0AAAAJ,wEGsLv4AAAAJ,0.013925702311098576,0.0044908346608281136,False,Hujjatullah Fazlurrahman,Ike Fitriyaningsih
CxdwNaYAAAAJ,ZRCJXO0AAAAJ,0.01392345130443573,0.0037469398230314255,False,Wiyli Yustanti,Riska Dhenabayu
LsydBAMAAAAJ,VwvPnrcAAAAJ,0.013921859674155712,0.0035993074998259544,False,Puput Wanarti Rusimamto,Nisa Dwi Septiyanti
4VXQFKYAAAAJ,Y4YoRwUAAAAJ,0.0139215849339962,0.0011750658741220832,False,Renny Sari Dewi,Belgis Ainatul Iza
_ecYpyYAAAAJ,iFSMsegAAAAJ,0.013921454548835754,0.007002824451774359,False,Dinda Galuh Guminta,Elvira Wardah
tzjThtIAAAAJ,y_OiarcAAAAJ,0.013920392841100693,0.007809570990502834,False,Elly Matul Imah,Yandhika Surya Akbar Gumilang
q-sbahIAAAAJ,sHANI1gAAAAJ,0.01391598116606474,0.005393296480178833,False,Ulfa Siti Nuraini,Rifqi Firmansyah
Tz8EfXcAAAAJ,wEGsLv4AAAAJ,0.013911540620028973,0.007396353874355555,False,Yuliani Puji Astuti,Ike Fitriyaningsih
UL2-upoAAAAJ,wEGsLv4AAAAJ,0.013907386921346188,0.008435899391770363,False,Dana Azizah Rahmat,Ike Fitriyaningsih
AaC4eAwAAAAJ,LeRoniwAAAAJ,0.013904450461268425,0.007949741557240486,False,Fadhilah Qalbi Annisa,Farhanna Mari
ZjPpHWsAAAAJ,wlGfsB0AAAAJ,0.01389285083860159,0.020055050030350685,False,Erik Rahman,Salamun Rohman Nudin
6f4j4TYAAAAJ,b4_EdJYAAAAJ,0.01388976164162159,0.0037201109807938337,False,Mahendra Widyartono,Moh. Khoridatul Huda
1xVR-fgAAAAJ,AX-w0AEAAAAJ,0.013889696449041367,0.0055175223387777805,False,1xVR-fgAAAAJ,Hasanuddin Al-Habib
Y4YoRwUAAAAJ,z7RWDi0AAAAJ,0.013889252208173275,0.0023298077285289764,False,Belgis Ainatul Iza,Tri Rijanto
4Yhmpg0AAAAJ,Mr22rjsAAAAJ,0.013886156491935253,0.0020853248424828053,False,Hujjatullah Fazlurrahman,Hesti Khuzaimah Nurul Yusufiyah
UL2-upoAAAAJ,q-sbahIAAAAJ,0.013885021209716797,0.0020738551393151283,False,Dana Azizah Rahmat,Ulfa Siti Nuraini
A9L19RMAAAAJ,OffRzhoAAAAJ,0.013883323408663273,0.003837836440652609,False,Pradini Puspitaningayu,Dwi Fatrianto Suyatno
OwdLKtQAAAAJ,rnlvOfEAAAAJ,0.013882501982152462,0.0035605267621576786,False,Fitria,Ibrohim
DiBTIz4AAAAJ,wlGfsB0AAAAJ,0.013881371356546879,0.0046620783396065235,False,Riskyana Dewi Intan P,Salamun Rohman Nudin
iFSMsegAAAAJ,sHANI1gAAAAJ,0.013879458419978619,0.0022463679779320955,False,Elvira Wardah,Rifqi Firmansyah
JsEkeOsAAAAJ,VNrCn4gAAAAJ,0.013878082856535912,0.004059950355440378,False,Ari Kurniawan,Ersha Aisyah Elfaiz
8wFXNjYAAAAJ,rnlvOfEAAAAJ,0.013876248151063919,0.003270512679591775,False,Naim Rochmawati,Ibrohim
5nAJx9wAAAAJ,VwvPnrcAAAAJ,0.013871989212930202,0.011841355822980404,False,Muhammad Fachmi,Nisa Dwi Septiyanti
n7IAKI0AAAAJ,o4zdesUAAAAJ,0.013871186412870884,0.009049151092767715,False,Joko,Rakha Asyrofi
BIrtbD8AAAAJ,YADiqesAAAAJ,0.013868165202438831,0.0064105684868991375,False,Ibnu Febry Kurniawan,Ekohariadi
6RBIukkAAAAJ,rnlvOfEAAAAJ,0.013865754008293152,0.0020333710126578808,False,Yatim Riyanto,Ibrohim
iFSMsegAAAAJ,yObeL8gAAAAJ,0.013856048695743084,0.0028879030141979456,False,Elvira Wardah,I Gusti Putu Asto Buditjahjanto
EBgY5K0AAAAJ,Mr22rjsAAAAJ,0.013852100819349289,0.0021751942113041878,False,Moch. Badrus Oleh,Hesti Khuzaimah Nurul Yusufiyah
R9rGmc4AAAAJ,z7RWDi0AAAAJ,0.01384827122092247,0.001273883506655693,False,Kartika Chandra Dewi,Tri Rijanto
9BWyE0UAAAAJ,OwdLKtQAAAAJ,0.013846377842128277,0.0018203380750492215,False,Endryansyah,Fitria
EBgY5K0AAAAJ,ne31is4AAAAJ,0.013844364322721958,0.014532791450619698,False,Moch. Badrus Oleh,Danang Ary Dewangga
MeGE8WAAAAAJ,nVac1BcAAAAJ,0.013836216181516647,0.005774209741503,False,Binti Kholifah,Rosita
DsVi_OAAAAAJ,N40Vh64AAAAJ,0.013832567259669304,0.0032845023088157177,False,Nadia Nur Thahirrah,Raden Roro Hapsari Peni Agustin T
Y4YoRwUAAAAJ,yXy6kW0AAAAJ,0.013822052627801895,0.0024220857303589582,False,Belgis Ainatul Iza,Harun Al Rosyid
AX-w0AEAAAAJ,YADiqesAAAAJ,0.013821474276483059,0.006234528496861458,False,Hasanuddin Al-Habib,Ekohariadi
AYI1rosAAAAJ,t5f89iIAAAAJ,0.01382133923470974,0.0064158388413488865,False,Nurhayati,Andi Iwan Nurhidayat
pb3-UjwAAAAJ,yXy6kW0AAAAJ,0.013820284977555275,0.004939372651278973,False,Moch Deny Pratama,Harun Al Rosyid
AjvtBWIAAAAJ,R9rGmc4AAAAJ,0.013815210200846195,0.002015669597312808,False,Siti Masitoh,Kartika Chandra Dewi
R9rGmc4AAAAJ,p1pK7E4AAAAJ,0.013814003206789494,0.0013536788756027818,False,Kartika Chandra Dewi,Subuh Isnur Haryudo
C_EGqeMAAAAJ,OwdLKtQAAAAJ,0.013811684213578701,0.004491456318646669,False,Namira Roudlotul Jannah,Fitria
6f4j4TYAAAAJ,LeRoniwAAAAJ,0.01380813866853714,0.00358323915861547,False,Mahendra Widyartono,Farhanna Mari
JsEkeOsAAAAJ,nVac1BcAAAAJ,0.01380760408937931,0.0028080642223358154,False,Ari Kurniawan,Rosita
AaC4eAwAAAAJ,hrVTt4kAAAAJ,0.013807118870317936,0.006381444167345762,False,Fadhilah Qalbi Annisa,Monica Cinthya
pCyzpjgAAAAJ,yXy6kW0AAAAJ,0.013806430622935295,0.009152630344033241,False,Nurul Laili,Harun Al Rosyid
DiBTIz4AAAAJ,yObeL8gAAAAJ,0.01379405427724123,0.007545377127826214,False,Riskyana Dewi Intan P,I Gusti Putu Asto Buditjahjanto
RNJ3vNQAAAAJ,VwvPnrcAAAAJ,0.013792848214507103,0.0030717288609594107,False,Harmon Prayogi,Nisa Dwi Septiyanti
N40Vh64AAAAJ,Tz8EfXcAAAAJ,0.013789761811494827,0.0032533099874854088,False,Raden Roro Hapsari Peni Agustin T,Yuliani Puji Astuti
MeGE8WAAAAAJ,aW1lSOYAAAAJ,0.013783913105726242,0.004741669166833162,False,Binti Kholifah,Aditya Chandra Hermawan
p4gdgRgAAAAJ,rnlvOfEAAAAJ,0.013783218339085579,0.0022241517435759306,False,Rusijono,Ibrohim
1hm7MM8AAAAJ,DiBTIz4AAAAJ,0.013781534507870674,0.009391967207193375,False,Reza Rahmadian,Riskyana Dewi Intan P
4VXQFKYAAAAJ,R9rGmc4AAAAJ,0.013778183609247208,0.0014825203688815236,False,Renny Sari Dewi,Kartika Chandra Dewi
MeGE8WAAAAAJ,z7RWDi0AAAAJ,0.013777651824057102,0.003360166447237134,False,Binti Kholifah,Tri Rijanto
iFSMsegAAAAJ,p1pK7E4AAAAJ,0.013773837126791477,0.002860796172171831,False,Elvira Wardah,Subuh Isnur Haryudo
MeGE8WAAAAAJ,rnlvOfEAAAAJ,0.013770928606390953,0.005363787524402142,False,Binti Kholifah,Ibrohim
pCyzpjgAAAAJ,yObeL8gAAAAJ,0.013770708814263344,0.001686137169599533,False,Nurul Laili,I Gusti Putu Asto Buditjahjanto
tzjThtIAAAAJ,wlGfsB0AAAAJ,0.01376909576356411,0.004929521586745977,False,Elly Matul Imah,Salamun Rohman Nudin
BIrtbD8AAAAJ,y_OiarcAAAAJ,0.013767238706350327,0.0047681680880486965,False,Ibnu Febry Kurniawan,Yandhika Surya Akbar Gumilang
BIrtbD8AAAAJ,ZjPpHWsAAAAJ,0.013766207732260227,0.0013368703657761216,False,Ibnu Febry Kurniawan,Erik Rahman
N40Vh64AAAAJ,N6RJilIAAAAJ,0.013765729032456875,0.011396360583603382,False,Raden Roro Hapsari Peni Agustin T,Anita Qoiriah
dfwr-2YAAAAJ,tzjThtIAAAAJ,0.013758648186922073,0.004215588793158531,False,Muhammad Fajar Wahyudi Rahman,Elly Matul Imah
MeGE8WAAAAAJ,YADiqesAAAAJ,0.01375850010663271,0.003886591410264373,False,Binti Kholifah,Ekohariadi
-BuJoD0AAAAJ,Y4YoRwUAAAAJ,0.013754501938819885,0.0019508976256474853,False,Ratih Amelia,Belgis Ainatul Iza
5uDKOUMAAAAJ,o4zdesUAAAAJ,0.013754270039498806,0.0048729232512414455,False,Heri Purnawan,Rakha Asyrofi
1hm7MM8AAAAJ,q-sbahIAAAAJ,0.013752198778092861,0.0048938109539449215,False,Reza Rahmadian,Ulfa Siti Nuraini
NO8mJucAAAAJ,rnlvOfEAAAAJ,0.013751066289842129,0.003685843897983432,False,Wahyu Sasongko Putro,Ibrohim
9BWyE0UAAAAJ,n7ykK-IAAAAJ,0.013750343583524227,0.0029227284248918295,False,Endryansyah,Dhiyan Septa Wihara
6MXDzBQAAAAJ,LeRoniwAAAAJ,0.013742695562541485,0.002436785725876689,False,Lilik Anifah,Farhanna Mari
RvG7jG4AAAAJ,pCyzpjgAAAAJ,0.013738487847149372,0.003910045605152845,False,I Made Suartana,Nurul Laili
DiBTIz4AAAAJ,p4gdgRgAAAAJ,0.013736684806644917,0.007408743724226952,False,Riskyana Dewi Intan P,Rusijono
-_VNTSIAAAAJ,C_EGqeMAAAAJ,0.013735214248299599,0.009715547785162926,False,Agus Prihanto,Namira Roudlotul Jannah
MnI3Tm0AAAAJ,VNrCn4gAAAAJ,0.01373395323753357,0.000964306469541043,False,Sayyidul Aulia Alamsyah,Ersha Aisyah Elfaiz
S6IJ51cAAAAJ,jJBtZPgAAAAJ,0.013729284517467022,0.0031295684166252613,False,Unit Three Kartini,Siska Puspitaningsih
iFSMsegAAAAJ,n7IAKI0AAAAJ,0.01372832152992487,0.0029966372530907393,False,Elvira Wardah,Joko
RES4QIQAAAAJ,t5f89iIAAAAJ,0.013727121986448765,0.006679626647382975,False,Arif Widodo,Andi Iwan Nurhidayat
WdhKN0sAAAAJ,pCyzpjgAAAAJ,0.013723500072956085,0.0032631144858896732,False,Aditya Prapanca,Nurul Laili
AaC4eAwAAAAJ,sHANI1gAAAAJ,0.013723126612603664,0.0064819203689694405,False,Fadhilah Qalbi Annisa,Rifqi Firmansyah
NO8mJucAAAAJ,VNrCn4gAAAAJ,0.013723080977797508,0.005103777628391981,False,Wahyu Sasongko Putro,Ersha Aisyah Elfaiz
sHANI1gAAAAJ,y_OiarcAAAAJ,0.01372232474386692,0.006555842701345682,False,Rifqi Firmansyah,Yandhika Surya Akbar Gumilang
ne31is4AAAAJ,pb3-UjwAAAAJ,0.013720564544200897,0.0028935903683304787,False,Danang Ary Dewangga,Moch Deny Pratama
R9rGmc4AAAAJ,ne31is4AAAAJ,0.013714984059333801,0.005445032846182585,False,Kartika Chandra Dewi,Danang Ary Dewangga
bTjH6IgAAAAJ,iFSMsegAAAAJ,0.013713461346924305,0.0029213272500783205,False,Achmad Kautsar,Elvira Wardah
-tpBKawAAAAJ,N40Vh64AAAAJ,0.013705260120332241,0.002215896500274539,False,Dimas Novian Aditia Syahputra,Raden Roro Hapsari Peni Agustin T
nVac1BcAAAAJ,yObeL8gAAAAJ,0.01370253972709179,0.000915085431188345,False,Rosita,I Gusti Putu Asto Buditjahjanto
p1pK7E4AAAAJ,tzjThtIAAAAJ,0.013700582087039948,0.011996266432106495,False,Subuh Isnur Haryudo,Elly Matul Imah
lFCI_vsAAAAJ,ne31is4AAAAJ,0.013696987181901932,0.009993479587137699,False,Atik Wintarti,Danang Ary Dewangga
5nAJx9wAAAAJ,Tz8EfXcAAAAJ,0.013695956207811832,0.015121623873710632,False,Muhammad Fachmi,Yuliani Puji Astuti
ne31is4AAAAJ,p1pK7E4AAAAJ,0.01369579415768385,0.0033009625039994717,False,Danang Ary Dewangga,Subuh Isnur Haryudo
lmlBHlsAAAAJ,yXy6kW0AAAAJ,0.013693952932953835,0.0077967955730855465,False,Widi Aribowo,Harun Al Rosyid
C_EGqeMAAAAJ,z7RWDi0AAAAJ,0.0136887701228261,0.004375242628157139,False,Namira Roudlotul Jannah,Tri Rijanto
JsEkeOsAAAAJ,N40Vh64AAAAJ,0.013688040897250175,0.003507450455799699,False,Ari Kurniawan,Raden Roro Hapsari Peni Agustin T
-_VNTSIAAAAJ,_ecYpyYAAAAJ,0.013678972609341145,0.015752285718917847,False,Agus Prihanto,Dinda Galuh Guminta
ne31is4AAAAJ,pCyzpjgAAAAJ,0.01367539819329977,0.009207865223288536,False,Danang Ary Dewangga,Nurul Laili
OffRzhoAAAAJ,_ecYpyYAAAAJ,0.01367228478193283,0.007384817115962505,False,Dwi Fatrianto Suyatno,Dinda Galuh Guminta
C_EGqeMAAAAJ,wEGsLv4AAAAJ,0.01366906426846981,0.005213429220020771,False,Namira Roudlotul Jannah,Ike Fitriyaningsih
DiBTIz4AAAAJ,hrVTt4kAAAAJ,0.013669011183083057,0.007035961840301752,False,Riskyana Dewi Intan P,Monica Cinthya
-_VNTSIAAAAJ,R9rGmc4AAAAJ,0.013668851926922798,0.006675186567008495,False,Agus Prihanto,Kartika Chandra Dewi
DiBTIz4AAAAJ,eEtHoOAAAAAJ,0.013668575324118137,0.0071833268739283085,False,Riskyana Dewi Intan P,Rahadian Bisma
Mr22rjsAAAAJ,S6IJ51cAAAAJ,0.01366299670189619,0.0037529682740569115,False,Hesti Khuzaimah Nurul Yusufiyah,Unit Three Kartini
ZRCJXO0AAAAJ,rnlvOfEAAAAJ,0.013662772253155708,0.0021197230089455843,False,Riska Dhenabayu,Ibrohim
iFSMsegAAAAJ,lmlBHlsAAAAJ,0.013659167103469372,0.002495786175131798,False,Elvira Wardah,Widi Aribowo
DiBTIz4AAAAJ,sHANI1gAAAAJ,0.013655947521328926,0.006607531104236841,False,Riskyana Dewi Intan P,Rifqi Firmansyah
Mr22rjsAAAAJ,itwnm-AAAAAJ,0.013655170798301697,0.0017423257231712341,False,Hesti Khuzaimah Nurul Yusufiyah,Achmad Fitro
MnI3Tm0AAAAJ,ZRCJXO0AAAAJ,0.013655113987624645,0.0012613505823537707,False,Sayyidul Aulia Alamsyah,Riska Dhenabayu
W7ncZRgAAAAJ,rnlvOfEAAAAJ,0.013649309985339642,0.001885002595372498,False,Hafid Kholidi Hadi,Ibrohim
i0pkJZoAAAAJ,pCyzpjgAAAAJ,0.01364803221076727,0.005510854069143534,False,Yuni Rosita Dewi,Nurul Laili
C_EGqeMAAAAJ,nWPONc8AAAAJ,0.013642538338899612,0.0046934932470321655,False,Namira Roudlotul Jannah,Lusia Rakhmawati
C_EGqeMAAAAJ,lFCI_vsAAAAJ,0.013640466146171093,0.0050922841764986515,False,Namira Roudlotul Jannah,Atik Wintarti
5uDKOUMAAAAJ,NO8mJucAAAAJ,0.013638497330248356,0.0028822924941778183,False,Heri Purnawan,Wahyu Sasongko Putro
DsVi_OAAAAAJ,iFSMsegAAAAJ,0.013636964373290539,0.0032866152469068766,False,Nadia Nur Thahirrah,Elvira Wardah
LsydBAMAAAAJ,Tz8EfXcAAAAJ,0.013634482398629189,0.00270256120711565,False,Puput Wanarti Rusimamto,Yuliani Puji Astuti
iFSMsegAAAAJ,yXy6kW0AAAAJ,0.01363025140017271,0.005044841207563877,False,Elvira Wardah,Harun Al Rosyid
1xVR-fgAAAAJ,wEGsLv4AAAAJ,0.013630121946334839,0.0037923050113022327,False,1xVR-fgAAAAJ,Ike Fitriyaningsih
TB0QfMoAAAAJ,Tz8EfXcAAAAJ,0.013628684915602207,0.002064824802801013,False,Miftahur Rohman,Yuliani Puji Astuti
5uDKOUMAAAAJ,Y4YoRwUAAAAJ,0.01362698059529066,0.00275291851721704,False,Heri Purnawan,Belgis Ainatul Iza
C_EGqeMAAAAJ,pb3-UjwAAAAJ,0.013625429943203926,0.002911907620728016,False,Namira Roudlotul Jannah,Moch Deny Pratama
AYI1rosAAAAJ,AaC4eAwAAAAJ,0.013625352643430233,0.006557020358741283,False,Nurhayati,Fadhilah Qalbi Annisa
Tz8EfXcAAAAJ,VNrCn4gAAAAJ,0.013621488586068153,0.003410523058846593,False,Yuliani Puji Astuti,Ersha Aisyah Elfaiz
4Yhmpg0AAAAJ,AaC4eAwAAAAJ,0.0136188305914402,0.003175947815179825,False,Hujjatullah Fazlurrahman,Fadhilah Qalbi Annisa
_VFGVQQAAAAJ,rnlvOfEAAAAJ,0.013610639609396458,0.0019961786456406116,False,Berlian Maulidya Izzati,Ibrohim
n7IAKI0AAAAJ,t5f89iIAAAAJ,0.013609839603304863,0.004691120702773333,False,Joko,Andi Iwan Nurhidayat
6RBIukkAAAAJ,VNrCn4gAAAAJ,0.01360548846423626,0.0030726927798241377,False,Yatim Riyanto,Ersha Aisyah Elfaiz
C_EGqeMAAAAJ,p4gdgRgAAAAJ,0.01360273640602827,0.004892067983746529,False,Namira Roudlotul Jannah,Rusijono
Tz8EfXcAAAAJ,Yw9l51IAAAAJ,0.013599473983049393,0.0024820163380354643,False,Yuliani Puji Astuti,Riza Akhsani Setyo Prayoga
ZjPpHWsAAAAJ,yXy6kW0AAAAJ,0.013597920536994934,0.010980933904647827,False,Erik Rahman,Harun Al Rosyid
BIrtbD8AAAAJ,hrVTt4kAAAAJ,0.013594056479632854,0.0028557456098496914,False,Ibnu Febry Kurniawan,Monica Cinthya
C_EGqeMAAAAJ,TB0QfMoAAAAJ,0.013593891635537148,0.0034671039320528507,False,Namira Roudlotul Jannah,Miftahur Rohman
N40Vh64AAAAJ,_n2j0ZAAAAAJ,0.01358841359615326,0.0034880093298852444,False,Raden Roro Hapsari Peni Agustin T,I Gusti Lanang Putra Eka Prismana
Y4YoRwUAAAAJ,pb3-UjwAAAAJ,0.013587945140898228,0.0025106484536081553,False,Belgis Ainatul Iza,Moch Deny Pratama
AX-w0AEAAAAJ,Tz8EfXcAAAAJ,0.01358096208423376,0.006124831736087799,False,Hasanuddin Al-Habib,Yuliani Puji Astuti
jJBtZPgAAAAJ,nVac1BcAAAAJ,0.01357887964695692,0.005510956514626741,False,Siska Puspitaningsih,Rosita
Mr22rjsAAAAJ,lmlBHlsAAAAJ,0.013576645404100418,0.0034807794727385044,False,Hesti Khuzaimah Nurul Yusufiyah,Widi Aribowo
6RBIukkAAAAJ,MeGE8WAAAAAJ,0.013573125936090946,0.009106751531362534,False,Yatim Riyanto,Binti Kholifah
UL2-upoAAAAJ,Yw9l51IAAAAJ,0.013571287505328655,0.003472939832136035,False,Dana Azizah Rahmat,Riza Akhsani Setyo Prayoga
hrVTt4kAAAAJ,pCyzpjgAAAAJ,0.013570687733590603,0.005236405413597822,False,Monica Cinthya,Nurul Laili
ZhJ08JkAAAAJ,iFSMsegAAAAJ,0.01356680691242218,0.004940096288919449,False,Bachtiar Syaiful Bachri,Elvira Wardah
DiBTIz4AAAAJ,z7RWDi0AAAAJ,0.013565894216299057,0.007360393181443214,False,Riskyana Dewi Intan P,Tri Rijanto
W7ncZRgAAAAJ,Y4YoRwUAAAAJ,0.013561369851231575,0.0016059059416875243,False,Hafid Kholidi Hadi,Belgis Ainatul Iza
Tz8EfXcAAAAJ,nVac1BcAAAAJ,0.013560299761593342,0.0023713503032922745,False,Yuliani Puji Astuti,Rosita
A9L19RMAAAAJ,t5f89iIAAAAJ,0.013553687371313572,0.005281772930175066,False,Pradini Puspitaningayu,Andi Iwan Nurhidayat
Y4YoRwUAAAAJ,ZjPpHWsAAAAJ,0.013549217022955418,0.0008167872438207269,False,Belgis Ainatul Iza,Erik Rahman
5nAJx9wAAAAJ,C_EGqeMAAAAJ,0.01354124117642641,0.009337897412478924,False,Muhammad Fachmi,Namira Roudlotul Jannah
NO8mJucAAAAJ,n7IAKI0AAAAJ,0.013541189953684807,0.002908924128860235,False,Wahyu Sasongko Putro,Joko
AaC4eAwAAAAJ,p4gdgRgAAAAJ,0.01353173516690731,0.006536266766488552,False,Fadhilah Qalbi Annisa,Rusijono
ZhJ08JkAAAAJ,_ecYpyYAAAAJ,0.013527458533644676,0.0035329433158040047,False,Bachtiar Syaiful Bachri,Dinda Galuh Guminta
MeGE8WAAAAAJ,yObeL8gAAAAJ,0.013519639149308205,0.0025685245636850595,False,Binti Kholifah,I Gusti Putu Asto Buditjahjanto
o4zdesUAAAAJ,q-sbahIAAAAJ,0.013516784645617008,0.005902026314288378,False,Rakha Asyrofi,Ulfa Siti Nuraini
TAAC1-AAAAAJ,iFSMsegAAAAJ,0.013516428880393505,0.0028285158332437277,False,I Gde Agung Sri Sidhimantra,Elvira Wardah
AX-w0AEAAAAJ,L6O1lvkAAAAJ,0.013511553406715393,0.0038121468387544155,False,Hasanuddin Al-Habib,Tri Wrahatnolo
AaC4eAwAAAAJ,aW1lSOYAAAAJ,0.01351142581552267,0.0077834599651396275,False,Fadhilah Qalbi Annisa,Aditya Chandra Hermawan
W7ncZRgAAAAJ,nVac1BcAAAAJ,0.013510492630302906,0.0017566827591508627,False,Hafid Kholidi Hadi,Rosita
MeGE8WAAAAAJ,iFSMsegAAAAJ,0.013507295399904251,0.007192718796432018,False,Binti Kholifah,Elvira Wardah
BIrtbD8AAAAJ,eEtHoOAAAAAJ,0.013505789451301098,0.003117834683507681,False,Ibnu Febry Kurniawan,Rahadian Bisma
6f4j4TYAAAAJ,yXy6kW0AAAAJ,0.013505484908819199,0.0071766572073102,False,Mahendra Widyartono,Harun Al Rosyid
4d_6xxEAAAAJ,rnlvOfEAAAAJ,0.013499800115823746,0.0019925099331885576,False,Ghea Sekar Palupi,Ibrohim
5nAJx9wAAAAJ,MeGE8WAAAAAJ,0.013493533246219158,0.010092469863593578,False,Muhammad Fachmi,Binti Kholifah
5uDKOUMAAAAJ,q24bD6AAAAAJ,0.013491730205714703,0.0037162089720368385,False,Heri Purnawan,Martini Dwi Endah Susanti
_ecYpyYAAAAJ,p1pK7E4AAAAJ,0.013491376303136349,0.0019689102191478014,False,Dinda Galuh Guminta,Subuh Isnur Haryudo
4Yhmpg0AAAAJ,DiBTIz4AAAAJ,0.013491243124008179,0.003926401026546955,False,Hujjatullah Fazlurrahman,Riskyana Dewi Intan P
eEtHoOAAAAAJ,rnlvOfEAAAAJ,0.01349084172397852,0.0016653434140607715,False,Rahadian Bisma,Ibrohim
DiBTIz4AAAAJ,LeRoniwAAAAJ,0.01348976418375969,0.007974188774824142,False,Riskyana Dewi Intan P,Farhanna Mari
MeGE8WAAAAAJ,RNJ3vNQAAAAJ,0.013486781157553196,0.0029790441039949656,False,Binti Kholifah,Harmon Prayogi
R9rGmc4AAAAJ,aW1lSOYAAAAJ,0.013486452400684357,0.0021517423447221518,False,Kartika Chandra Dewi,Aditya Chandra Hermawan
_ecYpyYAAAAJ,nbtuM4IAAAAJ,0.013481149449944496,0.001472661504521966,False,Dinda Galuh Guminta,Parama Diptya Widayaka
5uDKOUMAAAAJ,_n2j0ZAAAAAJ,0.01348057109862566,0.0028915037401020527,False,Heri Purnawan,I Gusti Lanang Putra Eka Prismana
2lw6P3IAAAAJ,AaC4eAwAAAAJ,0.01347882766276598,0.002597464481368661,False,Muhammad Febrilian Dwi Syahputra,Fadhilah Qalbi Annisa
pCyzpjgAAAAJ,t5f89iIAAAAJ,0.013475715182721615,0.011920720338821411,False,Nurul Laili,Andi Iwan Nurhidayat
6ifThF0AAAAJ,iFSMsegAAAAJ,0.013474377803504467,0.002609534189105034,False,Ika Diyah Candra Arifah,Elvira Wardah
S6IJ51cAAAAJ,_VFGVQQAAAAJ,0.013473566621541977,0.00238676555454731,False,Unit Three Kartini,Berlian Maulidya Izzati
6MXDzBQAAAAJ,VwvPnrcAAAAJ,0.013472585007548332,0.002786925295367837,False,Lilik Anifah,Nisa Dwi Septiyanti
Y4YoRwUAAAAJ,hn5jrnAAAAAJ,0.01346893422305584,0.0033079865388572216,False,Belgis Ainatul Iza,Yuni Yamasari
9BWyE0UAAAAJ,DsVi_OAAAAAJ,0.01346888393163681,0.0038931393064558506,False,Endryansyah,Nadia Nur Thahirrah
hjllQ9gAAAAJ,wEGsLv4AAAAJ,0.013467121869325638,0.002299451967701316,False,Nur Kholis,Ike Fitriyaningsih
jJBtZPgAAAAJ,rnlvOfEAAAAJ,0.013466103002429008,0.00516315083950758,False,Siska Puspitaningsih,Ibrohim
6MXDzBQAAAAJ,q-sbahIAAAAJ,0.01346216257661581,0.006800156552344561,False,Lilik Anifah,Ulfa Siti Nuraini
AaC4eAwAAAAJ,DsVi_OAAAAAJ,0.013460559770464897,0.0038742825854569674,False,Fadhilah Qalbi Annisa,Nadia Nur Thahirrah
R9rGmc4AAAAJ,yObeL8gAAAAJ,0.013455336913466454,0.0012314378982409835,False,Kartika Chandra Dewi,I Gusti Putu Asto Buditjahjanto
WdhKN0sAAAAJ,nVac1BcAAAAJ,0.013454617001116276,0.0019785482436418533,False,Aditya Prapanca,Rosita
pCyzpjgAAAAJ,y_OiarcAAAAJ,0.013451275415718555,0.00396952498704195,False,Nurul Laili,Yandhika Surya Akbar Gumilang
nbtuM4IAAAAJ,pCyzpjgAAAAJ,0.013448560610413551,0.000843118061311543,False,Parama Diptya Widayaka,Nurul Laili
DiBTIz4AAAAJ,DsVi_OAAAAAJ,0.013445055112242699,0.0044263144955039024,False,Riskyana Dewi Intan P,Nadia Nur Thahirrah
VNrCn4gAAAAJ,j8HRV1wAAAAJ,0.013443841598927975,0.0011415532790124416,False,Ersha Aisyah Elfaiz,Bambang Suprianto
N40Vh64AAAAJ,iFSMsegAAAAJ,0.013437789864838123,0.0094783129170537,False,Raden Roro Hapsari Peni Agustin T,Elvira Wardah
JsEkeOsAAAAJ,rnlvOfEAAAAJ,0.013436499983072281,0.0026872975286096334,False,Ari Kurniawan,Ibrohim
N6RJilIAAAAJ,VNrCn4gAAAAJ,0.013436065055429935,0.0038853578735142946,False,Anita Qoiriah,Ersha Aisyah Elfaiz
ZRCJXO0AAAAJ,pCyzpjgAAAAJ,0.01343569066375494,0.007030474487692118,False,Riska Dhenabayu,Nurul Laili
JsEkeOsAAAAJ,Y4YoRwUAAAAJ,0.013434680178761482,0.0013898670440539718,False,Ari Kurniawan,Belgis Ainatul Iza
DrE0Lf8AAAAJ,pCyzpjgAAAAJ,0.01343408040702343,0.004533351399004459,False,Fresha Kharisma,Nurul Laili
YADiqesAAAAJ,hrVTt4kAAAAJ,0.013433840125799179,0.007640833035111427,False,Ekohariadi,Monica Cinthya
_ecYpyYAAAAJ,aW1lSOYAAAAJ,0.01343303732573986,0.003038813592866063,False,Dinda Galuh Guminta,Aditya Chandra Hermawan
tzjThtIAAAAJ,wwhACXoAAAAJ,0.013432556763291359,0.01068259496241808,False,Elly Matul Imah,M Adamu Islam Mashuri
rnlvOfEAAAAJ,yObeL8gAAAAJ,0.013428052887320518,0.001016588299535215,False,Ibrohim,I Gusti Putu Asto Buditjahjanto
Y4YoRwUAAAAJ,eEtHoOAAAAAJ,0.013427363708615303,0.0011893919436261058,False,Belgis Ainatul Iza,Rahadian Bisma
n7IAKI0AAAAJ,n7ykK-IAAAAJ,0.013411290012300014,0.0023668694775551558,False,Joko,Dhiyan Septa Wihara
Y4YoRwUAAAAJ,sHANI1gAAAAJ,0.013407600112259388,0.0021702556405216455,False,Belgis Ainatul Iza,Rifqi Firmansyah
TB0QfMoAAAAJ,q-sbahIAAAAJ,0.013406566344201565,0.007420046720653772,False,Miftahur Rohman,Ulfa Siti Nuraini
N6RJilIAAAAJ,Yw9l51IAAAAJ,0.013403110206127167,0.003154051024466753,False,Anita Qoiriah,Riza Akhsani Setyo Prayoga
DiBTIz4AAAAJ,ZjPpHWsAAAAJ,0.013403097167611122,0.002136975759640336,False,Riskyana Dewi Intan P,Erik Rahman
_VFGVQQAAAAJ,tzjThtIAAAAJ,0.013403058983385563,0.0024240370839834213,False,Berlian Maulidya Izzati,Elly Matul Imah
MnI3Tm0AAAAJ,Mr22rjsAAAAJ,0.013400740921497345,0.002182426629588008,False,Sayyidul Aulia Alamsyah,Hesti Khuzaimah Nurul Yusufiyah
MeGE8WAAAAAJ,RES4QIQAAAAJ,0.013400336727499962,0.0019800104200839996,False,Binti Kholifah,Arif Widodo
BIrtbD8AAAAJ,aW1lSOYAAAAJ,0.013396352529525757,0.005257876124233007,False,Ibnu Febry Kurniawan,Aditya Chandra Hermawan
EBgY5K0AAAAJ,_ecYpyYAAAAJ,0.013392344117164612,0.0038389526307582855,False,Moch. Badrus Oleh,Dinda Galuh Guminta
6RBIukkAAAAJ,Yw9l51IAAAAJ,0.013390549458563328,0.0018340629758313298,False,Yatim Riyanto,Riza Akhsani Setyo Prayoga
DiBTIz4AAAAJ,aW1lSOYAAAAJ,0.013389630243182182,0.008256184868514538,False,Riskyana Dewi Intan P,Aditya Chandra Hermawan
Yw9l51IAAAAJ,pCyzpjgAAAAJ,0.013389081694185734,0.0035591120831668377,False,Riza Akhsani Setyo Prayoga,Nurul Laili
N6RJilIAAAAJ,pCyzpjgAAAAJ,0.013388861902058125,0.007077274844050407,False,Anita Qoiriah,Nurul Laili
OffRzhoAAAAJ,q-sbahIAAAAJ,0.013387192040681839,0.003063262440264225,False,Dwi Fatrianto Suyatno,Ulfa Siti Nuraini
2lw6P3IAAAAJ,DiBTIz4AAAAJ,0.01338116079568863,0.0031276827212423086,False,Muhammad Febrilian Dwi Syahputra,Riskyana Dewi Intan P
RES4QIQAAAAJ,q-sbahIAAAAJ,0.013379606418311596,0.006593524478375912,False,Arif Widodo,Ulfa Siti Nuraini
Tp_X_bYAAAAJ,Tz8EfXcAAAAJ,0.013377729803323746,0.002355820732191205,False,Farid Baskoro,Yuliani Puji Astuti
L6O1lvkAAAAJ,hrVTt4kAAAAJ,0.0133769940584898,0.005126517731696367,False,Tri Wrahatnolo,Monica Cinthya
-tpBKawAAAAJ,iFSMsegAAAAJ,0.01337527483701706,0.002957690041512251,False,Dimas Novian Aditia Syahputra,Elvira Wardah
4VXQFKYAAAAJ,pCyzpjgAAAAJ,0.01337474025785923,0.005276417825371027,False,Renny Sari Dewi,Nurul Laili
5uDKOUMAAAAJ,t5f89iIAAAAJ,0.01337167527526617,0.0042044129222631454,False,Heri Purnawan,Andi Iwan Nurhidayat
RES4QIQAAAAJ,Tz8EfXcAAAAJ,0.013371230103075504,0.0018499320140108466,False,Arif Widodo,Yuliani Puji Astuti
9BWyE0UAAAAJ,hrVTt4kAAAAJ,0.013370613567531109,0.004942347761243582,False,Endryansyah,Monica Cinthya
_ecYpyYAAAAJ,j8HRV1wAAAAJ,0.013362671248614788,0.0018160453764721751,False,Dinda Galuh Guminta,Bambang Suprianto
DiBTIz4AAAAJ,YADiqesAAAAJ,0.013361689634621143,0.007397032342851162,False,Riskyana Dewi Intan P,Ekohariadi
EBgY5K0AAAAJ,rnlvOfEAAAAJ,0.013361583463847637,0.0022740918211638927,False,Moch. Badrus Oleh,Ibrohim
itwnm-AAAAAJ,jJBtZPgAAAAJ,0.013358641415834427,0.004295686725527048,False,Achmad Fitro,Siska Puspitaningsih
2lw6P3IAAAAJ,Y4YoRwUAAAAJ,0.013356756418943405,0.001050029182806611,False,Muhammad Febrilian Dwi Syahputra,Belgis Ainatul Iza
Tz8EfXcAAAAJ,rnlvOfEAAAAJ,0.01335316151380539,0.002308743540197611,False,Yuliani Puji Astuti,Ibrohim
VNrCn4gAAAAJ,z7RWDi0AAAAJ,0.01334376074373722,0.001216126955114305,False,Ersha Aisyah Elfaiz,Tri Rijanto
-gGGkMcAAAAJ,AaC4eAwAAAAJ,0.013340848498046398,0.00640650512650609,False,Faris Abdi El Hakim,Fadhilah Qalbi Annisa
BIrtbD8AAAAJ,DsVi_OAAAAAJ,0.013335827738046646,0.0017191343940794468,False,Ibnu Febry Kurniawan,Nadia Nur Thahirrah
ne31is4AAAAJ,z7RWDi0AAAAJ,0.013333733193576336,0.0038588419556617737,False,Danang Ary Dewangga,Tri Rijanto
2lw6P3IAAAAJ,tzjThtIAAAAJ,0.013323843479156494,0.003460378386080265,False,Muhammad Febrilian Dwi Syahputra,Elly Matul Imah
nVac1BcAAAAJ,sHANI1gAAAAJ,0.013322082348167896,0.0006498770671896636,False,Rosita,Rifqi Firmansyah
ZjPpHWsAAAAJ,wEGsLv4AAAAJ,0.01331792026758194,0.004528983496129513,False,Erik Rahman,Ike Fitriyaningsih
1hm7MM8AAAAJ,ZRCJXO0AAAAJ,0.013317111879587173,0.0024442339781671762,False,Reza Rahmadian,Riska Dhenabayu
5uDKOUMAAAAJ,Em3aIV0AAAAJ,0.013313648290932178,0.003446093760430813,False,Heri Purnawan,Ramadhan Cakra Wibawa
2lw6P3IAAAAJ,R9rGmc4AAAAJ,0.013310560025274754,0.0018973181722685695,False,Muhammad Febrilian Dwi Syahputra,Kartika Chandra Dewi
ZRCJXO0AAAAJ,n7IAKI0AAAAJ,0.013310153037309647,0.0014476210344582796,False,Riska Dhenabayu,Joko
JsEkeOsAAAAJ,tzjThtIAAAAJ,0.013305827043950558,0.00644524535164237,False,Ari Kurniawan,Elly Matul Imah
5nAJx9wAAAAJ,b4_EdJYAAAAJ,0.013303510844707489,0.010567130520939827,False,Muhammad Fachmi,Moh. Khoridatul Huda
_VFGVQQAAAAJ,n7IAKI0AAAAJ,0.013301219791173935,0.00126443721819669,False,Berlian Maulidya Izzati,Joko
C_EGqeMAAAAJ,LsydBAMAAAAJ,0.013298999518156052,0.004221062641590834,False,Namira Roudlotul Jannah,Puput Wanarti Rusimamto
aW1lSOYAAAAJ,wwhACXoAAAAJ,0.013298430480062962,0.009504642337560654,False,Aditya Chandra Hermawan,M Adamu Islam Mashuri
jPKU5cAAAAAJ,pCyzpjgAAAAJ,0.013293593190610409,0.004732639528810978,False,Anggraeni Widya Purwita,Nurul Laili
EBgY5K0AAAAJ,nVac1BcAAAAJ,0.01328954752534628,0.002221524016931653,False,Moch. Badrus Oleh,Rosita
MeGE8WAAAAAJ,Y4YoRwUAAAAJ,0.013289435766637325,0.0027282447554171085,False,Binti Kholifah,Belgis Ainatul Iza
LsydBAMAAAAJ,q-sbahIAAAAJ,0.013280140236020088,0.0070050545036792755,False,Puput Wanarti Rusimamto,Ulfa Siti Nuraini
4Yhmpg0AAAAJ,rnlvOfEAAAAJ,0.013273094780743122,0.0016812222311273217,False,Hujjatullah Fazlurrahman,Ibrohim
Mr22rjsAAAAJ,Tp_X_bYAAAAJ,0.013272687792778015,0.0032245730981230736,False,Hesti Khuzaimah Nurul Yusufiyah,Farid Baskoro
W7ncZRgAAAAJ,pCyzpjgAAAAJ,0.013272312469780445,0.004134786780923605,False,Hafid Kholidi Hadi,Nurul Laili
OffRzhoAAAAJ,OwdLKtQAAAAJ,0.013271557167172432,0.006793322041630745,False,Dwi Fatrianto Suyatno,Fitria
RES4QIQAAAAJ,VwvPnrcAAAAJ,0.013269778341054916,0.002543793758377433,False,Arif Widodo,Nisa Dwi Septiyanti
N6RJilIAAAAJ,ZRCJXO0AAAAJ,0.013267755508422852,0.005257298704236746,False,Anita Qoiriah,Riska Dhenabayu
OffRzhoAAAAJ,wEGsLv4AAAAJ,0.013262887485325336,0.007743608206510544,False,Dwi Fatrianto Suyatno,Ike Fitriyaningsih
Em3aIV0AAAAJ,Y4YoRwUAAAAJ,0.013260509818792343,0.0012782476842403412,False,Ramadhan Cakra Wibawa,Belgis Ainatul Iza
Tz8EfXcAAAAJ,pCyzpjgAAAAJ,0.01325701642781496,0.008623555302619934,False,Yuliani Puji Astuti,Nurul Laili
AaC4eAwAAAAJ,YADiqesAAAAJ,0.013249171897768974,0.007232889533042908,False,Fadhilah Qalbi Annisa,Ekohariadi
C_EGqeMAAAAJ,yObeL8gAAAAJ,0.01324702613055706,0.004253005608916283,False,Namira Roudlotul Jannah,I Gusti Putu Asto Buditjahjanto
Y4YoRwUAAAAJ,yObeL8gAAAAJ,0.01324620470404625,0.002357898745685816,False,Belgis Ainatul Iza,I Gusti Putu Asto Buditjahjanto
Em3aIV0AAAAJ,iFSMsegAAAAJ,0.013245636597275734,0.003229258581995964,False,Ramadhan Cakra Wibawa,Elvira Wardah
dfwr-2YAAAAJ,rnlvOfEAAAAJ,0.01324547454714775,0.0015937670832499862,False,Muhammad Fajar Wahyudi Rahman,Ibrohim
4Yhmpg0AAAAJ,pCyzpjgAAAAJ,0.013241163454949856,0.003530787769705057,False,Hujjatullah Fazlurrahman,Nurul Laili
Yw9l51IAAAAJ,aW1lSOYAAAAJ,0.013240682892501354,0.0017320531187579036,False,Riza Akhsani Setyo Prayoga,Aditya Chandra Hermawan
i0pkJZoAAAAJ,iFSMsegAAAAJ,0.013240191154181957,0.0024536028504371643,False,Yuni Rosita Dewi,Elvira Wardah
AaC4eAwAAAAJ,ZjPpHWsAAAAJ,0.013236853294074535,0.0017275410937145352,False,Fadhilah Qalbi Annisa,Erik Rahman
-_VNTSIAAAAJ,ZRCJXO0AAAAJ,0.013233675621449947,0.005515908822417259,False,Agus Prihanto,Riska Dhenabayu
BIrtbD8AAAAJ,n7ykK-IAAAAJ,0.01323075033724308,0.001458128448575735,False,Ibnu Febry Kurniawan,Dhiyan Septa Wihara
5nAJx9wAAAAJ,ZRCJXO0AAAAJ,0.013230658136308193,0.005736893508583307,False,Muhammad Fachmi,Riska Dhenabayu
Mr22rjsAAAAJ,RNJ3vNQAAAAJ,0.013227793388068676,0.0018960261950269341,False,Hesti Khuzaimah Nurul Yusufiyah,Harmon Prayogi
1xVR-fgAAAAJ,R9rGmc4AAAAJ,0.013225509785115719,0.0014450133312493563,False,1xVR-fgAAAAJ,Kartika Chandra Dewi
Y4YoRwUAAAAJ,t5f89iIAAAAJ,0.013222062960267067,0.002644000807777047,False,Belgis Ainatul Iza,Andi Iwan Nurhidayat
AX-w0AEAAAAJ,n7IAKI0AAAAJ,0.013221838511526585,0.004347826354205608,False,Hasanuddin Al-Habib,Joko
5uDKOUMAAAAJ,wwhACXoAAAAJ,0.013219163753092289,0.0032013156451284885,False,Heri Purnawan,M Adamu Islam Mashuri
pCyzpjgAAAAJ,pb3-UjwAAAAJ,0.013215507380664349,0.0018109936499968171,False,Nurul Laili,Moch Deny Pratama
L6O1lvkAAAAJ,t5f89iIAAAAJ,0.013215395621955395,0.006133540999144316,False,Tri Wrahatnolo,Andi Iwan Nurhidayat
6RBIukkAAAAJ,R9rGmc4AAAAJ,0.013203375041484833,0.002039810875430703,False,Yatim Riyanto,Kartika Chandra Dewi
4Yhmpg0AAAAJ,nVac1BcAAAAJ,0.013202120549976826,0.001577397808432579,False,Hujjatullah Fazlurrahman,Rosita
VNrCn4gAAAAJ,p1pK7E4AAAAJ,0.013196894899010658,0.0011855483753606677,False,Ersha Aisyah Elfaiz,Subuh Isnur Haryudo
5uDKOUMAAAAJ,ZBAnb64AAAAJ,0.013194139115512371,0.0028834925033152103,False,Heri Purnawan,Ardhini Warih Utami
RNJ3vNQAAAAJ,yXy6kW0AAAAJ,0.013191569596529007,0.0034298039972782135,False,Harmon Prayogi,Harun Al Rosyid
AaC4eAwAAAAJ,n7ykK-IAAAAJ,0.013189148157835007,0.0030149207450449467,False,Fadhilah Qalbi Annisa,Dhiyan Septa Wihara
-_VNTSIAAAAJ,VNrCn4gAAAAJ,0.013185754418373108,0.005709119141101837,False,Agus Prihanto,Ersha Aisyah Elfaiz
1xVR-fgAAAAJ,Mr22rjsAAAAJ,0.013181597925722599,0.001611487939953804,False,1xVR-fgAAAAJ,Hesti Khuzaimah Nurul Yusufiyah
iFSMsegAAAAJ,t5f89iIAAAAJ,0.013176419772207737,0.004774820525199175,False,Elvira Wardah,Andi Iwan Nurhidayat
MeGE8WAAAAAJ,pb3-UjwAAAAJ,0.013167209923267365,0.002818494103848934,False,Binti Kholifah,Moch Deny Pratama
hjllQ9gAAAAJ,nVac1BcAAAAJ,0.013166336342692375,0.0010380807798355818,False,Nur Kholis,Rosita
VNrCn4gAAAAJ,ZjPpHWsAAAAJ,0.013164546340703964,0.0013629936147481203,False,Ersha Aisyah Elfaiz,Erik Rahman
j8HRV1wAAAAJ,q-sbahIAAAAJ,0.0131634920835495,0.006967734079807997,False,Bambang Suprianto,Ulfa Siti Nuraini
C_EGqeMAAAAJ,Mr22rjsAAAAJ,0.013161726295948029,0.003285689279437065,False,Namira Roudlotul Jannah,Hesti Khuzaimah Nurul Yusufiyah
5nAJx9wAAAAJ,wEGsLv4AAAAJ,0.013159813359379768,0.006954747252166271,False,Muhammad Fachmi,Ike Fitriyaningsih
YADiqesAAAAJ,b4_EdJYAAAAJ,0.013157851062715054,0.005298057571053505,False,Ekohariadi,Moh. Khoridatul Huda
-gGGkMcAAAAJ,Y4YoRwUAAAAJ,0.01315681729465723,0.0018096343846991658,False,Faris Abdi El Hakim,Belgis Ainatul Iza
4Yhmpg0AAAAJ,Y4YoRwUAAAAJ,0.013153796084225178,0.0014564250595867634,False,Hujjatullah Fazlurrahman,Belgis Ainatul Iza
dfwr-2YAAAAJ,nVac1BcAAAAJ,0.013150609098374844,0.0014274134300649166,False,Muhammad Fajar Wahyudi Rahman,Rosita
DiBTIz4AAAAJ,jPKU5cAAAAAJ,0.013149693608283997,0.0029909054283052683,False,Riskyana Dewi Intan P,Anggraeni Widya Purwita
9BWyE0UAAAAJ,t5f89iIAAAAJ,0.013148047029972076,0.0061334301717579365,False,Endryansyah,Andi Iwan Nurhidayat
AaC4eAwAAAAJ,ZBAnb64AAAAJ,0.013145244680345058,0.005745798349380493,False,Fadhilah Qalbi Annisa,Ardhini Warih Utami
9BWyE0UAAAAJ,jPKU5cAAAAAJ,0.013144669122993946,0.0026843277737498283,False,Endryansyah,Anggraeni Widya Purwita
4VXQFKYAAAAJ,iFSMsegAAAAJ,0.013142590411007404,0.0025667808949947357,False,Renny Sari Dewi,Elvira Wardah
LeRoniwAAAAJ,iFSMsegAAAAJ,0.01314014196395874,0.005917451344430447,False,Farhanna Mari,Elvira Wardah
ne31is4AAAAJ,yObeL8gAAAAJ,0.013137799687683582,0.0033250171691179276,False,Danang Ary Dewangga,I Gusti Putu Asto Buditjahjanto
1xVR-fgAAAAJ,pCyzpjgAAAAJ,0.013137069530785084,0.0024158807937055826,False,1xVR-fgAAAAJ,Nurul Laili
R9rGmc4AAAAJ,_VFGVQQAAAAJ,0.013133620843291283,0.002001335611566901,False,Kartika Chandra Dewi,Berlian Maulidya Izzati
5nAJx9wAAAAJ,OwdLKtQAAAAJ,0.013125031255185604,0.007816692814230919,False,Muhammad Fachmi,Fitria
C_EGqeMAAAAJ,YADiqesAAAAJ,0.01312344428151846,0.003958443645387888,False,Namira Roudlotul Jannah,Ekohariadi
hjllQ9gAAAAJ,yXy6kW0AAAAJ,0.013119209557771683,0.007416177541017532,False,Nur Kholis,Harun Al Rosyid
DiBTIz4AAAAJ,L6O1lvkAAAAJ,0.013113383203744888,0.005558385048061609,False,Riskyana Dewi Intan P,Tri Wrahatnolo
6RBIukkAAAAJ,ne31is4AAAAJ,0.013109495863318443,0.008719821460545063,False,Yatim Riyanto,Danang Ary Dewangga
6MXDzBQAAAAJ,AaC4eAwAAAAJ,0.013109267689287663,0.0072338758036494255,False,Lilik Anifah,Fadhilah Qalbi Annisa
hn5jrnAAAAAJ,pCyzpjgAAAAJ,0.013107274658977985,0.005096194799989462,False,Yuni Yamasari,Nurul Laili
YADiqesAAAAJ,yXy6kW0AAAAJ,0.013106755912303925,0.007531424984335899,False,Ekohariadi,Harun Al Rosyid
-gGGkMcAAAAJ,pCyzpjgAAAAJ,0.013104732148349285,0.008230517618358135,False,Faris Abdi El Hakim,Nurul Laili
DiBTIz4AAAAJ,n7ykK-IAAAAJ,0.013103993609547615,0.0034725526347756386,False,Riskyana Dewi Intan P,Dhiyan Septa Wihara
MnI3Tm0AAAAJ,_ecYpyYAAAAJ,0.013101846911013126,0.0012929636286571622,False,Sayyidul Aulia Alamsyah,Dinda Galuh Guminta
_ecYpyYAAAAJ,z7RWDi0AAAAJ,0.013098160736262798,0.0018228685948997736,False,Dinda Galuh Guminta,Tri Rijanto
2lw6P3IAAAAJ,pCyzpjgAAAAJ,0.013097414746880531,0.007050895132124424,False,Muhammad Febrilian Dwi Syahputra,Nurul Laili
N40Vh64AAAAJ,RvG7jG4AAAAJ,0.013097218237817287,0.006304073613137007,False,Raden Roro Hapsari Peni Agustin T,I Made Suartana
pCyzpjgAAAAJ,sHANI1gAAAAJ,0.013092528097331524,0.0011561792343854904,False,Nurul Laili,Rifqi Firmansyah
_ecYpyYAAAAJ,yObeL8gAAAAJ,0.013091197237372398,0.0017377836629748344,False,Dinda Galuh Guminta,I Gusti Putu Asto Buditjahjanto
S6IJ51cAAAAJ,yXy6kW0AAAAJ,0.01308350544422865,0.006162554025650024,False,Unit Three Kartini,Harun Al Rosyid
BIrtbD8AAAAJ,_ecYpyYAAAAJ,0.013082059100270271,0.004233562387526035,False,Ibnu Febry Kurniawan,Dinda Galuh Guminta
BIrtbD8AAAAJ,EBgY5K0AAAAJ,0.013080272823572159,0.0014110043412074447,False,Ibnu Febry Kurniawan,Moch. Badrus Oleh
WdhKN0sAAAAJ,_ecYpyYAAAAJ,0.013077201321721077,0.00415163766592741,False,Aditya Prapanca,Dinda Galuh Guminta
Mr22rjsAAAAJ,OffRzhoAAAAJ,0.01307360827922821,0.004494205117225647,False,Hesti Khuzaimah Nurul Yusufiyah,Dwi Fatrianto Suyatno
ZjPpHWsAAAAJ,b4_EdJYAAAAJ,0.013073356822133064,0.009620378725230694,False,Erik Rahman,Moh. Khoridatul Huda
L6O1lvkAAAAJ,b4_EdJYAAAAJ,0.01307168323546648,0.00251009501516819,False,Tri Wrahatnolo,Moh. Khoridatul Huda
C_EGqeMAAAAJ,L6O1lvkAAAAJ,0.013070685788989067,0.0032165448646992445,False,Namira Roudlotul Jannah,Tri Wrahatnolo
sHANI1gAAAAJ,tzjThtIAAAAJ,0.01306996587663889,0.009121607057750225,False,Rifqi Firmansyah,Elly Matul Imah
OffRzhoAAAAJ,tzjThtIAAAAJ,0.013068823143839836,0.0060701691545546055,False,Dwi Fatrianto Suyatno,Elly Matul Imah
Y4YoRwUAAAAJ,Yw9l51IAAAAJ,0.013067069463431835,0.001734662801027298,False,Belgis Ainatul Iza,Riza Akhsani Setyo Prayoga
-_VNTSIAAAAJ,iFSMsegAAAAJ,0.013064567930996418,0.010463882237672806,False,Agus Prihanto,Elvira Wardah
NO8mJucAAAAJ,Y4YoRwUAAAAJ,0.013061345554888248,0.0020842633675783873,False,Wahyu Sasongko Putro,Belgis Ainatul Iza
IJIEntMAAAAJ,Mr22rjsAAAAJ,0.013060983270406723,0.0038420124910771847,False,Yeni Anistyasari,Hesti Khuzaimah Nurul Yusufiyah
JsEkeOsAAAAJ,R9rGmc4AAAAJ,0.013059685938060284,0.0024547039065510035,False,Ari Kurniawan,Kartika Chandra Dewi
_ecYpyYAAAAJ,n7IAKI0AAAAJ,0.013056527823209763,0.0015576930018141866,False,Dinda Galuh Guminta,Joko
A9L19RMAAAAJ,_VFGVQQAAAAJ,0.013049887493252754,0.0011357642943039536,False,Pradini Puspitaningayu,Berlian Maulidya Izzati
VNrCn4gAAAAJ,yObeL8gAAAAJ,0.013042083941400051,0.001086785108782351,False,Ersha Aisyah Elfaiz,I Gusti Putu Asto Buditjahjanto
MeGE8WAAAAAJ,sHANI1gAAAAJ,0.013041685335338116,0.0016908287070691586,False,Binti Kholifah,Rifqi Firmansyah
Mr22rjsAAAAJ,p1pK7E4AAAAJ,0.013039217330515385,0.0032180401030927896,False,Hesti Khuzaimah Nurul Yusufiyah,Subuh Isnur Haryudo
Y4YoRwUAAAAJ,YADiqesAAAAJ,0.013038222678005695,0.0027312396559864283,False,Belgis Ainatul Iza,Ekohariadi
5uDKOUMAAAAJ,OffRzhoAAAAJ,0.013036375865340233,0.0032183818984776735,False,Heri Purnawan,Dwi Fatrianto Suyatno
BIrtbD8AAAAJ,VwvPnrcAAAAJ,0.01303532812744379,0.001573598594404757,False,Ibnu Febry Kurniawan,Nisa Dwi Septiyanti
5uDKOUMAAAAJ,eEtHoOAAAAAJ,0.013032536953687668,0.003305231686681509,False,Heri Purnawan,Rahadian Bisma
6RBIukkAAAAJ,_ecYpyYAAAAJ,0.013030335307121277,0.003786084707826376,False,Yatim Riyanto,Dinda Galuh Guminta
5uDKOUMAAAAJ,tzjThtIAAAAJ,0.01302840281277895,0.007776124868541956,False,Heri Purnawan,Elly Matul Imah
Y4YoRwUAAAAJ,ZBAnb64AAAAJ,0.013027949258685112,0.0011442078975960612,False,Belgis Ainatul Iza,Ardhini Warih Utami
C_EGqeMAAAAJ,pCyzpjgAAAAJ,0.013026165775954723,0.0038750036619603634,False,Namira Roudlotul Jannah,Nurul Laili
2lw6P3IAAAAJ,N40Vh64AAAAJ,0.01301980298012495,0.0022112131118774414,False,Muhammad Febrilian Dwi Syahputra,Raden Roro Hapsari Peni Agustin T
AaC4eAwAAAAJ,jPKU5cAAAAAJ,0.013016163371503353,0.002565598115324974,False,Fadhilah Qalbi Annisa,Anggraeni Widya Purwita
L6O1lvkAAAAJ,jPKU5cAAAAAJ,0.013015760108828545,0.0034290303010493517,False,Tri Wrahatnolo,Anggraeni Widya Purwita
N40Vh64AAAAJ,n7ykK-IAAAAJ,0.013003624975681305,0.0027906850446015596,False,Raden Roro Hapsari Peni Agustin T,Dhiyan Septa Wihara
1xVR-fgAAAAJ,VNrCn4gAAAAJ,0.013002920895814896,0.001569822896271944,False,1xVR-fgAAAAJ,Ersha Aisyah Elfaiz
DiBTIz4AAAAJ,UL2-upoAAAAJ,0.01300197746604681,0.003421629313379526,False,Riskyana Dewi Intan P,Dana Azizah Rahmat
FZ00CQ8AAAAJ,iFSMsegAAAAJ,0.01300134789198637,0.002605185844004154,False,Rizky Basatha,Elvira Wardah
Yw9l51IAAAAJ,j8HRV1wAAAAJ,0.012995592318475246,0.0009422015282325447,False,Riza Akhsani Setyo Prayoga,Bambang Suprianto
BIrtbD8AAAAJ,jPKU5cAAAAAJ,0.012994435615837574,0.0013575999764725566,False,Ibnu Febry Kurniawan,Anggraeni Widya Purwita
DiBTIz4AAAAJ,NO8mJucAAAAJ,0.012993769720196724,0.006415396463125944,False,Riskyana Dewi Intan P,Wahyu Sasongko Putro
rnlvOfEAAAAJ,sHANI1gAAAAJ,0.012992044910788536,0.0007101511582732201,False,Ibrohim,Rifqi Firmansyah
6f4j4TYAAAAJ,Tz8EfXcAAAAJ,0.012991762720048428,0.0029832993168383837,False,Mahendra Widyartono,Yuliani Puji Astuti
ZjPpHWsAAAAJ,y_OiarcAAAAJ,0.012988791801035404,0.006101437844336033,False,Erik Rahman,Yandhika Surya Akbar Gumilang
pCyzpjgAAAAJ,rnlvOfEAAAAJ,0.012986688874661922,0.004843302071094513,False,Nurul Laili,Ibrohim
jJBtZPgAAAAJ,n7IAKI0AAAAJ,0.012986346147954464,0.0023019984364509583,False,Siska Puspitaningsih,Joko
nbtuM4IAAAAJ,wEGsLv4AAAAJ,0.012985894456505775,0.0017656604759395123,False,Parama Diptya Widayaka,Ike Fitriyaningsih
_VFGVQQAAAAJ,pCyzpjgAAAAJ,0.012983554042875767,0.006628144532442093,False,Berlian Maulidya Izzati,Nurul Laili
EBgY5K0AAAAJ,VNrCn4gAAAAJ,0.012982411310076714,0.002750649116933346,False,Moch. Badrus Oleh,Ersha Aisyah Elfaiz
dfwr-2YAAAAJ,pCyzpjgAAAAJ,0.012980902567505836,0.003089939011260867,False,Muhammad Fajar Wahyudi Rahman,Nurul Laili
6f4j4TYAAAAJ,BIrtbD8AAAAJ,0.01297767087817192,0.006065937224775553,False,Mahendra Widyartono,Ibnu Febry Kurniawan
j8HRV1wAAAAJ,yXy6kW0AAAAJ,0.012973896227777004,0.006096085533499718,False,Bambang Suprianto,Harun Al Rosyid
4Yhmpg0AAAAJ,R9rGmc4AAAAJ,0.012971760705113411,0.00135625374969095,False,Hujjatullah Fazlurrahman,Kartika Chandra Dewi
Tp_X_bYAAAAJ,_VFGVQQAAAAJ,0.012971716932952404,0.002336077857762575,False,Farid Baskoro,Berlian Maulidya Izzati
Y4YoRwUAAAAJ,j8HRV1wAAAAJ,0.012971710413694382,0.0026574861258268356,False,Belgis Ainatul Iza,Bambang Suprianto
C_EGqeMAAAAJ,RES4QIQAAAAJ,0.012971282936632633,0.0031187478452920914,False,Namira Roudlotul Jannah,Arif Widodo
AaC4eAwAAAAJ,L6O1lvkAAAAJ,0.012968634255230427,0.005320223513990641,False,Fadhilah Qalbi Annisa,Tri Wrahatnolo
W7ncZRgAAAAJ,iFSMsegAAAAJ,0.012966486625373363,0.0028518224135041237,False,Hafid Kholidi Hadi,Elvira Wardah
WdhKN0sAAAAJ,rnlvOfEAAAAJ,0.012964539229869843,0.002133036730811,False,Aditya Prapanca,Ibrohim
7EQjv9wAAAAJ,Y4YoRwUAAAAJ,0.01296430267393589,0.002099543809890747,False,Asmunin,Belgis Ainatul Iza
5uDKOUMAAAAJ,jPKU5cAAAAAJ,0.012964136898517609,0.0019453209824860096,False,Heri Purnawan,Anggraeni Widya Purwita
DiBTIz4AAAAJ,EBgY5K0AAAAJ,0.012962445616722107,0.0031940494664013386,False,Riskyana Dewi Intan P,Moch. Badrus Oleh
-BuJoD0AAAAJ,iFSMsegAAAAJ,0.01296155620366335,0.003787986235693097,False,Ratih Amelia,Elvira Wardah
ZjPpHWsAAAAJ,jJBtZPgAAAAJ,0.012956231832504272,0.006583841983228922,False,Erik Rahman,Siska Puspitaningsih
1hm7MM8AAAAJ,MeGE8WAAAAAJ,0.012954803183674812,0.003162113018333912,False,Reza Rahmadian,Binti Kholifah
6MXDzBQAAAAJ,Tz8EfXcAAAAJ,0.012950897216796875,0.002139060292392969,False,Lilik Anifah,Yuliani Puji Astuti
5nAJx9wAAAAJ,jJBtZPgAAAAJ,0.012949232012033463,0.00954270176589489,False,Muhammad Fachmi,Siska Puspitaningsih
YADiqesAAAAJ,jPKU5cAAAAAJ,0.012946831062436104,0.005707911215722561,False,Ekohariadi,Anggraeni Widya Purwita
R9rGmc4AAAAJ,ZjPpHWsAAAAJ,0.012944351881742477,0.0011086033191531897,False,Kartika Chandra Dewi,Erik Rahman
4Yhmpg0AAAAJ,iFSMsegAAAAJ,0.012942743487656116,0.002654863754287362,False,Hujjatullah Fazlurrahman,Elvira Wardah
AYI1rosAAAAJ,DiBTIz4AAAAJ,0.012942548841238022,0.007257312536239624,False,Nurhayati,Riskyana Dewi Intan P
-gGGkMcAAAAJ,DiBTIz4AAAAJ,0.012942275032401085,0.00723973149433732,False,Faris Abdi El Hakim,Riskyana Dewi Intan P
9BWyE0UAAAAJ,LeRoniwAAAAJ,0.012941391207277775,0.0021460051648318768,False,Endryansyah,Farhanna Mari
ZRCJXO0AAAAJ,tzjThtIAAAAJ,0.012941049411892891,0.002364261308684945,False,Riska Dhenabayu,Elly Matul Imah
DiBTIz4AAAAJ,n7IAKI0AAAAJ,0.012939308770000935,0.006313895806670189,False,Riskyana Dewi Intan P,Joko
Mr22rjsAAAAJ,j8HRV1wAAAAJ,0.012936330400407314,0.002793331863358617,False,Hesti Khuzaimah Nurul Yusufiyah,Bambang Suprianto
pb3-UjwAAAAJ,wEGsLv4AAAAJ,0.012934351339936256,0.0026703125331550837,False,Moch Deny Pratama,Ike Fitriyaningsih
S6IJ51cAAAAJ,wEGsLv4AAAAJ,0.012933870777487755,0.0024094528052955866,False,Unit Three Kartini,Ike Fitriyaningsih
o4zdesUAAAAJ,tzjThtIAAAAJ,0.01293267123401165,0.009147865697741508,False,Rakha Asyrofi,Elly Matul Imah
9BWyE0UAAAAJ,y_OiarcAAAAJ,0.012926580384373665,0.007574936840683222,False,Endryansyah,Yandhika Surya Akbar Gumilang
S6IJ51cAAAAJ,ZRCJXO0AAAAJ,0.012925545684993267,0.001720162690617144,False,Unit Three Kartini,Riska Dhenabayu
-_VNTSIAAAAJ,Y4YoRwUAAAAJ,0.012924304232001305,0.0055485982447862625,False,Agus Prihanto,Belgis Ainatul Iza
MnI3Tm0AAAAJ,yXy6kW0AAAAJ,0.01292013842612505,0.003312233369797468,False,Sayyidul Aulia Alamsyah,Harun Al Rosyid
lmlBHlsAAAAJ,q-sbahIAAAAJ,0.012915299274027348,0.007101980037987232,False,Widi Aribowo,Ulfa Siti Nuraini
Yw9l51IAAAAJ,pb3-UjwAAAAJ,0.012911955825984478,0.0009530972456559539,False,Riza Akhsani Setyo Prayoga,Moch Deny Pratama
YADiqesAAAAJ,y_OiarcAAAAJ,0.012910964898765087,0.006363034714013338,False,Ekohariadi,Yandhika Surya Akbar Gumilang
AaC4eAwAAAAJ,yXy6kW0AAAAJ,0.012910759076476097,0.007301171775907278,False,Fadhilah Qalbi Annisa,Harun Al Rosyid
Mr22rjsAAAAJ,ZjPpHWsAAAAJ,0.012909354642033577,0.0015725455014035106,False,Hesti Khuzaimah Nurul Yusufiyah,Erik Rahman
L6O1lvkAAAAJ,LeRoniwAAAAJ,0.012898348271846771,0.0021826960146427155,False,Tri Wrahatnolo,Farhanna Mari
Y4YoRwUAAAAJ,p1pK7E4AAAAJ,0.012893213890492916,0.00238767615519464,False,Belgis Ainatul Iza,Subuh Isnur Haryudo
ZjPpHWsAAAAJ,pCyzpjgAAAAJ,0.012892692349851131,0.004533038474619389,False,Erik Rahman,Nurul Laili
Tp_X_bYAAAAJ,yXy6kW0AAAAJ,0.012891496531665325,0.005824774503707886,False,Farid Baskoro,Harun Al Rosyid
AaC4eAwAAAAJ,UL2-upoAAAAJ,0.012889804318547249,0.002958133816719055,False,Fadhilah Qalbi Annisa,Dana Azizah Rahmat
cY1QGVEAAAAJ,iFSMsegAAAAJ,0.012884309515357018,0.0033602274488657713,False,Muhammad Sonhaji Akbar,Elvira Wardah
5uDKOUMAAAAJ,RvG7jG4AAAAJ,0.012873579747974873,0.004667637404054403,False,Heri Purnawan,I Made Suartana
iFSMsegAAAAJ,o4zdesUAAAAJ,0.01286829449236393,0.0028683594428002834,False,Elvira Wardah,Rakha Asyrofi
AaC4eAwAAAAJ,EBgY5K0AAAAJ,0.012861646711826324,0.0027948752976953983,False,Fadhilah Qalbi Annisa,Moch. Badrus Oleh
Yw9l51IAAAAJ,iFSMsegAAAAJ,0.012858965434134007,0.0033068826887756586,False,Riza Akhsani Setyo Prayoga,Elvira Wardah
IJIEntMAAAAJ,pCyzpjgAAAAJ,0.012858474627137184,0.002859134692698717,False,Yeni Anistyasari,Nurul Laili
MeGE8WAAAAAJ,n7IAKI0AAAAJ,0.01285276748239994,0.0020533634815365076,False,Binti Kholifah,Joko
L6O1lvkAAAAJ,yXy6kW0AAAAJ,0.01285144966095686,0.004262868314981461,False,Tri Wrahatnolo,Harun Al Rosyid
-gGGkMcAAAAJ,tzjThtIAAAAJ,0.012849966995418072,0.008391620591282845,False,Faris Abdi El Hakim,Elly Matul Imah
8wFXNjYAAAAJ,Yw9l51IAAAAJ,0.012849163264036179,0.002551803132519126,False,Naim Rochmawati,Riza Akhsani Setyo Prayoga
9BWyE0UAAAAJ,Tz8EfXcAAAAJ,0.012848105281591415,0.001604137010872364,False,Endryansyah,Yuliani Puji Astuti
DiBTIz4AAAAJ,ZBAnb64AAAAJ,0.012845783494412899,0.0062146238051354885,False,Riskyana Dewi Intan P,Ardhini Warih Utami
aW1lSOYAAAAJ,jJBtZPgAAAAJ,0.012845401652157307,0.0053236582316458225,False,Aditya Chandra Hermawan,Siska Puspitaningsih
DiBTIz4AAAAJ,JsEkeOsAAAAJ,0.012842511758208275,0.005509617738425732,False,Riskyana Dewi Intan P,Ari Kurniawan
_ecYpyYAAAAJ,pb3-UjwAAAAJ,0.012841525487601757,0.0021208543330430984,False,Dinda Galuh Guminta,Moch Deny Pratama
MnI3Tm0AAAAJ,Yw9l51IAAAAJ,0.012841501273214817,0.0007295406539924443,False,Sayyidul Aulia Alamsyah,Riza Akhsani Setyo Prayoga
Tz8EfXcAAAAJ,tzjThtIAAAAJ,0.012840251438319683,0.003729503368958831,False,Yuliani Puji Astuti,Elly Matul Imah
itwnm-AAAAAJ,tzjThtIAAAAJ,0.012838752940297127,0.003439450403675437,False,Achmad Fitro,Elly Matul Imah
Yw9l51IAAAAJ,z7RWDi0AAAAJ,0.012837405316531658,0.001009006635285914,False,Riza Akhsani Setyo Prayoga,Tri Rijanto
AaC4eAwAAAAJ,OffRzhoAAAAJ,0.01283295825123787,0.005653885193169117,False,Fadhilah Qalbi Annisa,Dwi Fatrianto Suyatno
RNJ3vNQAAAAJ,jJBtZPgAAAAJ,0.012832928448915482,0.002483220072463155,False,Harmon Prayogi,Siska Puspitaningsih
6f4j4TYAAAAJ,VwvPnrcAAAAJ,0.012831551022827625,0.0033789032604545355,False,Mahendra Widyartono,Nisa Dwi Septiyanti
WdhKN0sAAAAJ,Yw9l51IAAAAJ,0.012831508181989193,0.002027129055932164,False,Aditya Prapanca,Riza Akhsani Setyo Prayoga
L6O1lvkAAAAJ,Tz8EfXcAAAAJ,0.012820183299481869,0.0018707438139244914,False,Tri Wrahatnolo,Yuliani Puji Astuti
q-sbahIAAAAJ,yXy6kW0AAAAJ,0.012818576768040657,0.002904951572418213,False,Ulfa Siti Nuraini,Harun Al Rosyid
yObeL8gAAAAJ,yXy6kW0AAAAJ,0.012814588844776154,0.005856553558260202,False,I Gusti Putu Asto Buditjahjanto,Harun Al Rosyid
1xVR-fgAAAAJ,tzjThtIAAAAJ,0.01281200721859932,0.004450139589607716,False,1xVR-fgAAAAJ,Elly Matul Imah
-_VNTSIAAAAJ,Yw9l51IAAAAJ,0.012811621651053429,0.004180700983852148,False,Agus Prihanto,Riza Akhsani Setyo Prayoga
UL2-upoAAAAJ,Y4YoRwUAAAAJ,0.01281095203012228,0.0014602163573727012,False,Dana Azizah Rahmat,Belgis Ainatul Iza
OffRzhoAAAAJ,Yw9l51IAAAAJ,0.012809112668037415,0.00240159360691905,False,Dwi Fatrianto Suyatno,Riza Akhsani Setyo Prayoga
DiBTIz4AAAAJ,yXy6kW0AAAAJ,0.012808631174266338,0.008311422541737556,False,Riskyana Dewi Intan P,Harun Al Rosyid
DiBTIz4AAAAJ,OffRzhoAAAAJ,0.012808594852685928,0.006119069643318653,False,Riskyana Dewi Intan P,Dwi Fatrianto Suyatno
Mr22rjsAAAAJ,z7RWDi0AAAAJ,0.012805326841771603,0.002804126590490341,False,Hesti Khuzaimah Nurul Yusufiyah,Tri Rijanto
nbtuM4IAAAAJ,rnlvOfEAAAAJ,0.012803633697330952,0.0008136824471876025,False,Parama Diptya Widayaka,Ibrohim
TB0QfMoAAAAJ,_VFGVQQAAAAJ,0.012801620177924633,0.001940820598974824,False,Miftahur Rohman,Berlian Maulidya Izzati
5uDKOUMAAAAJ,7EQjv9wAAAAJ,0.012797560542821884,0.0035215967800468206,False,Heri Purnawan,Asmunin
DrE0Lf8AAAAJ,iFSMsegAAAAJ,0.012795306742191315,0.0029681562446057796,False,Fresha Kharisma,Elvira Wardah
IJIEntMAAAAJ,nVac1BcAAAAJ,0.012793723493814468,0.0016993172466754913,False,Yeni Anistyasari,Rosita
A9L19RMAAAAJ,ZRCJXO0AAAAJ,0.01279195211827755,0.0010775801492854953,False,Pradini Puspitaningayu,Riska Dhenabayu
EBgY5K0AAAAJ,R9rGmc4AAAAJ,0.012787304818630219,0.001780879800207913,False,Moch. Badrus Oleh,Kartika Chandra Dewi
Yw9l51IAAAAJ,p1pK7E4AAAAJ,0.012787003070116043,0.0009709394653327763,False,Riza Akhsani Setyo Prayoga,Subuh Isnur Haryudo
A9L19RMAAAAJ,_ecYpyYAAAAJ,0.012784210965037346,0.0015178314642980695,False,Pradini Puspitaningayu,Dinda Galuh Guminta
NO8mJucAAAAJ,R9rGmc4AAAAJ,0.012782098725438118,0.004413299728184938,False,Wahyu Sasongko Putro,Kartika Chandra Dewi
Mr22rjsAAAAJ,YADiqesAAAAJ,0.012780256569385529,0.003635627217590809,False,Hesti Khuzaimah Nurul Yusufiyah,Ekohariadi
8wFXNjYAAAAJ,ZRCJXO0AAAAJ,0.012777803465723991,0.003246610751375556,False,Naim Rochmawati,Riska Dhenabayu
AaC4eAwAAAAJ,JsEkeOsAAAAJ,0.012775348499417305,0.0046645053662359715,False,Fadhilah Qalbi Annisa,Ari Kurniawan
2lw6P3IAAAAJ,iFSMsegAAAAJ,0.01277262531220913,0.002666726242750883,False,Muhammad Febrilian Dwi Syahputra,Elvira Wardah
R9rGmc4AAAAJ,Tz8EfXcAAAAJ,0.012771681882441044,0.0024657833855599165,False,Kartika Chandra Dewi,Yuliani Puji Astuti
itwnm-AAAAAJ,q-sbahIAAAAJ,0.012768153101205826,0.0016448412789031863,False,Achmad Fitro,Ulfa Siti Nuraini
ne31is4AAAAJ,sHANI1gAAAAJ,0.012763788923621178,0.002170505002140999,False,Danang Ary Dewangga,Rifqi Firmansyah
9BWyE0UAAAAJ,tzjThtIAAAAJ,0.0127625223249197,0.010620157234370708,False,Endryansyah,Elly Matul Imah
ZjPpHWsAAAAJ,hrVTt4kAAAAJ,0.01276249811053276,0.01144006010144949,False,Erik Rahman,Monica Cinthya
A9L19RMAAAAJ,MeGE8WAAAAAJ,0.012761548161506653,0.0015057888813316822,False,Pradini Puspitaningayu,Binti Kholifah
N6RJilIAAAAJ,nVac1BcAAAAJ,0.012756179086863995,0.003102150047197938,False,Anita Qoiriah,Rosita
5uDKOUMAAAAJ,yXy6kW0AAAAJ,0.012747133150696754,0.003216278739273548,False,Heri Purnawan,Harun Al Rosyid
5nAJx9wAAAAJ,_ecYpyYAAAAJ,0.012747091241180897,0.004140337463468313,False,Muhammad Fachmi,Dinda Galuh Guminta
Mr22rjsAAAAJ,yObeL8gAAAAJ,0.012744870036840439,0.0026177738327533007,False,Hesti Khuzaimah Nurul Yusufiyah,I Gusti Putu Asto Buditjahjanto
Y4YoRwUAAAAJ,ne31is4AAAAJ,0.012741133570671082,0.0023175254464149475,False,Belgis Ainatul Iza,Danang Ary Dewangga
N40Vh64AAAAJ,y_OiarcAAAAJ,0.012735340744256973,0.0041640703566372395,False,Raden Roro Hapsari Peni Agustin T,Yandhika Surya Akbar Gumilang
hn5jrnAAAAAJ,nVac1BcAAAAJ,0.012734644114971161,0.0026606502942740917,False,Yuni Yamasari,Rosita
MnI3Tm0AAAAJ,iFSMsegAAAAJ,0.01273402664810419,0.002993011148646474,False,Sayyidul Aulia Alamsyah,Elvira Wardah
ZBAnb64AAAAJ,nVac1BcAAAAJ,0.012733950279653072,0.001940439804457128,False,Ardhini Warih Utami,Rosita
AaC4eAwAAAAJ,NO8mJucAAAAJ,0.012732061557471752,0.005699774716049433,False,Fadhilah Qalbi Annisa,Wahyu Sasongko Putro
dfwr-2YAAAAJ,iFSMsegAAAAJ,0.012731671333312988,0.0026406990364193916,False,Muhammad Fajar Wahyudi Rahman,Elvira Wardah
N40Vh64AAAAJ,hrVTt4kAAAAJ,0.012729225680232048,0.002884769579395652,False,Raden Roro Hapsari Peni Agustin T,Monica Cinthya
p1pK7E4AAAAJ,yXy6kW0AAAAJ,0.012727955356240273,0.0060762669891119,False,Subuh Isnur Haryudo,Harun Al Rosyid
R9rGmc4AAAAJ,ZRCJXO0AAAAJ,0.012727740220725536,0.0020006769336760044,False,Kartika Chandra Dewi,Riska Dhenabayu
1hm7MM8AAAAJ,wEGsLv4AAAAJ,0.012725325301289558,0.0026446657720953226,False,Reza Rahmadian,Ike Fitriyaningsih
1xVR-fgAAAAJ,iFSMsegAAAAJ,0.012724612839519978,0.0026380696799606085,False,1xVR-fgAAAAJ,Elvira Wardah
AaC4eAwAAAAJ,n7IAKI0AAAAJ,0.01271976251155138,0.0065482971258461475,False,Fadhilah Qalbi Annisa,Joko
N40Vh64AAAAJ,jJBtZPgAAAAJ,0.012717940844595432,0.006661919876933098,False,Raden Roro Hapsari Peni Agustin T,Siska Puspitaningsih
VNrCn4gAAAAJ,aW1lSOYAAAAJ,0.012715456075966358,0.0017678270814940333,False,Ersha Aisyah Elfaiz,Aditya Chandra Hermawan
Mr22rjsAAAAJ,TB0QfMoAAAAJ,0.012711805291473866,0.0027041214052587748,False,Hesti Khuzaimah Nurul Yusufiyah,Miftahur Rohman
BIrtbD8AAAAJ,wwhACXoAAAAJ,0.012711740098893642,0.0028746093157678843,False,Ibnu Febry Kurniawan,M Adamu Islam Mashuri
RNJ3vNQAAAAJ,_VFGVQQAAAAJ,0.012710615061223507,0.002270726952701807,False,Harmon Prayogi,Berlian Maulidya Izzati
Tz8EfXcAAAAJ,iFSMsegAAAAJ,0.012708328664302826,0.00336868385784328,False,Yuliani Puji Astuti,Elvira Wardah
NO8mJucAAAAJ,pCyzpjgAAAAJ,0.01270554680377245,0.008965977467596531,False,Wahyu Sasongko Putro,Nurul Laili
hjllQ9gAAAAJ,rnlvOfEAAAAJ,0.012704644352197647,0.0011157938279211521,False,Nur Kholis,Ibrohim
NO8mJucAAAAJ,tzjThtIAAAAJ,0.012703047133982182,0.007173324003815651,False,Wahyu Sasongko Putro,Elly Matul Imah
p1pK7E4AAAAJ,q-sbahIAAAAJ,0.012701683677732944,0.0070398105308413506,False,Subuh Isnur Haryudo,Ulfa Siti Nuraini
Y4YoRwUAAAAJ,lmlBHlsAAAAJ,0.012700195424258709,0.0022715835366398096,False,Belgis Ainatul Iza,Widi Aribowo
RNJ3vNQAAAAJ,Y4YoRwUAAAAJ,0.012697952799499035,0.0014178856508806348,False,Harmon Prayogi,Belgis Ainatul Iza
6f4j4TYAAAAJ,NO8mJucAAAAJ,0.012692603282630444,0.005606241524219513,False,Mahendra Widyartono,Wahyu Sasongko Putro
Tp_X_bYAAAAJ,wwhACXoAAAAJ,0.012691468931734562,0.004377003759145737,False,Farid Baskoro,M Adamu Islam Mashuri
R9rGmc4AAAAJ,sHANI1gAAAAJ,0.012688715942203999,0.0009861680446192622,False,Kartika Chandra Dewi,Rifqi Firmansyah
UL2-upoAAAAJ,nVac1BcAAAAJ,0.012688709422945976,0.002584789413958788,False,Dana Azizah Rahmat,Rosita
5nAJx9wAAAAJ,N40Vh64AAAAJ,0.01268774177879095,0.004364320542663336,False,Muhammad Fachmi,Raden Roro Hapsari Peni Agustin T
6MXDzBQAAAAJ,DiBTIz4AAAAJ,0.01268148235976696,0.008075681515038013,False,Lilik Anifah,Riskyana Dewi Intan P
5nAJx9wAAAAJ,tzjThtIAAAAJ,0.01268050353974104,0.008268953301012516,False,Muhammad Fachmi,Elly Matul Imah
aW1lSOYAAAAJ,tzjThtIAAAAJ,0.01268027164041996,0.00966845266520977,False,Aditya Chandra Hermawan,Elly Matul Imah
DiBTIz4AAAAJ,t5f89iIAAAAJ,0.012679961510002613,0.01423061452805996,False,Riskyana Dewi Intan P,Andi Iwan Nurhidayat
IJIEntMAAAAJ,R9rGmc4AAAAJ,0.012677500955760479,0.0018476552795618773,False,Yeni Anistyasari,Kartika Chandra Dewi
4Yhmpg0AAAAJ,VNrCn4gAAAAJ,0.012672816403210163,0.0017463064286857843,False,Hujjatullah Fazlurrahman,Ersha Aisyah Elfaiz
R9rGmc4AAAAJ,YADiqesAAAAJ,0.01267280988395214,0.0015598462196066976,False,Kartika Chandra Dewi,Ekohariadi
VNrCn4gAAAAJ,YADiqesAAAAJ,0.012669475749135017,0.0015110361855477095,False,Ersha Aisyah Elfaiz,Ekohariadi
BIrtbD8AAAAJ,JsEkeOsAAAAJ,0.01266837865114212,0.002042108913883567,False,Ibnu Febry Kurniawan,Ari Kurniawan
9BWyE0UAAAAJ,VwvPnrcAAAAJ,0.012667525559663773,0.0018918901914730668,False,Endryansyah,Nisa Dwi Septiyanti
5nAJx9wAAAAJ,pCyzpjgAAAAJ,0.012666202150285244,0.0045083994045853615,False,Muhammad Fachmi,Nurul Laili
1xVR-fgAAAAJ,AaC4eAwAAAAJ,0.012665975838899612,0.0031407673377543688,False,1xVR-fgAAAAJ,Fadhilah Qalbi Annisa
5nAJx9wAAAAJ,wwhACXoAAAAJ,0.012663833796977997,0.011683615855872631,False,Muhammad Fachmi,M Adamu Islam Mashuri
OwdLKtQAAAAJ,iFSMsegAAAAJ,0.012660698965191841,0.008070550858974457,False,Fitria,Elvira Wardah
Yw9l51IAAAAJ,ZjPpHWsAAAAJ,0.012655913829803467,0.0010457795578986406,False,Riza Akhsani Setyo Prayoga,Erik Rahman
nbtuM4IAAAAJ,yXy6kW0AAAAJ,0.01265566237270832,0.005076879635453224,False,Parama Diptya Widayaka,Harun Al Rosyid
N40Vh64AAAAJ,q24bD6AAAAAJ,0.012652553617954254,0.004687350243330002,False,Raden Roro Hapsari Peni Agustin T,Martini Dwi Endah Susanti
DiBTIz4AAAAJ,_VFGVQQAAAAJ,0.012638460844755173,0.0023634620010852814,False,Riskyana Dewi Intan P,Berlian Maulidya Izzati
TB0QfMoAAAAJ,wwhACXoAAAAJ,0.012637591920793056,0.003680155612528324,False,Miftahur Rohman,M Adamu Islam Mashuri
S6IJ51cAAAAJ,_ecYpyYAAAAJ,0.01263311319053173,0.0017179668648168445,False,Unit Three Kartini,Dinda Galuh Guminta
Tp_X_bYAAAAJ,ZRCJXO0AAAAJ,0.012629151344299316,0.0016472944989800453,False,Farid Baskoro,Riska Dhenabayu
Mr22rjsAAAAJ,aW1lSOYAAAAJ,0.012626049108803272,0.0035101044923067093,False,Hesti Khuzaimah Nurul Yusufiyah,Aditya Chandra Hermawan
Yw9l51IAAAAJ,yObeL8gAAAAJ,0.012620794586837292,0.0009051631204783916,False,Riza Akhsani Setyo Prayoga,I Gusti Putu Asto Buditjahjanto
5nAJx9wAAAAJ,AX-w0AEAAAAJ,0.012620165012776852,0.009449612349271774,False,Muhammad Fachmi,Hasanuddin Al-Habib
EBgY5K0AAAAJ,iFSMsegAAAAJ,0.012619554065167904,0.003012422937899828,False,Moch. Badrus Oleh,Elvira Wardah
S6IJ51cAAAAJ,pCyzpjgAAAAJ,0.01261888723820448,0.0012982879998162389,False,Unit Three Kartini,Nurul Laili
5nAJx9wAAAAJ,ne31is4AAAAJ,0.01261751540005207,0.00867750309407711,False,Muhammad Fachmi,Danang Ary Dewangga
N40Vh64AAAAJ,jPKU5cAAAAAJ,0.01261657103896141,0.002151570050045848,False,Raden Roro Hapsari Peni Agustin T,Anggraeni Widya Purwita
5uDKOUMAAAAJ,_VFGVQQAAAAJ,0.012614171020686626,0.0016368600772693753,False,Heri Purnawan,Berlian Maulidya Izzati
5uDKOUMAAAAJ,VwvPnrcAAAAJ,0.012613951228559017,0.0019884505309164524,False,Heri Purnawan,Nisa Dwi Septiyanti
TB0QfMoAAAAJ,yXy6kW0AAAAJ,0.012613754719495773,0.005578049924224615,False,Miftahur Rohman,Harun Al Rosyid
8wFXNjYAAAAJ,Y4YoRwUAAAAJ,0.012612561695277691,0.0038647600449621677,False,Naim Rochmawati,Belgis Ainatul Iza
BIrtbD8AAAAJ,UL2-upoAAAAJ,0.012612520717084408,0.0015807225136086345,False,Ibnu Febry Kurniawan,Dana Azizah Rahmat
j8HRV1wAAAAJ,wwhACXoAAAAJ,0.012606850825250149,0.004468768835067749,False,Bambang Suprianto,M Adamu Islam Mashuri
UL2-upoAAAAJ,VNrCn4gAAAAJ,0.012605301104485989,0.004162737634032965,False,Dana Azizah Rahmat,Ersha Aisyah Elfaiz
t5f89iIAAAAJ,tzjThtIAAAAJ,0.012603753246366978,0.017618775367736816,False,Andi Iwan Nurhidayat,Elly Matul Imah
6RBIukkAAAAJ,iFSMsegAAAAJ,0.012602695263922215,0.004614831879734993,False,Yatim Riyanto,Elvira Wardah
C_EGqeMAAAAJ,sHANI1gAAAAJ,0.012597386725246906,0.002484175842255354,False,Namira Roudlotul Jannah,Rifqi Firmansyah
AYI1rosAAAAJ,pCyzpjgAAAAJ,0.01259431429207325,0.0008777241455391049,False,Nurhayati,Nurul Laili
EBgY5K0AAAAJ,pCyzpjgAAAAJ,0.012579652480781078,0.0054406230337917805,False,Moch. Badrus Oleh,Nurul Laili
AaC4eAwAAAAJ,t5f89iIAAAAJ,0.012579232454299927,0.01237854640930891,False,Fadhilah Qalbi Annisa,Andi Iwan Nurhidayat
6MXDzBQAAAAJ,yXy6kW0AAAAJ,0.012578190304338932,0.004701846279203892,False,Lilik Anifah,Harun Al Rosyid
Mr22rjsAAAAJ,RES4QIQAAAAJ,0.012574808672070503,0.0023982683196663857,False,Hesti Khuzaimah Nurul Yusufiyah,Arif Widodo
R9rGmc4AAAAJ,n7IAKI0AAAAJ,0.012571529485285282,0.0012093613622710109,False,Kartika Chandra Dewi,Joko
UL2-upoAAAAJ,pCyzpjgAAAAJ,0.012569652870297432,0.008903227746486664,False,Dana Azizah Rahmat,Nurul Laili
UL2-upoAAAAJ,tzjThtIAAAAJ,0.012568759731948376,0.004153872840106487,False,Dana Azizah Rahmat,Elly Matul Imah
EBgY5K0AAAAJ,tzjThtIAAAAJ,0.012567847035825253,0.0033540138974785805,False,Moch. Badrus Oleh,Elly Matul Imah
1xVR-fgAAAAJ,DiBTIz4AAAAJ,0.012565688230097294,0.0040866294875741005,False,1xVR-fgAAAAJ,Riskyana Dewi Intan P
8wFXNjYAAAAJ,iFSMsegAAAAJ,0.012565534561872482,0.006298143416643143,False,Naim Rochmawati,Elvira Wardah
RNJ3vNQAAAAJ,wEGsLv4AAAAJ,0.01256483606994152,0.0022116778418421745,False,Harmon Prayogi,Ike Fitriyaningsih
hrVTt4kAAAAJ,iFSMsegAAAAJ,0.012564742006361485,0.0026663632597774267,False,Monica Cinthya,Elvira Wardah
N6RJilIAAAAJ,rnlvOfEAAAAJ,0.012561091221868992,0.0032595281954854727,False,Anita Qoiriah,Ibrohim
4d_6xxEAAAAJ,Y4YoRwUAAAAJ,0.012559802271425724,0.001253569032996893,False,Ghea Sekar Palupi,Belgis Ainatul Iza
C_EGqeMAAAAJ,n7IAKI0AAAAJ,0.012559501454234123,0.002116498537361622,False,Namira Roudlotul Jannah,Joko
sHANI1gAAAAJ,wwhACXoAAAAJ,0.012558767572045326,0.002661054488271475,False,Rifqi Firmansyah,M Adamu Islam Mashuri
ZjPpHWsAAAAJ,_ecYpyYAAAAJ,0.012557526119053364,0.002748355269432068,False,Erik Rahman,Dinda Galuh Guminta
N40Vh64AAAAJ,nVac1BcAAAAJ,0.012556815519928932,0.0020824105013161898,False,Raden Roro Hapsari Peni Agustin T,Rosita
L6O1lvkAAAAJ,y_OiarcAAAAJ,0.01255390141159296,0.006079422309994698,False,Tri Wrahatnolo,Yandhika Surya Akbar Gumilang
n7IAKI0AAAAJ,yXy6kW0AAAAJ,0.012553388252854347,0.003118989523500204,False,Joko,Harun Al Rosyid
hn5jrnAAAAAJ,rnlvOfEAAAAJ,0.012552553787827492,0.0029161034617573023,False,Yuni Yamasari,Ibrohim
5nAJx9wAAAAJ,BIrtbD8AAAAJ,0.01254947017878294,0.003413399448618293,False,Muhammad Fachmi,Ibnu Febry Kurniawan
6f4j4TYAAAAJ,tzjThtIAAAAJ,0.012546219862997532,0.007670901250094175,False,Mahendra Widyartono,Elly Matul Imah
1hm7MM8AAAAJ,Mr22rjsAAAAJ,0.012546018697321415,0.002970244502648711,False,Reza Rahmadian,Hesti Khuzaimah Nurul Yusufiyah
BIrtbD8AAAAJ,ZBAnb64AAAAJ,0.012543969787657261,0.0027493371162563562,False,Ibnu Febry Kurniawan,Ardhini Warih Utami
Y4YoRwUAAAAJ,o4zdesUAAAAJ,0.012537662871181965,0.0022654756903648376,False,Belgis Ainatul Iza,Rakha Asyrofi
RNJ3vNQAAAAJ,ZRCJXO0AAAAJ,0.012532935477793217,0.001824818435125053,False,Harmon Prayogi,Riska Dhenabayu
5uDKOUMAAAAJ,_ecYpyYAAAAJ,0.012531902641057968,0.0017145074671134353,False,Heri Purnawan,Dinda Galuh Guminta
L6O1lvkAAAAJ,VwvPnrcAAAAJ,0.012531200423836708,0.0021857181563973427,False,Tri Wrahatnolo,Nisa Dwi Septiyanti
BIrtbD8AAAAJ,Tz8EfXcAAAAJ,0.01252514123916626,0.001595189911313355,False,Ibnu Febry Kurniawan,Yuliani Puji Astuti
C_EGqeMAAAAJ,q-sbahIAAAAJ,0.0125142065808177,0.002238835208117962,False,Namira Roudlotul Jannah,Ulfa Siti Nuraini
ZjPpHWsAAAAJ,ne31is4AAAAJ,0.01251170877367258,0.005911992862820625,False,Erik Rahman,Danang Ary Dewangga
5uDKOUMAAAAJ,wEGsLv4AAAAJ,0.012511531822383404,0.002285192720592022,False,Heri Purnawan,Ike Fitriyaningsih
j8HRV1wAAAAJ,jJBtZPgAAAAJ,0.012506071478128433,0.0025297824759036303,False,Bambang Suprianto,Siska Puspitaningsih
DiBTIz4AAAAJ,VwvPnrcAAAAJ,0.012505642138421535,0.0033669108524918556,False,Riskyana Dewi Intan P,Nisa Dwi Septiyanti
9BWyE0UAAAAJ,yXy6kW0AAAAJ,0.012504206039011478,0.00334608624689281,False,Endryansyah,Harun Al Rosyid
itwnm-AAAAAJ,wEGsLv4AAAAJ,0.012502574361860752,0.0027679256163537502,False,Achmad Fitro,Ike Fitriyaningsih
RNJ3vNQAAAAJ,tzjThtIAAAAJ,0.012497288174927235,0.00391413364559412,False,Harmon Prayogi,Elly Matul Imah
5uDKOUMAAAAJ,pCyzpjgAAAAJ,0.0124961594119668,0.001497064484283328,False,Heri Purnawan,Nurul Laili
UL2-upoAAAAJ,rnlvOfEAAAAJ,0.012489876709878445,0.00256539648398757,False,Dana Azizah Rahmat,Ibrohim
AaC4eAwAAAAJ,VwvPnrcAAAAJ,0.01248123962432146,0.0029416456818580627,False,Fadhilah Qalbi Annisa,Nisa Dwi Septiyanti
lmlBHlsAAAAJ,wEGsLv4AAAAJ,0.012477449141442776,0.0023085533175617456,False,Widi Aribowo,Ike Fitriyaningsih
5uDKOUMAAAAJ,AX-w0AEAAAAJ,0.012473688460886478,0.005487489514052868,False,Heri Purnawan,Hasanuddin Al-Habib
MnI3Tm0AAAAJ,ne31is4AAAAJ,0.012472737580537796,0.002731864107772708,False,Sayyidul Aulia Alamsyah,Danang Ary Dewangga
6f4j4TYAAAAJ,_VFGVQQAAAAJ,0.012466290965676308,0.0030296214390546083,False,Mahendra Widyartono,Berlian Maulidya Izzati
LsydBAMAAAAJ,_VFGVQQAAAAJ,0.012457634322345257,0.0025625245179980993,False,Puput Wanarti Rusimamto,Berlian Maulidya Izzati
5nAJx9wAAAAJ,AaC4eAwAAAAJ,0.012457212433218956,0.005804223008453846,False,Muhammad Fachmi,Fadhilah Qalbi Annisa
5nAJx9wAAAAJ,DiBTIz4AAAAJ,0.012457077391445637,0.006730540655553341,False,Muhammad Fachmi,Riskyana Dewi Intan P
NO8mJucAAAAJ,iFSMsegAAAAJ,0.012454402633011341,0.00436105951666832,False,Wahyu Sasongko Putro,Elvira Wardah
VNrCn4gAAAAJ,sHANI1gAAAAJ,0.01245134137570858,0.0006979909958317876,False,Ersha Aisyah Elfaiz,Rifqi Firmansyah
AaC4eAwAAAAJ,_VFGVQQAAAAJ,0.01245068572461605,0.0020392686128616333,False,Fadhilah Qalbi Annisa,Berlian Maulidya Izzati
AaC4eAwAAAAJ,o4zdesUAAAAJ,0.012446323409676552,0.008485949598252773,False,Fadhilah Qalbi Annisa,Rakha Asyrofi
n7IAKI0AAAAJ,tzjThtIAAAAJ,0.012443599291145802,0.008805535733699799,False,Joko,Elly Matul Imah
-_VNTSIAAAAJ,nVac1BcAAAAJ,0.01244271919131279,0.0045315357856452465,False,Agus Prihanto,Rosita
ZjPpHWsAAAAJ,wwhACXoAAAAJ,0.012441946193575859,0.009045187383890152,False,Erik Rahman,M Adamu Islam Mashuri
_ecYpyYAAAAJ,sHANI1gAAAAJ,0.012441148981451988,0.0011612416710704565,False,Dinda Galuh Guminta,Rifqi Firmansyah
TB0QfMoAAAAJ,ZRCJXO0AAAAJ,0.012438653036952019,0.0016276646638289094,False,Miftahur Rohman,Riska Dhenabayu
sHANI1gAAAAJ,yXy6kW0AAAAJ,0.012434577569365501,0.002917397767305374,False,Rifqi Firmansyah,Harun Al Rosyid
LsydBAMAAAAJ,yXy6kW0AAAAJ,0.012428699992597103,0.006049260962754488,False,Puput Wanarti Rusimamto,Harun Al Rosyid
Tp_X_bYAAAAJ,jJBtZPgAAAAJ,0.012425797991454601,0.0026146990712732077,False,Farid Baskoro,Siska Puspitaningsih
YADiqesAAAAJ,wwhACXoAAAAJ,0.012422585859894753,0.00500287814065814,False,Ekohariadi,M Adamu Islam Mashuri
RNJ3vNQAAAAJ,_ecYpyYAAAAJ,0.012422194704413414,0.0015501521993428469,False,Harmon Prayogi,Dinda Galuh Guminta
DiBTIz4AAAAJ,ne31is4AAAAJ,0.012420603074133396,0.008756007999181747,False,Riskyana Dewi Intan P,Danang Ary Dewangga
nWPONc8AAAAJ,ne31is4AAAAJ,0.01241866685450077,0.004801339935511351,False,Lusia Rakhmawati,Danang Ary Dewangga
ZjPpHWsAAAAJ,tzjThtIAAAAJ,0.012418246828019619,0.0036812154576182365,False,Erik Rahman,Elly Matul Imah
9BWyE0UAAAAJ,Y4YoRwUAAAAJ,0.01241783145815134,0.002052325289696455,False,Endryansyah,Belgis Ainatul Iza
Y4YoRwUAAAAJ,aW1lSOYAAAAJ,0.012417824938893318,0.002039680490270257,False,Belgis Ainatul Iza,Aditya Chandra Hermawan
CxdwNaYAAAAJ,iFSMsegAAAAJ,0.012405188754200935,0.005175221711397171,False,Wiyli Yustanti,Elvira Wardah
n7IAKI0AAAAJ,wEGsLv4AAAAJ,0.012401368468999863,0.0016074024606496096,False,Joko,Ike Fitriyaningsih
AaC4eAwAAAAJ,Yw9l51IAAAAJ,0.012397059239447117,0.0027659612242132425,False,Fadhilah Qalbi Annisa,Riza Akhsani Setyo Prayoga
AYI1rosAAAAJ,wwhACXoAAAAJ,0.012396476231515408,0.0028216096106916666,False,Nurhayati,M Adamu Islam Mashuri
hn5jrnAAAAAJ,iFSMsegAAAAJ,0.012396189384162426,0.0052385348826646805,False,Yuni Yamasari,Elvira Wardah
N6RJilIAAAAJ,iFSMsegAAAAJ,0.012393971905112267,0.00618441728875041,False,Anita Qoiriah,Elvira Wardah
LsydBAMAAAAJ,NO8mJucAAAAJ,0.01239385548979044,0.0040312460623681545,False,Puput Wanarti Rusimamto,Wahyu Sasongko Putro
Tp_X_bYAAAAJ,pCyzpjgAAAAJ,0.012392197735607624,0.0011778832413256168,False,Farid Baskoro,Nurul Laili
1hm7MM8AAAAJ,pCyzpjgAAAAJ,0.01239170040935278,0.0018532495014369488,False,Reza Rahmadian,Nurul Laili
5nAJx9wAAAAJ,iFSMsegAAAAJ,0.012385120615363121,0.0020550682675093412,False,Muhammad Fachmi,Elvira Wardah
YADiqesAAAAJ,ne31is4AAAAJ,0.01238215807825327,0.004064592532813549,False,Ekohariadi,Danang Ary Dewangga
JsEkeOsAAAAJ,pCyzpjgAAAAJ,0.01237448025494814,0.007982779294252396,False,Ari Kurniawan,Nurul Laili
C_EGqeMAAAAJ,R9rGmc4AAAAJ,0.01236655656248331,0.0023887967690825462,False,Namira Roudlotul Jannah,Kartika Chandra Dewi
n7IAKI0AAAAJ,y_OiarcAAAAJ,0.012365893460810184,0.004473593086004257,False,Joko,Yandhika Surya Akbar Gumilang
5uDKOUMAAAAJ,C_EGqeMAAAAJ,0.012363948859274387,0.0022730904165655375,False,Heri Purnawan,Namira Roudlotul Jannah
pb3-UjwAAAAJ,rnlvOfEAAAAJ,0.012362172827124596,0.0009880710858851671,False,Moch Deny Pratama,Ibrohim
eEtHoOAAAAAJ,pCyzpjgAAAAJ,0.012357980944216251,0.004869408439844847,False,Rahadian Bisma,Nurul Laili
DiBTIz4AAAAJ,o4zdesUAAAAJ,0.012354524806141853,0.00841292180120945,False,Riskyana Dewi Intan P,Rakha Asyrofi
4d_6xxEAAAAJ,pCyzpjgAAAAJ,0.012349378317594528,0.006079471204429865,False,Ghea Sekar Palupi,Nurul Laili
DiBTIz4AAAAJ,ZRCJXO0AAAAJ,0.012339017353951931,0.002140597440302372,False,Riskyana Dewi Intan P,Riska Dhenabayu
C_EGqeMAAAAJ,VNrCn4gAAAAJ,0.012336569838225842,0.0028751129284501076,False,Namira Roudlotul Jannah,Ersha Aisyah Elfaiz
AYI1rosAAAAJ,yXy6kW0AAAAJ,0.012328759767115116,0.004221739713102579,False,Nurhayati,Harun Al Rosyid
tzjThtIAAAAJ,yXy6kW0AAAAJ,0.01232248917222023,0.008889429271221161,False,Elly Matul Imah,Harun Al Rosyid
YADiqesAAAAJ,_VFGVQQAAAAJ,0.012317998334765434,0.0030408501625061035,False,Ekohariadi,Berlian Maulidya Izzati
RNJ3vNQAAAAJ,pCyzpjgAAAAJ,0.012316803447902203,0.0013579422375187278,False,Harmon Prayogi,Nurul Laili
RES4QIQAAAAJ,yXy6kW0AAAAJ,0.012315499596297741,0.004112439230084419,False,Arif Widodo,Harun Al Rosyid
S6IJ51cAAAAJ,Y4YoRwUAAAAJ,0.012314674444496632,0.002321254927664995,False,Unit Three Kartini,Belgis Ainatul Iza
Tp_X_bYAAAAJ,wEGsLv4AAAAJ,0.012310869991779327,0.0020041221287101507,False,Farid Baskoro,Ike Fitriyaningsih
CxdwNaYAAAAJ,Y4YoRwUAAAAJ,0.012310267426073551,0.0025989701971411705,False,Wiyli Yustanti,Belgis Ainatul Iza
YADiqesAAAAJ,_ecYpyYAAAAJ,0.012309716083109379,0.0022211431059986353,False,Ekohariadi,Dinda Galuh Guminta
IJIEntMAAAAJ,MeGE8WAAAAAJ,0.012309392914175987,0.0040640332736074924,False,Yeni Anistyasari,Binti Kholifah
JsEkeOsAAAAJ,iFSMsegAAAAJ,0.012308597564697266,0.003094831481575966,False,Ari Kurniawan,Elvira Wardah
j8HRV1wAAAAJ,wEGsLv4AAAAJ,0.01230428647249937,0.001881429343484342,False,Bambang Suprianto,Ike Fitriyaningsih
q-sbahIAAAAJ,t5f89iIAAAAJ,0.01229899562895298,0.0052812304347753525,False,Ulfa Siti Nuraini,Andi Iwan Nurhidayat
5uDKOUMAAAAJ,MeGE8WAAAAAJ,0.012296563945710659,0.00206363876350224,False,Heri Purnawan,Binti Kholifah
LsydBAMAAAAJ,wwhACXoAAAAJ,0.012294096872210503,0.004204653203487396,False,Puput Wanarti Rusimamto,M Adamu Islam Mashuri
TB0QfMoAAAAJ,pCyzpjgAAAAJ,0.012293667532503605,0.0009821412386372685,False,Miftahur Rohman,Nurul Laili
C_EGqeMAAAAJ,DiBTIz4AAAAJ,0.012291427701711655,0.003643282223492861,False,Namira Roudlotul Jannah,Riskyana Dewi Intan P
1hm7MM8AAAAJ,ne31is4AAAAJ,0.012290189042687416,0.005028995685279369,False,Reza Rahmadian,Danang Ary Dewangga
o4zdesUAAAAJ,pCyzpjgAAAAJ,0.012287392280995846,0.003782156854867935,False,Rakha Asyrofi,Nurul Laili
5uDKOUMAAAAJ,AaC4eAwAAAAJ,0.012284663505852222,0.005522649269551039,False,Heri Purnawan,Fadhilah Qalbi Annisa
N40Vh64AAAAJ,eEtHoOAAAAAJ,0.012281868606805801,0.003375057829543948,False,Raden Roro Hapsari Peni Agustin T,Rahadian Bisma
Mr22rjsAAAAJ,n7IAKI0AAAAJ,0.012279022485017776,0.0022750787902623415,False,Hesti Khuzaimah Nurul Yusufiyah,Joko
itwnm-AAAAAJ,ne31is4AAAAJ,0.012276912108063698,0.006548117380589247,False,Achmad Fitro,Danang Ary Dewangga
IJIEntMAAAAJ,rnlvOfEAAAAJ,0.01227648463100195,0.001665710937231779,False,Yeni Anistyasari,Ibrohim
6MXDzBQAAAAJ,_VFGVQQAAAAJ,0.01227461639791727,0.0019450931577011943,False,Lilik Anifah,Berlian Maulidya Izzati
-_VNTSIAAAAJ,rnlvOfEAAAAJ,0.012273483909666538,0.004518990404903889,False,Agus Prihanto,Ibrohim
DiBTIz4AAAAJ,Yw9l51IAAAAJ,0.012270345352590084,0.0025505407247692347,False,Riskyana Dewi Intan P,Riza Akhsani Setyo Prayoga
1hm7MM8AAAAJ,_ecYpyYAAAAJ,0.012270183302462101,0.0020303260535001755,False,Reza Rahmadian,Dinda Galuh Guminta
ZBAnb64AAAAJ,rnlvOfEAAAAJ,0.012266225181519985,0.0017398912459611893,False,Ardhini Warih Utami,Ibrohim
C_EGqeMAAAAJ,rnlvOfEAAAAJ,0.012265775352716446,0.002456911839544773,False,Namira Roudlotul Jannah,Ibrohim
eEtHoOAAAAAJ,iFSMsegAAAAJ,0.012263591401278973,0.0026946605648845434,False,Rahadian Bisma,Elvira Wardah
RNJ3vNQAAAAJ,q-sbahIAAAAJ,0.01226105634123087,0.0022209982853382826,False,Harmon Prayogi,Ulfa Siti Nuraini
6MXDzBQAAAAJ,AX-w0AEAAAAJ,0.012260599061846733,0.005324291065335274,False,Lilik Anifah,Hasanuddin Al-Habib
5uDKOUMAAAAJ,jJBtZPgAAAAJ,0.012259513139724731,0.002828992670401931,False,Heri Purnawan,Siska Puspitaningsih
p1pK7E4AAAAJ,wwhACXoAAAAJ,0.012259253300726414,0.00476935924962163,False,Subuh Isnur Haryudo,M Adamu Islam Mashuri
6f4j4TYAAAAJ,MeGE8WAAAAAJ,0.012257983908057213,0.0022804737091064453,False,Mahendra Widyartono,Binti Kholifah
IJIEntMAAAAJ,Yw9l51IAAAAJ,0.012254889123141766,0.0016038100002333522,False,Yeni Anistyasari,Riza Akhsani Setyo Prayoga
5uDKOUMAAAAJ,ne31is4AAAAJ,0.012253821827471256,0.0025680160615593195,False,Heri Purnawan,Danang Ary Dewangga
j8HRV1wAAAAJ,pCyzpjgAAAAJ,0.012253648601472378,0.0011630422668531537,False,Bambang Suprianto,Nurul Laili
YADiqesAAAAJ,ZRCJXO0AAAAJ,0.012249811552464962,0.0030145091004669666,False,Ekohariadi,Riska Dhenabayu
IJIEntMAAAAJ,wEGsLv4AAAAJ,0.012248835526406765,0.0038143594283610582,False,Yeni Anistyasari,Ike Fitriyaningsih
9BWyE0UAAAAJ,_ecYpyYAAAAJ,0.012247474864125252,0.001129673095420003,False,Endryansyah,Dinda Galuh Guminta
TB0QfMoAAAAJ,jJBtZPgAAAAJ,0.012247070670127869,0.002240229630842805,False,Miftahur Rohman,Siska Puspitaningsih
6MXDzBQAAAAJ,NO8mJucAAAAJ,0.01224167924374342,0.0033660740591585636,False,Lilik Anifah,Wahyu Sasongko Putro
N40Vh64AAAAJ,ZBAnb64AAAAJ,0.012236571870744228,0.003217569785192609,False,Raden Roro Hapsari Peni Agustin T,Ardhini Warih Utami
4d_6xxEAAAAJ,iFSMsegAAAAJ,0.012230359949171543,0.003215413773432374,False,Ghea Sekar Palupi,Elvira Wardah
5nAJx9wAAAAJ,Mr22rjsAAAAJ,0.012230359949171543,0.003178558312356472,False,Muhammad Fachmi,Hesti Khuzaimah Nurul Yusufiyah
6MXDzBQAAAAJ,MeGE8WAAAAAJ,0.012229801155626774,0.0015651782741770148,False,Lilik Anifah,Binti Kholifah
Tp_X_bYAAAAJ,_ecYpyYAAAAJ,0.012229736894369125,0.0014601578004658222,False,Farid Baskoro,Dinda Galuh Guminta
5uDKOUMAAAAJ,ZRCJXO0AAAAJ,0.012228650040924549,0.0013377502327784896,False,Heri Purnawan,Riska Dhenabayu
AYI1rosAAAAJ,_VFGVQQAAAAJ,0.012223719619214535,0.0016901643248274922,False,Nurhayati,Berlian Maulidya Izzati
VNrCn4gAAAAJ,n7IAKI0AAAAJ,0.012222078628838062,0.0008121999562717974,False,Ersha Aisyah Elfaiz,Joko
9BWyE0UAAAAJ,NO8mJucAAAAJ,0.01221996545791626,0.002940507372841239,False,Endryansyah,Wahyu Sasongko Putro
L6O1lvkAAAAJ,tzjThtIAAAAJ,0.01220674067735672,0.0072825332172214985,False,Tri Wrahatnolo,Elly Matul Imah
N40Vh64AAAAJ,rnlvOfEAAAAJ,0.01220626849681139,0.0020292489789426327,False,Raden Roro Hapsari Peni Agustin T,Ibrohim
9BWyE0UAAAAJ,q-sbahIAAAAJ,0.012205309234559536,0.008104532025754452,False,Endryansyah,Ulfa Siti Nuraini
LsydBAMAAAAJ,ZRCJXO0AAAAJ,0.012204619124531746,0.0020124942529946566,False,Puput Wanarti Rusimamto,Riska Dhenabayu
N6RJilIAAAAJ,Y4YoRwUAAAAJ,0.01220319326967001,0.003310707164928317,False,Anita Qoiriah,Belgis Ainatul Iza
L6O1lvkAAAAJ,NO8mJucAAAAJ,0.012202338315546513,0.003033573506399989,False,Tri Wrahatnolo,Wahyu Sasongko Putro
6f4j4TYAAAAJ,ZRCJXO0AAAAJ,0.01220199279487133,0.0021207977551966906,False,Mahendra Widyartono,Riska Dhenabayu
C_EGqeMAAAAJ,nVac1BcAAAAJ,0.012200561352074146,0.0023506125435233116,False,Namira Roudlotul Jannah,Rosita
6f4j4TYAAAAJ,AX-w0AEAAAAJ,0.012199078686535358,0.005005003418773413,False,Mahendra Widyartono,Hasanuddin Al-Habib
5uDKOUMAAAAJ,q-sbahIAAAAJ,0.012196511030197144,0.004327983595430851,False,Heri Purnawan,Ulfa Siti Nuraini
n7IAKI0AAAAJ,ne31is4AAAAJ,0.012193305417895317,0.001986076356843114,False,Joko,Danang Ary Dewangga
C_EGqeMAAAAJ,iFSMsegAAAAJ,0.012192782945930958,0.002357007237151265,False,Namira Roudlotul Jannah,Elvira Wardah
C_EGqeMAAAAJ,tzjThtIAAAAJ,0.012191502377390862,0.003709786804392934,False,Namira Roudlotul Jannah,Elly Matul Imah
Yw9l51IAAAAJ,sHANI1gAAAAJ,0.01219058409333229,0.000568173942156136,False,Riza Akhsani Setyo Prayoga,Rifqi Firmansyah
6f4j4TYAAAAJ,C_EGqeMAAAAJ,0.012187380343675613,0.0048525771126151085,False,Mahendra Widyartono,Namira Roudlotul Jannah
9BWyE0UAAAAJ,AaC4eAwAAAAJ,0.01218576729297638,0.007823877036571503,False,Endryansyah,Fadhilah Qalbi Annisa
5uDKOUMAAAAJ,DiBTIz4AAAAJ,0.012183820828795433,0.006118408869951963,False,Heri Purnawan,Riskyana Dewi Intan P
LsydBAMAAAAJ,pCyzpjgAAAAJ,0.012180458754301071,0.001176440971903503,False,Puput Wanarti Rusimamto,Nurul Laili
N40Vh64AAAAJ,o4zdesUAAAAJ,0.01217930018901825,0.004518551751971245,False,Raden Roro Hapsari Peni Agustin T,Rakha Asyrofi
ZjPpHWsAAAAJ,q-sbahIAAAAJ,0.012176495976746082,0.0016192321199923754,False,Erik Rahman,Ulfa Siti Nuraini
OffRzhoAAAAJ,R9rGmc4AAAAJ,0.012174688279628754,0.0022354405373334885,False,Dwi Fatrianto Suyatno,Kartika Chandra Dewi
N40Vh64AAAAJ,OffRzhoAAAAJ,0.01217267569154501,0.0034155789762735367,False,Raden Roro Hapsari Peni Agustin T,Dwi Fatrianto Suyatno
9BWyE0UAAAAJ,DiBTIz4AAAAJ,0.012169992551207542,0.008346269838511944,False,Endryansyah,Riskyana Dewi Intan P
6f4j4TYAAAAJ,wEGsLv4AAAAJ,0.012164157815277576,0.00203419360332191,False,Mahendra Widyartono,Ike Fitriyaningsih
6MXDzBQAAAAJ,ZRCJXO0AAAAJ,0.01215914636850357,0.001461341860704124,False,Lilik Anifah,Riska Dhenabayu
cPj-iOIAAAAJ,iFSMsegAAAAJ,0.012156975455582142,0.0037632263265550137,False,Ricky Eka Putra,Elvira Wardah
LsydBAMAAAAJ,MeGE8WAAAAAJ,0.012153728865087032,0.0018067306373268366,False,Puput Wanarti Rusimamto,Binti Kholifah
AaC4eAwAAAAJ,ne31is4AAAAJ,0.012152762152254581,0.007448223885148764,False,Fadhilah Qalbi Annisa,Danang Ary Dewangga
AaC4eAwAAAAJ,ZRCJXO0AAAAJ,0.01215103268623352,0.0020152695942670107,False,Fadhilah Qalbi Annisa,Riska Dhenabayu
YADiqesAAAAJ,tzjThtIAAAAJ,0.012150248512625694,0.009771098382771015,False,Ekohariadi,Elly Matul Imah
N40Vh64AAAAJ,NO8mJucAAAAJ,0.012142043560743332,0.0038837550673633814,False,Raden Roro Hapsari Peni Agustin T,Wahyu Sasongko Putro
Mr22rjsAAAAJ,sHANI1gAAAAJ,0.012141101062297821,0.0018827177118510008,False,Hesti Khuzaimah Nurul Yusufiyah,Rifqi Firmansyah
S6IJ51cAAAAJ,ne31is4AAAAJ,0.012138968333601952,0.0034724087454378605,False,Unit Three Kartini,Danang Ary Dewangga
aW1lSOYAAAAJ,wEGsLv4AAAAJ,0.012137578800320625,0.0031580133363604546,False,Aditya Chandra Hermawan,Ike Fitriyaningsih
6f4j4TYAAAAJ,wwhACXoAAAAJ,0.01213446818292141,0.005300499498844147,False,Mahendra Widyartono,M Adamu Islam Mashuri
lmlBHlsAAAAJ,pCyzpjgAAAAJ,0.012127702124416828,0.0014346051029860973,False,Widi Aribowo,Nurul Laili
7EQjv9wAAAAJ,iFSMsegAAAAJ,0.012126633897423744,0.004827937111258507,False,Asmunin,Elvira Wardah
BIrtbD8AAAAJ,OffRzhoAAAAJ,0.012125314213335514,0.0028116153553128242,False,Ibnu Febry Kurniawan,Dwi Fatrianto Suyatno
6f4j4TYAAAAJ,DiBTIz4AAAAJ,0.01211855374276638,0.00654134526848793,False,Mahendra Widyartono,Riskyana Dewi Intan P
6f4j4TYAAAAJ,_ecYpyYAAAAJ,0.0121108777821064,0.001589071238413453,False,Mahendra Widyartono,Dinda Galuh Guminta
YADiqesAAAAJ,wEGsLv4AAAAJ,0.012108048424124718,0.0028136293403804302,False,Ekohariadi,Ike Fitriyaningsih
aW1lSOYAAAAJ,ne31is4AAAAJ,0.012107484973967075,0.0059685236774384975,False,Aditya Chandra Hermawan,Danang Ary Dewangga
6MXDzBQAAAAJ,_ecYpyYAAAAJ,0.012105489149689674,0.0011834304314106703,False,Lilik Anifah,Dinda Galuh Guminta
N40Vh64AAAAJ,yXy6kW0AAAAJ,0.0121013093739748,0.003395507810637355,False,Raden Roro Hapsari Peni Agustin T,Harun Al Rosyid
WdhKN0sAAAAJ,iFSMsegAAAAJ,0.012097541242837906,0.004001391585916281,False,Aditya Prapanca,Elvira Wardah
L6O1lvkAAAAJ,_ecYpyYAAAAJ,0.012096247635781765,0.0010898582404479384,False,Tri Wrahatnolo,Dinda Galuh Guminta
C_EGqeMAAAAJ,N40Vh64AAAAJ,0.012095876969397068,0.0021228743717074394,False,Namira Roudlotul Jannah,Raden Roro Hapsari Peni Agustin T
lmlBHlsAAAAJ,ne31is4AAAAJ,0.012093729339540005,0.004175292793661356,False,Widi Aribowo,Danang Ary Dewangga
RES4QIQAAAAJ,Y4YoRwUAAAAJ,0.0120881088078022,0.0017997693503275514,False,Arif Widodo,Belgis Ainatul Iza
AYI1rosAAAAJ,ZRCJXO0AAAAJ,0.012082858942449093,0.0015372666530311108,False,Nurhayati,Riska Dhenabayu
1hm7MM8AAAAJ,R9rGmc4AAAAJ,0.012080240994691849,0.0011731372214853764,False,Reza Rahmadian,Kartika Chandra Dewi
YADiqesAAAAJ,iFSMsegAAAAJ,0.012078773230314255,0.003949686419218779,False,Ekohariadi,Elvira Wardah
L6O1lvkAAAAJ,MeGE8WAAAAAJ,0.01207682117819786,0.0013767144409939647,False,Tri Wrahatnolo,Binti Kholifah
BIrtbD8AAAAJ,NO8mJucAAAAJ,0.01207650825381279,0.0024408255703747272,False,Ibnu Febry Kurniawan,Wahyu Sasongko Putro
RNJ3vNQAAAAJ,ne31is4AAAAJ,0.012071139179170132,0.0027776448987424374,False,Harmon Prayogi,Danang Ary Dewangga
BIrtbD8AAAAJ,o4zdesUAAAAJ,0.012069376185536385,0.0050837756134569645,False,Ibnu Febry Kurniawan,Rakha Asyrofi
6MXDzBQAAAAJ,wEGsLv4AAAAJ,0.012064345180988312,0.001643152441829443,False,Lilik Anifah,Ike Fitriyaningsih
hjllQ9gAAAAJ,iFSMsegAAAAJ,0.012063555419445038,0.0027105621993541718,False,Nur Kholis,Elvira Wardah
TB0QfMoAAAAJ,wEGsLv4AAAAJ,0.01206301525235176,0.001709342235699296,False,Miftahur Rohman,Ike Fitriyaningsih
UL2-upoAAAAJ,iFSMsegAAAAJ,0.012062226422131062,0.003629472106695175,False,Dana Azizah Rahmat,Elvira Wardah
AaC4eAwAAAAJ,C_EGqeMAAAAJ,0.012059645727276802,0.003835906507447362,False,Fadhilah Qalbi Annisa,Namira Roudlotul Jannah
5nAJx9wAAAAJ,q-sbahIAAAAJ,0.012057323008775711,0.0036052879877388477,False,Muhammad Fachmi,Ulfa Siti Nuraini
p1pK7E4AAAAJ,wEGsLv4AAAAJ,0.012056897394359112,0.0019278142135590315,False,Subuh Isnur Haryudo,Ike Fitriyaningsih
9BWyE0UAAAAJ,MeGE8WAAAAAJ,0.012056647799909115,0.0012436289107427,False,Endryansyah,Binti Kholifah
6MXDzBQAAAAJ,pCyzpjgAAAAJ,0.012055017985403538,0.0009198022307828069,False,Lilik Anifah,Nurul Laili
LsydBAMAAAAJ,jJBtZPgAAAAJ,0.012054335325956345,0.002386964624747634,False,Puput Wanarti Rusimamto,Siska Puspitaningsih
9BWyE0UAAAAJ,Mr22rjsAAAAJ,0.012054232880473137,0.0018390263430774212,False,Endryansyah,Hesti Khuzaimah Nurul Yusufiyah
L6O1lvkAAAAJ,_VFGVQQAAAAJ,0.012052979320287704,0.0017345099477097392,False,Tri Wrahatnolo,Berlian Maulidya Izzati
RES4QIQAAAAJ,wwhACXoAAAAJ,0.01205170713365078,0.0029250311199575663,False,Arif Widodo,M Adamu Islam Mashuri
C_EGqeMAAAAJ,Y4YoRwUAAAAJ,0.012049850076436996,0.0012972293188795447,False,Namira Roudlotul Jannah,Belgis Ainatul Iza
RES4QIQAAAAJ,_ecYpyYAAAAJ,0.01204689871519804,0.0011150202481076121,False,Arif Widodo,Dinda Galuh Guminta
6MXDzBQAAAAJ,wwhACXoAAAAJ,0.012045004405081272,0.003447710070759058,False,Lilik Anifah,M Adamu Islam Mashuri
A9L19RMAAAAJ,yXy6kW0AAAAJ,0.01204353291541338,0.0031094986479729414,False,Pradini Puspitaningayu,Harun Al Rosyid
6f4j4TYAAAAJ,Y4YoRwUAAAAJ,0.012039314024150372,0.0019173212349414825,False,Mahendra Widyartono,Belgis Ainatul Iza
6f4j4TYAAAAJ,AaC4eAwAAAAJ,0.012037152424454689,0.0057009132578969,False,Mahendra Widyartono,Fadhilah Qalbi Annisa
BIrtbD8AAAAJ,yXy6kW0AAAAJ,0.012031982652842999,0.0029337946325540543,False,Ibnu Febry Kurniawan,Harun Al Rosyid
6f4j4TYAAAAJ,Mr22rjsAAAAJ,0.012030520476400852,0.0019492226419970393,False,Mahendra Widyartono,Hesti Khuzaimah Nurul Yusufiyah
N40Vh64AAAAJ,_ecYpyYAAAAJ,0.012028565630316734,0.0038046303670853376,False,Raden Roro Hapsari Peni Agustin T,Dinda Galuh Guminta
IJIEntMAAAAJ,VNrCn4gAAAAJ,0.012026537209749222,0.002048410475254059,False,Yeni Anistyasari,Ersha Aisyah Elfaiz
9BWyE0UAAAAJ,_VFGVQQAAAAJ,0.012026026844978333,0.001466919551603496,False,Endryansyah,Berlian Maulidya Izzati
-gGGkMcAAAAJ,N40Vh64AAAAJ,0.01201620139181614,0.0043817791156470776,False,Faris Abdi El Hakim,Raden Roro Hapsari Peni Agustin T
ZBAnb64AAAAJ,pCyzpjgAAAAJ,0.012015629559755325,0.00497544975951314,False,Ardhini Warih Utami,Nurul Laili
j8HRV1wAAAAJ,ne31is4AAAAJ,0.012014377862215042,0.003121284767985344,False,Bambang Suprianto,Danang Ary Dewangga
LsydBAMAAAAJ,_ecYpyYAAAAJ,0.012013082392513752,0.0013762034941464663,False,Puput Wanarti Rusimamto,Dinda Galuh Guminta
5nAJx9wAAAAJ,VNrCn4gAAAAJ,0.012012532912194729,0.00238277786411345,False,Muhammad Fachmi,Ersha Aisyah Elfaiz
BIrtbD8AAAAJ,_VFGVQQAAAAJ,0.012011848390102386,0.000982356141321361,False,Ibnu Febry Kurniawan,Berlian Maulidya Izzati
LsydBAMAAAAJ,wEGsLv4AAAAJ,0.012010959908366203,0.0018492499366402626,False,Puput Wanarti Rusimamto,Ike Fitriyaningsih
6f4j4TYAAAAJ,iFSMsegAAAAJ,0.012010026723146439,0.002127502579241991,False,Mahendra Widyartono,Elvira Wardah
6MXDzBQAAAAJ,jJBtZPgAAAAJ,0.012008816003799438,0.0020444225519895554,False,Lilik Anifah,Siska Puspitaningsih
aW1lSOYAAAAJ,iFSMsegAAAAJ,0.012008091434836388,0.0023453913163393736,False,Aditya Chandra Hermawan,Elvira Wardah
RES4QIQAAAAJ,_VFGVQQAAAAJ,0.012005004100501537,0.0017681489698588848,False,Arif Widodo,Berlian Maulidya Izzati
L6O1lvkAAAAJ,ne31is4AAAAJ,0.012003746815025806,0.0023422075901180506,False,Tri Wrahatnolo,Danang Ary Dewangga
TB0QfMoAAAAJ,Y4YoRwUAAAAJ,0.012003453448414803,0.0020647605415433645,False,Miftahur Rohman,Belgis Ainatul Iza
N40Vh64AAAAJ,VwvPnrcAAAAJ,0.01200278103351593,0.002232929226011038,False,Raden Roro Hapsari Peni Agustin T,Nisa Dwi Septiyanti
DiBTIz4AAAAJ,Tz8EfXcAAAAJ,0.012001977302134037,0.003049316816031933,False,Riskyana Dewi Intan P,Yuliani Puji Astuti
N40Vh64AAAAJ,t5f89iIAAAAJ,0.01200165506452322,0.005977048072963953,False,Raden Roro Hapsari Peni Agustin T,Andi Iwan Nurhidayat
aW1lSOYAAAAJ,pCyzpjgAAAAJ,0.01200054120272398,0.002372940769419074,False,Aditya Chandra Hermawan,Nurul Laili
p1pK7E4AAAAJ,pCyzpjgAAAAJ,0.011998952366411686,0.0012518181465566158,False,Subuh Isnur Haryudo,Nurul Laili
-gGGkMcAAAAJ,iFSMsegAAAAJ,0.011998054571449757,0.004500067327171564,False,Faris Abdi El Hakim,Elvira Wardah
Yw9l51IAAAAJ,n7IAKI0AAAAJ,0.011997788213193417,0.0006724122213199735,False,Riza Akhsani Setyo Prayoga,Joko
1hm7MM8AAAAJ,nVac1BcAAAAJ,0.011997511610388756,0.001067802426405251,False,Reza Rahmadian,Rosita
L6O1lvkAAAAJ,Y4YoRwUAAAAJ,0.011994628235697746,0.001731512020342052,False,Tri Wrahatnolo,Belgis Ainatul Iza
9BWyE0UAAAAJ,wEGsLv4AAAAJ,0.011989527381956577,0.0013133559841662645,False,Endryansyah,Ike Fitriyaningsih
TB0QfMoAAAAJ,_ecYpyYAAAAJ,0.01198582723736763,0.0012941760942339897,False,Miftahur Rohman,Dinda Galuh Guminta
5nAJx9wAAAAJ,Y4YoRwUAAAAJ,0.011984456330537796,0.0012462262529879808,False,Muhammad Fachmi,Belgis Ainatul Iza
6f4j4TYAAAAJ,jJBtZPgAAAAJ,0.011980774812400341,0.0027835501823574305,False,Mahendra Widyartono,Siska Puspitaningsih
Tp_X_bYAAAAJ,Y4YoRwUAAAAJ,0.011976937763392925,0.0020705561619251966,False,Farid Baskoro,Belgis Ainatul Iza
6MXDzBQAAAAJ,Y4YoRwUAAAAJ,0.011974923312664032,0.0018297482747584581,False,Lilik Anifah,Belgis Ainatul Iza
aW1lSOYAAAAJ,q-sbahIAAAAJ,0.011974748224020004,0.0059666140004992485,False,Aditya Chandra Hermawan,Ulfa Siti Nuraini
L6O1lvkAAAAJ,Mr22rjsAAAAJ,0.011973462998867035,0.0014152181101962924,False,Tri Wrahatnolo,Hesti Khuzaimah Nurul Yusufiyah
n7IAKI0AAAAJ,pCyzpjgAAAAJ,0.011973033659160137,0.0010315830586478114,False,Joko,Nurul Laili
BIrtbD8AAAAJ,MeGE8WAAAAAJ,0.011970676481723785,0.0027528663631528616,False,Ibnu Febry Kurniawan,Binti Kholifah
L6O1lvkAAAAJ,wwhACXoAAAAJ,0.011968561448156834,0.0028175872284919024,False,Tri Wrahatnolo,M Adamu Islam Mashuri
L6O1lvkAAAAJ,ZRCJXO0AAAAJ,0.011968070641160011,0.0015183868817985058,False,Tri Wrahatnolo,Riska Dhenabayu
S6IJ51cAAAAJ,iFSMsegAAAAJ,0.011966158635914326,0.002660972299054265,False,Unit Three Kartini,Elvira Wardah
AYI1rosAAAAJ,Y4YoRwUAAAAJ,0.01196476723998785,0.0017739032628014684,False,Nurhayati,Belgis Ainatul Iza
AaC4eAwAAAAJ,Tz8EfXcAAAAJ,0.011964681558310986,0.0028967857360839844,False,Fadhilah Qalbi Annisa,Yuliani Puji Astuti
5nAJx9wAAAAJ,Yw9l51IAAAAJ,0.01196174044162035,0.0015644282102584839,False,Muhammad Fachmi,Riza Akhsani Setyo Prayoga
N40Vh64AAAAJ,_VFGVQQAAAAJ,0.011960298754274845,0.0017505614086985588,False,Raden Roro Hapsari Peni Agustin T,Berlian Maulidya Izzati
RES4QIQAAAAJ,wEGsLv4AAAAJ,0.011952011846005917,0.0015233138110488653,False,Arif Widodo,Ike Fitriyaningsih
5uDKOUMAAAAJ,Mr22rjsAAAAJ,0.011951707303524017,0.001917374087497592,False,Heri Purnawan,Hesti Khuzaimah Nurul Yusufiyah
AYI1rosAAAAJ,NO8mJucAAAAJ,0.01195106003433466,0.0027540961746126413,False,Nurhayati,Wahyu Sasongko Putro
9BWyE0UAAAAJ,ZRCJXO0AAAAJ,0.011950205080211163,0.001184202847070992,False,Endryansyah,Riska Dhenabayu
L6O1lvkAAAAJ,wEGsLv4AAAAJ,0.011943308636546135,0.001392332836985588,False,Tri Wrahatnolo,Ike Fitriyaningsih
ZjPpHWsAAAAJ,iFSMsegAAAAJ,0.011935855261981487,0.002215901855379343,False,Erik Rahman,Elvira Wardah
9BWyE0UAAAAJ,AX-w0AEAAAAJ,0.011932256631553173,0.004647496622055769,False,Endryansyah,Hasanuddin Al-Habib
AYI1rosAAAAJ,jJBtZPgAAAAJ,0.011931369081139565,0.0018362986156716943,False,Nurhayati,Siska Puspitaningsih
1hm7MM8AAAAJ,rnlvOfEAAAAJ,0.011930841021239758,0.001218705321662128,False,Reza Rahmadian,Ibrohim
5uDKOUMAAAAJ,iFSMsegAAAAJ,0.011929705739021301,0.0035059317015111446,False,Heri Purnawan,Elvira Wardah
9BWyE0UAAAAJ,iFSMsegAAAAJ,0.011927109211683273,0.0022061464842408895,False,Endryansyah,Elvira Wardah
6f4j4TYAAAAJ,pCyzpjgAAAAJ,0.011927074752748013,0.001416997518390417,False,Mahendra Widyartono,Nurul Laili
RES4QIQAAAAJ,pCyzpjgAAAAJ,0.01192642841488123,0.0008436853531748056,False,Arif Widodo,Nurul Laili
n7IAKI0AAAAJ,wwhACXoAAAAJ,0.011917026713490486,0.0023755664005875587,False,Joko,M Adamu Islam Mashuri
5nAJx9wAAAAJ,R9rGmc4AAAAJ,0.011912989430129528,0.002416440984234214,False,Muhammad Fachmi,Kartika Chandra Dewi
YADiqesAAAAJ,jJBtZPgAAAAJ,0.011912883259356022,0.0032990146428346634,False,Ekohariadi,Siska Puspitaningsih
6f4j4TYAAAAJ,ne31is4AAAAJ,0.011900552548468113,0.0032563190907239914,False,Mahendra Widyartono,Danang Ary Dewangga
itwnm-AAAAAJ,pCyzpjgAAAAJ,0.011894913390278816,0.0020302690099924803,False,Achmad Fitro,Nurul Laili
Tp_X_bYAAAAJ,iFSMsegAAAAJ,0.011893154121935368,0.002556262072175741,False,Farid Baskoro,Elvira Wardah
N40Vh64AAAAJ,VNrCn4gAAAAJ,0.011889747343957424,0.0023255839478224516,False,Raden Roro Hapsari Peni Agustin T,Ersha Aisyah Elfaiz
n7IAKI0AAAAJ,q-sbahIAAAAJ,0.011889041401445866,0.005482818000018597,False,Joko,Ulfa Siti Nuraini
LsydBAMAAAAJ,Mr22rjsAAAAJ,0.011888806708157063,0.0024356802459806204,False,Puput Wanarti Rusimamto,Hesti Khuzaimah Nurul Yusufiyah
6MXDzBQAAAAJ,Mr22rjsAAAAJ,0.011886140331625938,0.001994990510866046,False,Lilik Anifah,Hesti Khuzaimah Nurul Yusufiyah
L6O1lvkAAAAJ,iFSMsegAAAAJ,0.01188321691006422,0.0020986360032111406,False,Tri Wrahatnolo,Elvira Wardah
6MXDzBQAAAAJ,ne31is4AAAAJ,0.011881784535944462,0.0025394579861313105,False,Lilik Anifah,Danang Ary Dewangga
S6IJ51cAAAAJ,nVac1BcAAAAJ,0.011872425675392151,0.0010292063234373927,False,Unit Three Kartini,Rosita
YADiqesAAAAJ,pCyzpjgAAAAJ,0.011871402151882648,0.001657581888139248,False,Ekohariadi,Nurul Laili
LsydBAMAAAAJ,ne31is4AAAAJ,0.011871302500367165,0.0029493493493646383,False,Puput Wanarti Rusimamto,Danang Ary Dewangga
ZjPpHWsAAAAJ,nVac1BcAAAAJ,0.011869741603732109,0.0012118438025936484,False,Erik Rahman,Rosita
RES4QIQAAAAJ,ZRCJXO0AAAAJ,0.011868544854223728,0.0014230479719117284,False,Arif Widodo,Riska Dhenabayu
RNJ3vNQAAAAJ,nVac1BcAAAAJ,0.011862333863973618,0.0007752641686238348,False,Harmon Prayogi,Rosita
Tp_X_bYAAAAJ,ne31is4AAAAJ,0.01185788493603468,0.0030138115398585796,False,Farid Baskoro,Danang Ary Dewangga
AYI1rosAAAAJ,MeGE8WAAAAAJ,0.011854561977088451,0.0014166822656989098,False,Nurhayati,Binti Kholifah
9BWyE0UAAAAJ,wwhACXoAAAAJ,0.011854126118123531,0.0027943882159888744,False,Endryansyah,M Adamu Islam Mashuri
nbtuM4IAAAAJ,ne31is4AAAAJ,0.011851953342556953,0.002480720169842243,False,Parama Diptya Widayaka,Danang Ary Dewangga
MeGE8WAAAAAJ,N40Vh64AAAAJ,0.011851221323013306,0.0045634168200194836,False,Binti Kholifah,Raden Roro Hapsari Peni Agustin T
ZjPpHWsAAAAJ,rnlvOfEAAAAJ,0.011849949136376381,0.0011189702199772,False,Erik Rahman,Ibrohim
9BWyE0UAAAAJ,ne31is4AAAAJ,0.011846615932881832,0.0022229941096156836,False,Endryansyah,Danang Ary Dewangga
A9L19RMAAAAJ,Yw9l51IAAAAJ,0.011845528148114681,0.000726012687664479,False,Pradini Puspitaningayu,Riza Akhsani Setyo Prayoga
IJIEntMAAAAJ,ne31is4AAAAJ,0.011840198189020157,0.005116265732795,False,Yeni Anistyasari,Danang Ary Dewangga
1hm7MM8AAAAJ,iFSMsegAAAAJ,0.011833890341222286,0.0021563901100307703,False,Reza Rahmadian,Elvira Wardah
hjllQ9gAAAAJ,ne31is4AAAAJ,0.011831426061689854,0.003489796305075288,False,Nur Kholis,Danang Ary Dewangga
AYI1rosAAAAJ,_ecYpyYAAAAJ,0.011830499395728111,0.0010645698057487607,False,Nurhayati,Dinda Galuh Guminta
YADiqesAAAAJ,q-sbahIAAAAJ,0.01182716153562069,0.005219391081482172,False,Ekohariadi,Ulfa Siti Nuraini
LsydBAMAAAAJ,Y4YoRwUAAAAJ,0.01182348933070898,0.0022648207377642393,False,Puput Wanarti Rusimamto,Belgis Ainatul Iza
TB0QfMoAAAAJ,iFSMsegAAAAJ,0.0118142394348979,0.00249094027094543,False,Miftahur Rohman,Elvira Wardah
IJIEntMAAAAJ,_ecYpyYAAAAJ,0.011814205907285213,0.00249304948374629,False,Yeni Anistyasari,Dinda Galuh Guminta
1hm7MM8AAAAJ,Y4YoRwUAAAAJ,0.011809281073510647,0.0017026682617142797,False,Reza Rahmadian,Belgis Ainatul Iza
IJIEntMAAAAJ,Y4YoRwUAAAAJ,0.011807638220489025,0.0020577474497258663,False,Yeni Anistyasari,Belgis Ainatul Iza
9BWyE0UAAAAJ,pCyzpjgAAAAJ,0.011804378591477871,0.0007964892429299653,False,Endryansyah,Nurul Laili
OffRzhoAAAAJ,VNrCn4gAAAAJ,0.011804172769188881,0.002546735806390643,False,Dwi Fatrianto Suyatno,Ersha Aisyah Elfaiz
OffRzhoAAAAJ,pCyzpjgAAAAJ,0.011803911067545414,0.004204755183309317,False,Dwi Fatrianto Suyatno,Nurul Laili
5uDKOUMAAAAJ,rnlvOfEAAAAJ,0.011800563894212246,0.0010253888322040439,False,Heri Purnawan,Ibrohim
5uDKOUMAAAAJ,R9rGmc4AAAAJ,0.011800352483987808,0.001468887086957693,False,Heri Purnawan,Kartika Chandra Dewi
RNJ3vNQAAAAJ,rnlvOfEAAAAJ,0.011798428371548653,0.0008139171404764056,False,Harmon Prayogi,Ibrohim
6f4j4TYAAAAJ,q-sbahIAAAAJ,0.011790715157985687,0.005243155639618635,False,Mahendra Widyartono,Ulfa Siti Nuraini
1hm7MM8AAAAJ,Yw9l51IAAAAJ,0.011788737028837204,0.0010903184302151203,False,Reza Rahmadian,Riza Akhsani Setyo Prayoga
BIrtbD8AAAAJ,ZRCJXO0AAAAJ,0.011782384477555752,0.0010525649413466454,False,Ibnu Febry Kurniawan,Riska Dhenabayu
5nAJx9wAAAAJ,nVac1BcAAAAJ,0.01178230531513691,0.0017829163698479533,False,Muhammad Fachmi,Rosita
ZBAnb64AAAAJ,iFSMsegAAAAJ,0.011780302040278912,0.002708563581109047,False,Ardhini Warih Utami,Elvira Wardah
RES4QIQAAAAJ,jJBtZPgAAAAJ,0.011775761842727661,0.0018790243193507195,False,Arif Widodo,Siska Puspitaningsih
RvG7jG4AAAAJ,iFSMsegAAAAJ,0.011773454025387764,0.003466400783509016,False,I Made Suartana,Elvira Wardah
IJIEntMAAAAJ,iFSMsegAAAAJ,0.01177314855158329,0.003262763610109687,False,Yeni Anistyasari,Elvira Wardah
S6IJ51cAAAAJ,rnlvOfEAAAAJ,0.01177180651575327,0.0011313857976347208,False,Unit Three Kartini,Ibrohim
5nAJx9wAAAAJ,rnlvOfEAAAAJ,0.011768045835196972,0.0017448179423809052,False,Muhammad Fachmi,Ibrohim
L6O1lvkAAAAJ,pCyzpjgAAAAJ,0.011767989955842495,0.0008680488099344075,False,Tri Wrahatnolo,Nurul Laili
L6O1lvkAAAAJ,jJBtZPgAAAAJ,0.011758443899452686,0.0017296362202614546,False,Tri Wrahatnolo,Siska Puspitaningsih
AYI1rosAAAAJ,wEGsLv4AAAAJ,0.011756987310945988,0.00140893436037004,False,Nurhayati,Ike Fitriyaningsih
6MXDzBQAAAAJ,C_EGqeMAAAAJ,0.011753908358514309,0.0030775449704378843,False,Lilik Anifah,Namira Roudlotul Jannah
AYI1rosAAAAJ,R9rGmc4AAAAJ,0.011753542348742485,0.0008400210062973201,False,Nurhayati,Kartika Chandra Dewi
6MXDzBQAAAAJ,iFSMsegAAAAJ,0.011752557009458542,0.0025759972631931305,False,Lilik Anifah,Elvira Wardah
AYI1rosAAAAJ,Mr22rjsAAAAJ,0.011742912232875824,0.0017302362248301506,False,Nurhayati,Hesti Khuzaimah Nurul Yusufiyah
OffRzhoAAAAJ,nVac1BcAAAAJ,0.011733907274901867,0.0019178600050508976,False,Dwi Fatrianto Suyatno,Rosita
TB0QfMoAAAAJ,ne31is4AAAAJ,0.011710865423083305,0.0026050307787954807,False,Miftahur Rohman,Danang Ary Dewangga
A9L19RMAAAAJ,C_EGqeMAAAAJ,0.011709960177540779,0.002433654386550188,False,Pradini Puspitaningayu,Namira Roudlotul Jannah
LsydBAMAAAAJ,iFSMsegAAAAJ,0.011709077283740044,0.0030572714749723673,False,Puput Wanarti Rusimamto,Elvira Wardah
BIrtbD8AAAAJ,t5f89iIAAAAJ,0.011705976910889149,0.0047187888994812965,False,Ibnu Febry Kurniawan,Andi Iwan Nurhidayat
5uDKOUMAAAAJ,nVac1BcAAAAJ,0.011705259792506695,0.0008760824566707015,False,Heri Purnawan,Rosita
L6O1lvkAAAAJ,q-sbahIAAAAJ,0.011704823933541775,0.004906889982521534,False,Tri Wrahatnolo,Ulfa Siti Nuraini
RNJ3vNQAAAAJ,VNrCn4gAAAAJ,0.011700180359184742,0.001013437518849969,False,Harmon Prayogi,Ersha Aisyah Elfaiz
RES4QIQAAAAJ,iFSMsegAAAAJ,0.011694519780576229,0.002220144495368004,False,Arif Widodo,Elvira Wardah
RvG7jG4AAAAJ,Y4YoRwUAAAAJ,0.011687053367495537,0.0019366773776710033,False,I Made Suartana,Belgis Ainatul Iza
OffRzhoAAAAJ,iFSMsegAAAAJ,0.011686221696436405,0.0030253862496465445,False,Dwi Fatrianto Suyatno,Elvira Wardah
WdhKN0sAAAAJ,Y4YoRwUAAAAJ,0.011679532937705517,0.0023161075077950954,False,Aditya Prapanca,Belgis Ainatul Iza
YADiqesAAAAJ,Yw9l51IAAAAJ,0.011679472401738167,0.0010712577495723963,False,Ekohariadi,Riza Akhsani Setyo Prayoga
A9L19RMAAAAJ,ne31is4AAAAJ,0.011678327806293964,0.0028932886198163033,False,Pradini Puspitaningayu,Danang Ary Dewangga
RES4QIQAAAAJ,ne31is4AAAAJ,0.011677870526909828,0.002147725084796548,False,Arif Widodo,Danang Ary Dewangga
9BWyE0UAAAAJ,jJBtZPgAAAAJ,0.011677490547299385,0.0016663712449371815,False,Endryansyah,Siska Puspitaningsih
6MXDzBQAAAAJ,R9rGmc4AAAAJ,0.011652923189103603,0.000878253486007452,False,Lilik Anifah,Kartika Chandra Dewi
9BWyE0UAAAAJ,C_EGqeMAAAAJ,0.011645604856312275,0.002774653257802129,False,Endryansyah,Namira Roudlotul Jannah
BIrtbD8AAAAJ,Yw9l51IAAAAJ,0.011644632555544376,0.00138442637398839,False,Ibnu Febry Kurniawan,Riza Akhsani Setyo Prayoga
RNJ3vNQAAAAJ,iFSMsegAAAAJ,0.01162111945450306,0.0019863287452608347,False,Harmon Prayogi,Elvira Wardah
AYI1rosAAAAJ,C_EGqeMAAAAJ,0.011620965786278248,0.0027022550348192453,False,Nurhayati,Namira Roudlotul Jannah
AYI1rosAAAAJ,ne31is4AAAAJ,0.011608594097197056,0.002261871239170432,False,Nurhayati,Danang Ary Dewangga
5uDKOUMAAAAJ,Yw9l51IAAAAJ,0.011607789434492588,0.0007852756534703076,False,Heri Purnawan,Riza Akhsani Setyo Prayoga
N40Vh64AAAAJ,ne31is4AAAAJ,0.011602467857301235,0.0027362501714378595,False,Raden Roro Hapsari Peni Agustin T,Danang Ary Dewangga
itwnm-AAAAAJ,rnlvOfEAAAAJ,0.011589755304157734,0.0009717561770230532,False,Achmad Fitro,Ibrohim
N40Vh64AAAAJ,ZRCJXO0AAAAJ,0.011579327285289764,0.001807575928978622,False,Raden Roro Hapsari Peni Agustin T,Riska Dhenabayu
LsydBAMAAAAJ,R9rGmc4AAAAJ,0.011573811061680317,0.0010096526239067316,False,Puput Wanarti Rusimamto,Kartika Chandra Dewi
AYI1rosAAAAJ,nVac1BcAAAAJ,0.011564492247998714,0.0006049578078091145,False,Nurhayati,Rosita
5uDKOUMAAAAJ,VNrCn4gAAAAJ,0.011556999757885933,0.0010639651445671916,False,Heri Purnawan,Ersha Aisyah Elfaiz
S6IJ51cAAAAJ,Yw9l51IAAAAJ,0.011556243523955345,0.0009261142695322633,False,Unit Three Kartini,Riza Akhsani Setyo Prayoga
OffRzhoAAAAJ,Y4YoRwUAAAAJ,0.01155298575758934,0.0012911941157653928,False,Dwi Fatrianto Suyatno,Belgis Ainatul Iza
6f4j4TYAAAAJ,R9rGmc4AAAAJ,0.011551265604794025,0.001102775800973177,False,Mahendra Widyartono,Kartika Chandra Dewi
itwnm-AAAAAJ,nVac1BcAAAAJ,0.011545572429895401,0.0008812331943772733,False,Achmad Fitro,Rosita
9BWyE0UAAAAJ,R9rGmc4AAAAJ,0.011544140987098217,0.0008790978463366628,False,Endryansyah,Kartika Chandra Dewi
RNJ3vNQAAAAJ,Yw9l51IAAAAJ,0.011535226367413998,0.0008584329043515027,False,Harmon Prayogi,Riza Akhsani Setyo Prayoga
6f4j4TYAAAAJ,VNrCn4gAAAAJ,0.01152800302952528,0.00108307262416929,False,Mahendra Widyartono,Ersha Aisyah Elfaiz
sHANI1gAAAAJ,wEGsLv4AAAAJ,0.011525725945830345,0.001357846544124186,False,Rifqi Firmansyah,Ike Fitriyaningsih
AYI1rosAAAAJ,iFSMsegAAAAJ,0.011520865373313427,0.0024125187192112207,False,Nurhayati,Elvira Wardah
OffRzhoAAAAJ,rnlvOfEAAAAJ,0.011513389647006989,0.0017815171740949154,False,Dwi Fatrianto Suyatno,Ibrohim
L6O1lvkAAAAJ,R9rGmc4AAAAJ,0.011512917466461658,0.0008409115835092962,False,Tri Wrahatnolo,Kartika Chandra Dewi
6f4j4TYAAAAJ,Yw9l51IAAAAJ,0.011512315832078457,0.0009138523600995541,False,Mahendra Widyartono,Riza Akhsani Setyo Prayoga
S6IJ51cAAAAJ,VNrCn4gAAAAJ,0.01150051411241293,0.0011297360761091113,False,Unit Three Kartini,Ersha Aisyah Elfaiz
1hm7MM8AAAAJ,VNrCn4gAAAAJ,0.011497771367430687,0.001280532218515873,False,Reza Rahmadian,Ersha Aisyah Elfaiz
lmlBHlsAAAAJ,nVac1BcAAAAJ,0.011487928219139576,0.0009900409495458007,False,Widi Aribowo,Rosita
n7IAKI0AAAAJ,rnlvOfEAAAAJ,0.011480765417218208,0.0007384794880636036,False,Joko,Ibrohim
BIrtbD8AAAAJ,ne31is4AAAAJ,0.011476010084152222,0.003191959345713258,False,Ibnu Febry Kurniawan,Danang Ary Dewangga
BIrtbD8AAAAJ,C_EGqeMAAAAJ,0.011474333703517914,0.0018390263430774212,False,Ibnu Febry Kurniawan,Namira Roudlotul Jannah
lmlBHlsAAAAJ,rnlvOfEAAAAJ,0.011474041268229485,0.001142614521086216,False,Widi Aribowo,Ibrohim
n7IAKI0AAAAJ,nVac1BcAAAAJ,0.011465683579444885,0.0006859810673631728,False,Joko,Rosita
N40Vh64AAAAJ,wwhACXoAAAAJ,0.011464255861938,0.0034898610319942236,False,Raden Roro Hapsari Peni Agustin T,M Adamu Islam Mashuri
9BWyE0UAAAAJ,Yw9l51IAAAAJ,0.011453486047685146,0.000563175359275192,False,Endryansyah,Riza Akhsani Setyo Prayoga
L6O1lvkAAAAJ,Yw9l51IAAAAJ,0.011452190577983856,0.000549250456970185,False,Tri Wrahatnolo,Riza Akhsani Setyo Prayoga
Tp_X_bYAAAAJ,nVac1BcAAAAJ,0.011426728218793869,0.000876054516993463,False,Farid Baskoro,Rosita
YADiqesAAAAJ,rnlvOfEAAAAJ,0.01142106857150793,0.001161152613349259,False,Ekohariadi,Ibrohim
9BWyE0UAAAAJ,VNrCn4gAAAAJ,0.011419114656746387,0.0006982699269428849,False,Endryansyah,Ersha Aisyah Elfaiz
TB0QfMoAAAAJ,nVac1BcAAAAJ,0.011417316272854805,0.000732320302631706,False,Miftahur Rohman,Rosita
AYI1rosAAAAJ,rnlvOfEAAAAJ,0.01141209714114666,0.0006682663224637508,False,Nurhayati,Ibrohim
aW1lSOYAAAAJ,rnlvOfEAAAAJ,0.011394965462386608,0.0015637149335816503,False,Aditya Chandra Hermawan,Ibrohim
YADiqesAAAAJ,nVac1BcAAAAJ,0.011392134241759777,0.0010898192413151264,False,Ekohariadi,Rosita
L6O1lvkAAAAJ,VNrCn4gAAAAJ,0.011389611288905144,0.0006947562214918435,False,Tri Wrahatnolo,Ersha Aisyah Elfaiz
aW1lSOYAAAAJ,nVac1BcAAAAJ,0.011371289379894733,0.001462168525904417,False,Aditya Chandra Hermawan,Rosita
j8HRV1wAAAAJ,nVac1BcAAAAJ,0.01136611308902502,0.0008375602774322033,False,Bambang Suprianto,Rosita
Tp_X_bYAAAAJ,Yw9l51IAAAAJ,0.011358586139976978,0.0007775182602927089,False,Farid Baskoro,Riza Akhsani Setyo Prayoga
TB0QfMoAAAAJ,Yw9l51IAAAAJ,0.011346935294568539,0.0006696319906041026,False,Miftahur Rohman,Riza Akhsani Setyo Prayoga
Tp_X_bYAAAAJ,rnlvOfEAAAAJ,0.011340577155351639,0.000954422343056649,False,Farid Baskoro,Ibrohim
TB0QfMoAAAAJ,rnlvOfEAAAAJ,0.011316676624119282,0.0008049735915847123,False,Miftahur Rohman,Ibrohim
6f4j4TYAAAAJ,rnlvOfEAAAAJ,0.011315763927996159,0.0009964476339519024,False,Mahendra Widyartono,Ibrohim
RES4QIQAAAAJ,nVac1BcAAAAJ,0.011312303133308887,0.0006635347963310778,False,Arif Widodo,Rosita
j8HRV1wAAAAJ,rnlvOfEAAAAJ,0.011311417445540428,0.0009425356984138489,False,Bambang Suprianto,Ibrohim
6f4j4TYAAAAJ,nVac1BcAAAAJ,0.011304455809295177,0.0009062276221811771,False,Mahendra Widyartono,Rosita
LsydBAMAAAAJ,nVac1BcAAAAJ,0.011299052275717258,0.0008560631540603936,False,Puput Wanarti Rusimamto,Rosita
Tp_X_bYAAAAJ,VNrCn4gAAAAJ,0.011288217268884182,0.000997756840661168,False,Farid Baskoro,Ersha Aisyah Elfaiz
N40Vh64AAAAJ,Yw9l51IAAAAJ,0.01127706840634346,0.001363349612802267,False,Raden Roro Hapsari Peni Agustin T,Riza Akhsani Setyo Prayoga
9BWyE0UAAAAJ,nVac1BcAAAAJ,0.011268947273492813,0.0006461663288064301,False,Endryansyah,Rosita
9BWyE0UAAAAJ,rnlvOfEAAAAJ,0.011268878355622292,0.0006952955736778677,False,Endryansyah,Ibrohim
6MXDzBQAAAAJ,Yw9l51IAAAAJ,0.011268394999206066,0.0006294274935498834,False,Lilik Anifah,Riza Akhsani Setyo Prayoga
LsydBAMAAAAJ,Yw9l51IAAAAJ,0.011267411522567272,0.0008082581334747374,False,Puput Wanarti Rusimamto,Riza Akhsani Setyo Prayoga
TB0QfMoAAAAJ,VNrCn4gAAAAJ,0.011267210356891155,0.0008410089649260044,False,Miftahur Rohman,Ersha Aisyah Elfaiz
6MXDzBQAAAAJ,nVac1BcAAAAJ,0.011263227090239525,0.0006924029439687729,False,Lilik Anifah,Rosita
AYI1rosAAAAJ,Yw9l51IAAAAJ,0.011239546351134777,0.000541532936040312,False,Nurhayati,Riza Akhsani Setyo Prayoga
RES4QIQAAAAJ,Yw9l51IAAAAJ,0.011235817335546017,0.0005655536078847945,False,Arif Widodo,Riza Akhsani Setyo Prayoga
RES4QIQAAAAJ,rnlvOfEAAAAJ,0.01122162863612175,0.0007115556509234011,False,Arif Widodo,Ibrohim
6MXDzBQAAAAJ,rnlvOfEAAAAJ,0.011218231171369553,0.0007799524464644492,False,Lilik Anifah,Ibrohim
6MXDzBQAAAAJ,VNrCn4gAAAAJ,0.011217004619538784,0.0007792627438902855,False,Lilik Anifah,Ersha Aisyah Elfaiz
RES4QIQAAAAJ,VNrCn4gAAAAJ,0.011216682381927967,0.0007315318216569722,False,Arif Widodo,Ersha Aisyah Elfaiz
LsydBAMAAAAJ,rnlvOfEAAAAJ,0.011212886311113834,0.0009350067703053355,False,Puput Wanarti Rusimamto,Ibrohim
L6O1lvkAAAAJ,nVac1BcAAAAJ,0.01120687648653984,0.0006133665447123349,False,Tri Wrahatnolo,Rosita
p1pK7E4AAAAJ,rnlvOfEAAAAJ,0.011202912777662277,0.0009631682769395411,False,Subuh Isnur Haryudo,Ibrohim
LsydBAMAAAAJ,VNrCn4gAAAAJ,0.01118564885109663,0.0009684946271590889,False,Puput Wanarti Rusimamto,Ersha Aisyah Elfaiz
L6O1lvkAAAAJ,rnlvOfEAAAAJ,0.011185449548065662,0.00067941501038149,False,Tri Wrahatnolo,Ibrohim
AYI1rosAAAAJ,VNrCn4gAAAAJ,0.011138265952467918,0.0006784567376598716,False,Nurhayati,Ersha Aisyah Elfaiz
