model,auc,average_precision,hits_at_10,mean_reciprocal_rank,average_rank
rotate knowledge graph embedding raw,0.6530148173504816,0.5056043944711173,0.11188811188811189,0.057445823187730616,2.0
ensemble rotate complex heuristics content,0.6673431463641253,0.5012753776102302,0.0979020979020979,0.04039257584669952,3.5
rotate knowledge graph embedding structural hybrid,0.6537238984791431,0.48256643211506667,0.06993006993006994,0.04798065290723643,4.125
