model,auc,average_precision,hits_at_10,mean_reciprocal_rank,average_rank
rotate knowledge graph embedding,0.6770746735781701,0.5044182906964648,0.11188811188811189,0.038101013399413235,1.75
variational graph autoencoder graphsage,0.6480512494498508,0.47833950393764224,0.09090909090909091,0.04132699138403725,2.375
relational graph convolutional network,0.6517678126069735,0.4570946209401437,0.07692307692307693,0.030732859453877066,4.125
